<?xml version="1.0" encoding="UTF-8"?>
<!DOCTYPE svg PUBLIC "-//W3C//DTD SVG 1.1//EN" "http://www.w3.org/Graphics/SVG/1.1/DTD/svg11.dtd">
<!-- Creator: CorelDRAW 2021 (64-Bit) -->
<svg xmlns="http://www.w3.org/2000/svg" xml:space="preserve" width="118.06mm" height="64.67mm" version="1.1" style="shape-rendering:geometricPrecision; text-rendering:geometricPrecision; image-rendering:optimizeQuality; fill-rule:evenodd; clip-rule:evenodd"
viewBox="0 0 118060 64670"
 xmlns:xlink="http://www.w3.org/1999/xlink"
 xmlns:xodm="http://www.corel.com/coreldraw/odm/2003">
 <defs>
  <style type="text/css">
   <![CDATA[
    .fil0 {fill:#ced2d0}
    .fil1 {fill:#939798;fill-rule:nonzero}
   ]]>
  </style>
 </defs>
 <g id="Layer_x0020_1">
  <metadata id="CorelCorpID_0Corel-Layer"/>
  <polygon id="A" class="fil0" points="-69,7.7 117990.8,7.7 117990.8,64677.7 -69,64677.7 ">
   <metadata id="CorelCorpID_1">
    <xodm:odm xodm:name="FillColor" xodm:value="A" xodm:type="0"/>
   </metadata>
  </polygon>
  <path id="B" class="fil1" d="M86328.1 59548c-17.2,-17.4 -37.9,-51.3 -50.8,-48.4 -36.5,8 -69.4,31 -104,48.4 17,16.9 37.9,51.2 51,48.2 36.3,-7.9 69.3,-30.9 103.8,-48.2zm-1589.7 -2496.9c33.1,313.5 2.8,688.3 273.4,1026.4 157.4,0 334,-5.7 510.7,2.3 117.2,4.9 349,-33.7 323.5,81.5 -71.8,317.5 458,159.2 330,477.5 -58.1,145.7 100.9,212 152.8,318.4 135.8,278.6 272,290.6 456.2,8.5 71.9,-110.7 152.1,-145.1 237.8,-106.6 101.1,46.5 89.5,150.3 50.7,257.1 -118.4,322 -47,515.7 215.4,498.1 366.7,-24 741.6,129.1 1110.8,-98.2 125.1,-77 431.9,-215.3 559.5,109.1 -154.1,68.4 -438.6,-185.3 -468.9,199.5 -10.7,135.1 -143.2,123.3 -240,107.6 -227.4,-35.7 -353.6,24.7 -425.5,272.9 -65.7,225.5 -284.4,298.6 -503.5,405.5 -241.1,117.5 -432.8,35.2 -604.2,102.4 -155,-159.4 7.3,-351.1 -144.8,-458.2 -155.6,45.2 -23.8,247.3 -175.2,290.1 -172.1,-188.6 -105.9,-554.7 -471.6,-640.4 -133.8,-31.4 -77.9,-241.3 -50.3,-347.5 27.6,-106.4 193.9,-167.5 113.6,-378.1l-837.6 0c-132.5,-352 -82.4,-591.1 254.7,-737.8 -220,-108 -427.8,-25.7 -625.5,-54.2 -23.3,-116.9 76.9,-296.3 -154.5,-309.5 114.9,-317.5 -419.7,-308.1 -313,-632.5 85.2,-259.8 -120,-464.9 -173,-700 -9.4,-42.1 -67.5,-75.3 -105.8,-109.4 -54.7,-48.7 -92,-114 -188.6,-109.3 -151.6,7.2 -147.4,105.4 -148.5,208.9 -0.4,51.9 13.8,108 -2.7,154.1 -60.9,169.2 -210.6,97.7 -325.2,101.7 -149,5.3 -106,-126.9 -142.6,-212.2 -95,-220.6 274.2,-267.2 145.7,-484.3 -80.8,-193 -498.5,98.9 -464.7,-315.2 5.4,-71.1 -131.1,-94 -193.7,-64.4 -350.5,165.7 -362.5,-320.4 -633.2,-321.5 -78.4,0 -71.5,-151.6 -6.7,-137.1 297,66.3 203.3,-486.3 560.8,-329.1 123.2,54.3 94,-132.9 141.6,-201.5 125.6,-182.8 266.6,-412.3 523.7,-118.5 51.5,58.6 200.7,-6.2 246.1,140.1 -31.2,190.8 -254.3,360.3 -127.9,611.6 104,93.1 237.8,30.3 359.6,40.1 295.1,24.7 654.4,-122.2 786,311.9 397.9,-78.3 400.3,172.3 370.3,447.1 -9.6,88.6 28,156.1 106.9,167.9 101.7,15.4 212.8,6.2 203.2,-146.5 -9.6,-147.9 88.9,-171.9 195.5,-155.9 138.9,20.7 123.1,138.5 113.3,237.2 -16.4,159.4 86.4,303.6 199.8,212.4 284.7,-229.8 402.8,28.2 572.8,139.8 29,19.4 8.3,109.8 38.1,134 393.7,317.7 348.9,338 485,623.9 113.9,240.2 -100.7,324.8 -118.5,515.9 -115.6,-349.3 -425,-408.6 -701.8,-534.4 -7.3,-168.1 -14.9,-341.7 -22.5,-505.2 -133.3,-74.3 -148.3,28.8 -138,82.4 52.5,268.3 -352.7,74.4 -315.8,323.5 22.1,145 -83.7,172.8 -191.6,157.4 -139.9,-20 -95.3,-143.1 -120.3,-235.3 -66.1,-240.5 118.2,-414.1 191.3,-590.9 -392.3,-310.6 -442.4,145.1 -693.1,266.9 71.9,-313 71,-566.8 -55.2,-818.7 -57.3,255.4 -89.6,509.9 55.2,818.7zm28984.4 -52989.4c-175.7,292 -255,565.1 -14.7,886.7 74.8,100.4 79.4,207.2 238.6,199.4 331.1,-17.1 583.6,93.6 749.9,412.4 56.1,107.3 231.1,96.9 261.6,-89.1 11.6,-72.6 9.8,-137.8 100.2,-151.2 265.7,465.2 -224.9,699.9 -321,1055 -302.8,-106.7 -151.9,351.1 -395.4,317.9 -6.3,-403.4 0.4,-410.6 -371.6,-749.6 -105.2,-96 -60.8,-237.8 -145.5,-324.9 -164.1,46.1 -59,223.1 -171.2,299 -118,79.1 -198.4,261.7 -372.3,99.8 -126.2,-117.6 -304.3,-236.2 -83.2,-423.7 123.6,-104.7 16.5,-243.2 77,-356 -186.8,-159 -387.8,-74.7 -582.9,-78.6 -43.2,314.3 -266.5,581.7 -207.9,915 -164.3,-22.4 -266.5,-230.6 -463.8,-154.9 -13.2,-290.8 152.7,-508.6 327.1,-703.6 168.1,-188.8 187.2,-421.3 343,-631.4 -299.8,-87.6 -504.9,-147.2 -551,202.4 -11.1,83 -132.3,56.1 -199.7,39.1 -32.7,-8.2 -80.8,-89.5 -69.9,-114.9 148.9,-343 309,-681.7 4.9,-1026.1 149.1,-399.5 -250.3,-613 -318.2,-939 -5.3,-24.7 -0.7,-51 2.5,-76.6 120.8,0 249.5,21.6 366.6,-6.4 113.6,-26.5 128.1,-152.5 76.9,-235.4 -78,-127.6 -226.3,-71.4 -338.9,-61.6 -127.1,11.1 -113.6,131.8 -104.6,303.4 -80.4,0 -222,12.5 -224.7,-2 -65.2,-334 -301.3,-338.4 -560.9,-308.1 -93.3,10.7 -134,-45.4 -146.3,-129.8 -12.7,-84.6 24.8,-175.7 97.3,-173.3 331.1,10.9 209.6,-236.6 201.3,-377.3 -6.4,-110 -214,-130.3 -229.7,-69.3 -101.8,393.7 -378.3,293.5 -635.7,265.2 -19,-51.4 -41.9,-94.2 -51,-140.1 -38.7,-195.5 106.8,-505.8 -67.2,-566.8 -209.1,-73.3 -198.7,-302.2 -311.6,-327.6 -322.1,-74.1 -319.4,-181.2 -116.6,-389.1 64.8,-66.2 -1.8,-201.5 112,-253.9 125.6,79.5 29.1,339.6 320.8,321.7 245.4,-15.3 161.5,-231.5 261.8,-281.1 87.4,-42.9 100.2,-134.2 104.4,-229.6l960.8 0c-250.6,50.2 -513.3,54.1 -731.2,192.1 -75.7,48.3 -82.6,128.3 -65.9,201.1 9.1,38.8 57.2,88.8 95.8,97.5 167.6,37.9 355.3,-67.2 510.3,67.5 65.2,239.6 -278.5,379 -125.8,656.6 143.1,149.6 372,-17.4 549.7,81.5 109.1,269.2 209.1,543.5 433.1,749 87.7,-120.2 243.5,-174.6 244.5,-367.6 0.6,-117.1 147.6,-133.2 234.8,-79.9 100.3,61 94.9,164.9 19.6,258.4 -45.4,56.1 -133.8,88 -109.9,254.1 -34.8,33.8 74.7,-87.3 -70.8,-63.5 -31.9,4.7 -79.6,67.5 -77.7,101.6 3,64.1 37.6,126.7 58.9,189.9 72.8,-25.4 101.8,-77 89.6,-228 147.4,-48.1 304.7,-115.6 489.3,17.3 -150.5,198.7 -56.3,577 -510.5,538 -264.5,-22.5 20.9,410.8 -328.4,329.7 138.3,178.2 277.2,107.4 395.8,132.5 78.9,16.9 157,105.3 104.3,159.7 -249.6,257.6 -50.3,480.7 71.7,766.5l1171.6 0zm-24144.4 -1392.9c0,-153.8 -6,-307.9 2.4,-461.1 4.9,-95.7 -41.6,-140.2 -121.1,-156.3 -78.8,-16.4 -182.1,11.6 -183.3,83.3 -3.1,155.9 -69.6,291.4 -204.3,211.1 -131.4,-78.4 -254.1,-276.4 -184,-443.5 93.1,-222.3 93.4,-416.9 12.8,-637.1 -94.2,62.8 -86.9,138.5 -100.2,212.7 -14.3,78.6 -76.2,117.1 -165.5,109.1 -89.9,-7.6 -138.5,-49 -139.4,-137.2 -2.6,-199.9 -0.9,-399.7 -0.9,-649.5 -198.3,94 -153.1,409.9 -419.9,324.5 -161.4,-51.3 -354.7,70.8 -523,-91.1 71.5,-271.7 200,-496.5 472.7,-636.6 40.5,-21.1 -5.3,-196.6 142.9,-205.3 130.8,-7.1 129.4,91.5 182.2,175 136.5,215.6 300.1,202 445.5,-59 92.4,-165.6 208.8,-92.8 318.8,-115.3 -80.5,201.9 153.5,304.6 151.4,476.3 -1.5,146.4 -205.7,220.1 -155.2,400.3 19.7,70.6 -1.1,190.1 75.7,195.2 707.9,43.9 511.7,578 548.5,987.3 1.7,22.3 20.6,42.5 49.6,97.1 151.6,-61.7 97.7,-391.7 364.5,-303.3 161.2,53.5 356.2,-69.5 538.4,101.3 -131,267.9 -276.3,540.8 -399,823.6 -79.3,182.6 -296.8,400.6 134.4,494.7 110.5,24.5 160.4,324 239.6,496.8 34.1,75.4 107.3,77.7 174.6,106.4 267.4,114.9 -19.8,-426.2 289.4,-236.2 -39.6,322.4 203.1,207.5 356.3,227.7 19.4,2.7 42.5,-19.8 92.4,-45.8 -15,-198.6 85,-398.8 -94.4,-619.5 -226.7,-278.9 -247.9,-632 -177.7,-981.2 167.7,-116.7 352.7,-6.9 515.6,-70.6 62.9,124.7 113.2,233.4 171.3,337.6 106,189.3 161.2,425.5 184.6,608.3 20.9,165.6 -138.1,398.7 -119.4,626.5 7.8,94.2 -65.5,106.7 -126.7,151.4 -325.1,236.9 -321.3,242.1 -315.3,716.9 109.8,147.5 331.1,-54.1 411.3,109.6 62.8,129.1 38.3,269.2 -44.8,420.1 -131.5,239.4 -376.9,368.3 -511.9,599.9 -25.6,43.4 -188.8,6 -312.3,6 -20.1,-215.6 -106,-420.8 31.1,-593.8 179.9,-226.3 -20.9,-176.4 -119.3,-176.8 -248.9,-0.5 -353.6,-78.2 -174.1,-305.7 69.4,-88.4 104.6,-163.7 21.1,-323.8 -195.5,81.3 -523.2,-195.7 -605.4,273.3 -3.9,21.8 -138.9,44.7 -198.5,25.6 -86.7,-27.5 -93.1,-174.6 -63.1,-191.1 245.8,-135.6 49.4,-450.9 255.4,-597.4 31.8,-22.7 41.4,-85.5 48.6,-131.8 38.7,-241.1 -352.3,-52.3 -315.8,-322.4 18.5,-138.9 57.5,-423.5 -59.7,-412.6 -436.6,41 -65.8,-502.9 -396.9,-493.6zm-12199.8 34101.9c108.7,-137.2 122.5,-33.7 179.2,35.6 28.8,36.1 166.3,43.2 196,10.5 119.1,-133 94.4,-521.1 -65.3,-575.4 -163.2,-55.6 -205.3,-120.9 -181.2,-258.5 54.8,-315.3 -79.1,-575.3 -246.5,-867.9 -43.8,438 -355.3,327.5 -607.8,335.1 -100.6,3.4 -214,-20.9 -229.6,124.3 -12.7,115.7 28.3,191.7 165.5,189 63.2,-0.9 187.4,42 94.8,105.3 -139.1,95.3 -31.6,318.6 -222.4,355.3 -78.2,15.2 -174.1,-4.9 -189.9,-81.9 -70.9,-348.9 -609.4,-610.9 -188.9,-1056.9 110.7,-118 -7.1,-240.1 -110.6,-311.5 -239.2,-164.5 -175.4,-409.2 -159.7,-625.7 7.9,-106.9 227.4,-118.4 232.3,-65 35.1,352.9 286.5,279.2 499.8,283.9 115.3,2.4 193.7,29.6 188,167.7 -6.1,150.5 -110.5,136 -212.2,147.1 -30.5,3.4 -55.9,57.5 -85.6,90.2 164.2,122.7 348.3,55.5 519.9,56.5 423.8,2.9 479.7,21 752.2,274.1 40.1,37.4 138.7,30.5 204.2,16.5 134,-28.2 -37.9,-264.9 164.3,-256.2 17.3,1.1 42.5,33.4 47.8,55 69.3,296.1 466,384.9 459.8,720.4 -1.1,60.1 -69.9,149.2 -128,172.2 -337.1,132.7 -407.5,367.3 -288.8,692.2 210.9,20 35.9,-215.5 161.6,-248.3 170.4,554.9 164.4,659.3 -266.9,722.8 -289.9,43.4 -232,425.4 -530.4,396.9 -39.1,-3.8 -41.6,225.6 60.2,233.2 181,13.8 330.1,111.9 480.2,142 214.9,43 356,57.5 423.3,296.1 13.6,48.3 226.9,40.6 348.4,58.4 125.4,161 2.9,348.6 129.2,631.9 31.4,49.2 217.1,-91.8 349.1,-5.4 71.9,129.2 -111.4,134.9 -112.5,225.1 -1.5,102.9 0.2,205.8 -0.6,308.6 -2.2,267.9 -419.5,227.6 -386.8,521 -120.7,-23.8 -256.2,52.8 -377.2,-61.4 -64.8,-246.9 180.6,-372.7 245.9,-572.5 83.9,-254.2 37.2,-347.5 -268.1,-356.7 -181.5,-5.8 -328.2,-124.7 -527.3,-112.9 -113.7,6.1 -97.7,-182.8 2.1,-298.1 123.8,-143.2 133.5,-309 -102.3,-290.5 -248,19.6 -237.5,-215.8 -345.3,-269 -179,-88.2 -298.1,-145.9 -252.5,-360.5 39.2,-185.7 -198.6,-232.4 -202.1,-418.1 -1.2,-77.3 -187.7,-82.2 -243.2,19.6 -91.1,165.4 -145.6,351.1 -228,522.3 -12.7,26.1 -92.8,35.9 -136.9,27 -42.8,-8.5 -103.8,-42.6 -114.9,-78.4 -72.4,-238.5 5.8,-585.1 222.7,-662 171,-61 219.5,-123.3 267.8,-278.1 31.8,-103.1 165.9,-94.4 252.7,-9.1 256.3,253.4 255.4,254.3 364.5,184.2 -169.2,264.5 -189.7,319.7 -183.9,393.6 3.6,47.9 -12.7,132.5 2.9,138.3 83.7,30 138.9,-31.4 147.8,-101.4 8,-61.8 -25.1,-128.8 33.2,-430.5zm34479.5 -4913.5c100.8,-140.5 245.3,-56.8 357.5,-94.7 209.8,-71.4 152.7,-320.6 97.1,-379.1 -403.2,-424.2 -261.4,-933.6 -297.7,-1397.9 141.9,-127.7 151.8,-2 155.9,48.1 8.4,116.9 37.4,193.3 173.6,185.7 75.5,-4.4 151.6,-1.1 252.3,-1.1 44.5,223.1 73.5,416.2 -35.4,646.8 -51,108.5 34.7,357.2 211.5,426.9 94,37.1 298.8,75 319.8,-88.6 25.5,-199.3 231.9,-312.7 181.4,-556.2 -37.2,-179.7 183.9,-96 294.1,-119.2 42.1,401 -274.7,757 -125.1,1195.2 235.4,297.3 565.5,-257.3 824.7,43.2 376.3,-176.7 410.3,482.9 795.3,308 85.3,284.3 124.5,549.2 -153.8,747 -129.9,92.4 -92,220.8 -105.3,344.4 -20.8,197.5 62.5,405.7 -39.2,583.4 -329.1,150.2 -202.9,-228.5 -337.4,-262.3 -164.7,-41.7 -344.4,-25.7 -571.1,-37.2 98,-331.1 -85,-587.6 -130.2,-873.9 -16.9,-109.6 -31,-225.6 -165.2,-186.2 -419,123.4 -500.8,-201.2 -602.5,-460.4 -45.2,-116.2 -81.7,-174.3 -196.2,-160.6 -81.5,9.6 -91,87.3 -130.7,147.4 -276.1,565.6 -577.1,236 -773.4,-58.7zm-21660.8 21422.4c0,179.2 -13.3,360.1 3,537.9 33.3,366.3 -63.7,680.5 -323.4,943.7 -163.1,165.1 -305.7,309.9 79.3,385.6 147.2,28.5 56.1,221.5 89.8,334.4 43.8,144.9 -148.8,376.7 151.3,429.5 21.4,110 -71.6,279.2 117.2,305.3 258.2,35.6 179.7,-169.9 192.5,-305.3 317.8,72.1 580.3,513.6 433.6,727.6 -37.9,55.3 -64,0 -109.6,-6.9 -379.4,-60.5 -692,111.4 -781.7,443.5 -38.8,142.3 -6.5,303.3 -6.5,453.4 85.7,217 434.9,-85.5 464.2,240l-576 0c-73,-433.9 -73,-433.9 -467.7,-497.6 -108,-268.3 -32.1,-509.9 118.6,-740.8 120.3,0 249.2,21.6 366.5,-6.2 113.4,-26.8 128,-152.6 77.1,-235.8 -78.6,-127.4 -226.5,-71.3 -339.4,-61.5 -127.1,11.1 -113.5,131.6 -104.2,303.5 -152.9,0 -302.1,3.5 -451.3,-0.7 -320.6,-9.3 -501.8,-317 -364.2,-650.6 61.2,-148.3 15.8,-289.4 38,-432.1l487.2 0c-99.7,-379.9 24.9,-646.4 281.6,-866.8 36.6,-31.6 5,-142.5 60.4,-366.5 -41.6,-123.8 -61.9,-68.3 -55.9,5.8 3.6,47.7 -12.3,132.5 2.9,138 83.3,29.9 138.9,-31.4 147.9,-101.3 7.9,-61.7 -25,-129.1 -94.9,-42.5 -291.4,140.7 -540.6,90.8 -586.9,445.1 -35.6,273.6 -259.2,494.5 -242.3,788.2 -343.8,-47.2 -450,201.3 -546.4,597.1 -47.2,-598 -422.3,-374.9 -639,-466.4 -34.2,-320.7 289.2,-403.3 413.1,-619.7 181.8,-317.9 524.8,6.1 772.3,-222.2 0,-106 8.5,-256.9 -2,-406.3 -16.9,-245.4 122.5,-565.8 -284.5,-639.3 -4.2,-199 -51.9,-380.2 -172.4,-546.8 -45.8,-63.2 17.9,-145.8 95.8,-169.2 43.8,-13.6 140.3,5.6 140.5,12.5 11.3,333.1 273.9,273.8 476.9,322.1 93.3,22.1 22.1,150.5 60.4,200.2 93.2,120.9 206.8,121.1 304.5,-9.1 186,-247.4 135.8,-558.9 180.6,-853.5 159.4,80 126,187.1 128.3,281.7 2.6,99.3 0.6,199.1 0.6,283.4 160.6,115.8 317.7,48.2 464.2,68.6zm-786.6 -11041.7c-26.3,-85.7 4.3,-734.3 7.6,-876.8 3.5,-145.9 52.8,-303.7 -55,-451.6 -169.4,27.4 -14,304.2 -227.8,301.5 -114.4,-1.6 -282.8,-69.9 -322.6,98.4 -25.6,108.9 -45.9,241.8 58.1,357.6 171.7,191.9 144.5,314.4 -144,323.1 -28.1,0.9 -74.9,125.5 -71.7,190.5 4.4,78.2 71,124.7 161.4,110.2 195.9,-30.9 405.2,62.8 594,-52.9zm-1225.2 -2578.1l0 -906.9c116.2,-9.6 190.1,-27.6 260.5,-18.5 68.3,8.5 171.2,28.1 190.8,72.8 39.2,87.8 31.8,196.2 -98.7,233.4 -342.4,97.5 -347.3,201.3 -4.6,309.3 77,24.4 154,74.8 112.6,156.2 -169.9,337.2 -69,514.6 267.9,682.2 127.1,63.1 127.5,475 223.7,-10.6 290.1,-38.1 352.5,-546.6 750.1,-363.4 0,77.1 24.8,210.6 -3.5,222.7 -490.9,213.3 -356.5,545.7 -193.7,898.4 238,514.3 416.6,1041.1 358.9,1626.6 -18.9,187.5 -29.8,374.3 104.9,575.1 78.3,116.3 247.6,498.3 -197.3,564.3 -111.8,16.6 -76.2,177.2 -65.9,271.1 32.5,300 -85.3,543.6 -255.8,772 -90,-53.7 -72,-145.6 -53.2,-209.1 171.4,-591.1 -367.9,-930.4 -502.3,-1413.8 -36.5,-132.5 -238,-66.2 -350.7,-47.9 -134.5,21.6 -20.5,240.9 -178.6,293.4 -121.6,-227.7 -12.7,-491.3 -78.8,-766.3 -430.8,228.7 -421.5,-542 -828.5,-295.3 -134.2,-196.3 -53.6,-379.3 -84.8,-604 364.2,1.3 662.1,-276.5 1057.6,-170.3 66.6,-367.6 78.4,-697.4 -129.4,-960.1 -162.7,-205.5 -134.7,-415.3 -148.3,-635.7 -6.9,-112 58.6,-274 -152.9,-275.6zm23989.8 4488.2l0 619c-210.2,-48.4 -613.8,-430.9 -617.8,-595 -6,-239.1 74.3,-519.4 -300.9,-555.9 16.3,-213.1 -362.4,-396.3 -25.1,-657.5 68.1,-52.6 -158.3,-357.1 14.9,-545.7 -349.5,-343.3 40.1,-551.7 128.9,-861.7 -82.3,-140.9 -579.3,128.3 -373.3,-499.4 0,-157 -82.2,-118.4 -61.1,8 8.1,49.2 -77.9,152.5 69.5,149.7 129.6,-2.1 248,1.3 236.4,-178.8 -5.3,-83.6 -48.9,-128.7 -244.8,21.1 -237,159.4 -494.1,131.8 -330.7,410.6 101.7,173 133.8,306.6 58.4,518.7 -340,0 -695,2.5 -1050.1,-3.1 -42.3,-0.2 -84.2,-41.8 -122,-62.3 -63,-156.7 51,-306.2 140.1,-307.1 317,-2.8 280.9,-550.4 680.2,-420.5 29.8,9.8 228.8,-364.1 214.2,-374.8 -310.6,-227.1 73.9,-398.5 40.5,-600.9 -170.1,-160.5 -380.8,-69.2 -570.2,-85 -202.7,-16.3 -407.5,-3.4 -678.9,-3.4 62.1,276.1 -81,525 94.8,802.9 126.7,201.1 -248.2,757 -468,728.5 -79.9,-10.2 -162.3,-116.6 -214.8,-197.7 -58.2,-90 -44.3,-229.1 67.6,-240.9 159,-16.7 224.3,-56.4 219.3,-223.1 -9.5,-308.1 -4.4,-616.7 -1.9,-925.1 1.1,-114 317,-424.2 407.6,-378.8 603.7,301.5 1252.2,5 1928.4,171.3 -181.7,325.5 287.2,627.2 7.1,981.4 277.3,295.7 -4.6,746.3 287.3,1037.8 -121.8,391.8 289.4,479.1 441.7,704.5 69.5,102.2 332.4,147.3 319.1,335.3 -10.7,153.2 -113.3,318.4 -216.7,443.7 -293.2,353.2 -306.8,393.9 -79.7,784.2zm4698.2 -41938.3c-302.8,149.6 -550,149.6 -769.1,149.6 -144,-231.5 23.6,-310.5 120.1,-409.4 111.9,-113.6 230.2,-255.8 38.9,-348.5 -91.9,-44.7 -362,-146.9 -381.1,178.4 -10.7,184.8 -192.7,94.2 -302.2,115.3 75,-216.4 -190.3,-341.7 -157.6,-535.7 118.6,-168.7 307.7,-12 444,-134.9 -68.4,-134.3 -108.7,-315.3 -221.2,-397 -64.7,-47 -333,-123.8 -368.4,106.6 -55.9,367.9 -427.8,132.5 -513.3,377.4 -163.6,-154.9 -91,-291 -111.9,-410.5 235.8,-32.8 296.3,-382.1 428.8,-374.8 310.1,16.8 451.1,-134.7 644.5,-318.8 87.9,-83.7 382.9,20.9 232.3,-199.7l557.9 0c-2.7,134.9 -83.7,185.3 -247.7,207.5 -96.2,12.7 -108.9,224.9 -24.3,239.4 399.6,67.9 234.2,364.4 272,625.2 249.2,96.6 560.3,118 819.4,157.6 306.2,46.5 216.7,476.3 529.3,387.6 12.7,148.8 50,300.4 33.1,446.2 -45.2,396.3 -266.9,716.7 -504,1021.1 -68.4,88 -247.2,57 -246.1,-30.1 3.1,-253.8 -61.2,-419.4 -326.4,-481.5 -16.9,-3.6 -2.2,-144.5 53,-371 -41.2,-123.6 -61.5,-68.5 -55.9,5.4 3.6,48 -12.2,132.5 2.9,138.2 83.3,29.9 138.9,-31.3 147.9,-101.3 8,-61.9 -24.8,-128.7 -94.9,-42.3zm-1571 18458.1c685.5,-53.9 779.9,-113.1 1200.9,-747.2 -309.9,-294.6 -584.6,290.7 -948,-9.8 327.8,-22.9 349.1,-488.7 732.1,-382.5 86.2,-301.1 336.2,-529.1 375.4,-850.4 9.1,-73 -20.5,-156.3 115.5,-237.3 2.2,280.1 121.4,505.6 224.2,735.7 81.3,182.1 380.3,-105.2 435.1,180.3 31.6,166.3 -253.8,252.2 -147.6,394.8 312.3,421.6 115.8,788.6 -78,1180.5 -120,0 -246.7,-1.6 -373.6,0.4 -615.1,11.3 -627.8,26.1 -611.1,752.1 162.5,-31.8 386.3,196 447.5,-183.4 25.8,-159.7 123.3,-95.3 142.9,38 3.6,25.2 -10.4,59.2 2,76.4 141.6,192.4 478.8,-20.9 573.8,277.9 103.5,325.5 6.2,656.4 53,988.6 -338.9,168 -567.5,-30.8 -779.3,-215.3 -196.1,-171.3 -177,-183.5 -315.3,20.6 -64.5,94.9 -152.5,174.2 -246.2,278.1 -195.1,-397 256.9,-689.3 50.7,-1059.3 -270.2,-171.5 -419.9,-33.2 -503.6,285.8 -67.2,-161.1 -181.7,-309.5 -169,-446.8 8.7,-98.2 184.1,-221.1 41.4,-311.5 -183,-116.5 -194.6,47.6 -278.7,186.8 -99.8,166.1 -361.2,109.3 -550.8,41.4 -30.3,-10.7 -36.8,-190.6 -28.6,-192.6 203.8,-53 323.1,-181.2 371.2,-382.1 386.8,48.4 147.6,-297.8 264.1,-419.2zm-38260.8 -4428.1c277.4,56.5 433.8,-39.2 568.2,-309.7 77.1,-155.9 -78.5,-405 155,-454 159.7,-33.6 253.2,-86 198,-231.8 -55.9,-149.4 -223.2,-61.4 -338.7,-90.4 -259,-64.6 -249.6,162.3 -332.7,296.2 -201.4,-89.1 -57.4,-261.5 -90.1,-389.3 -24.5,-95.5 5.6,-206.6 -143.9,-214.8 -134.4,-7.3 -146.5,73 -177.6,182.3 -47.7,170.6 -333.6,129.9 -350.1,388.3 -7.1,103.1 -360.7,61.1 -410.1,-84.3 -61.4,-179.7 -342.2,-372.3 -11.1,-572.5 25.8,-15.5 -18,-132.2 -42.5,-204.4 -95.3,-284.8 -301.7,15.2 -459.1,-108 -142.1,-111.1 -7.6,-398.9 -289,-376.7 -398.4,32.1 -396.4,-301.9 -433.1,-542.4 -42.5,-277 -10.2,-565.1 -10.2,-848.5 213.9,31.4 354,-18.3 310.5,-276.8 -13.8,-81.4 11.8,-164.9 90.2,-182.3 96.7,-22.1 227.4,-17.2 214.4,129.1 -22.5,255 253.9,108 308.4,246.9 -42,74.4 -117.3,66.2 -185.9,87.8 -169.6,53.2 -167.2,177.9 -57.9,284.1 531.7,518.3 779.7,926.4 924.9,1573.7 459.1,-48.3 942.3,118.2 1370.6,-167.5 217.4,92.4 69.1,280.1 140.3,418 94.2,104.8 230.2,36.7 351.1,53.2 271.5,38.5 462.9,412.1 319.3,626.5 -69.6,102.4 -224.9,143.9 -223.7,292.8 1.5,141.4 -78.4,170.8 -192,164.3 -195,-11.3 -60.1,-227.1 -211,-309.4 -109.6,179.2 -128.7,427.2 -39.2,541.9 261.6,335.7 65.7,694.7 126.4,1034.4 13.4,78 -50.5,126.7 -145.3,129.8 -95.3,2.7 -145,-40.3 -157.7,-120.9 -11.8,-75.5 1.6,-154.5 -3.6,-231.5 -7.3,-115.8 47.7,-270.5 -160.9,-270.8 -152.1,-0.2 -134,106.7 -152.5,206.7 -12.1,67.6 -125.6,137.1 -130.1,34.5 -12.9,-290.1 -556.1,-319.5 -329.3,-704.5zm29406.8 19550.4c160.7,29.1 288.5,-30.3 394.8,-147.2 155.3,109.4 -3.8,299.5 132,444.9l1238.8 0c133.4,105.7 94.4,247.4 179.7,353.5 83.9,105.2 237.8,279.3 145.4,407.9 -82.4,114 -2.9,410.9 -302.8,339.4 -18.9,-4.3 -87.1,77.4 -80.6,106.6 42.1,175.5 -225.3,221.3 -114,482.1 102.6,164.9 394.1,-94.5 559.3,87.9 -267.4,92.6 -350.7,333.6 -459.3,566.7 69,214.2 358.4,144.4 442.4,341.5 45.6,106.4 54.5,210.6 -47,258.1 -85.5,39.8 -210.4,31.3 -228.4,-110 -9.4,-75.3 -11.9,-143.9 -86.7,-184 -281.9,611.5 -281.9,611.5 -692.2,535.5 7.4,-350.7 477.8,-590.7 247.4,-1014.6 -98.9,166.6 -109.4,404.8 -403.3,324.4 -143.5,-39.4 -307,-6.5 -461,-6.5 0,-50.7 6.4,-102.2 -2.1,-151.4 -7.8,-45.4 -24.5,-119.9 -50,-125.7 -95.1,-21.6 -106.7,50 -103.4,125.1 2.5,50.8 0.9,101.3 0.9,152 -221.7,-379.6 -229.3,-627.2 46.1,-720.4 228.9,-77.7 400.3,-163.9 542.6,-355.9 35.2,-47.6 189.3,-7.5 273.9,-7.5 210.6,-354.2 -184.6,-699.8 102.8,-1033.6 -356,-89.7 -631,-138.4 -746.3,265.7 -17.3,60.8 -102,130.9 -166.8,143.8 -412.1,85.3 -189.7,240.2 -56.1,399 25,30 3.8,99.3 3.8,187.9l-888.2 0c-115.9,-296.4 -57.8,-532.3 250.1,-678.6 -107.1,-112.7 -244,-30.6 -368.1,-59.1 -147.4,-117.1 -82.5,-286.7 -69.2,-424.8 17.1,-176.7 -228.2,-222 -138.7,-461.5 229.6,-2.3 525.7,-233.1 648.8,234.7 5.3,20 145,33.8 198.2,5.7 114.6,-61.6 36.3,-186.5 57.2,-281.6zm-3596.8 28887.6c79.5,-144 76.3,-296.6 -16.4,-363.7 -157.4,-114.4 -367.2,-94.4 -499,137.6 -190.1,-400.8 196.9,-632.5 84.6,-1029.5 436.9,477.3 735,-40.8 1054.7,39.8 141.4,-239.1 -104.2,-330.4 -145.1,-496.5 -85.5,-348.7 -136.9,-336 272.5,-572.4 116.2,245.6 75.5,505.6 48.3,742.8 -24.9,221 257.9,430.6 11.2,645.2 0,298.4 -9.5,597.8 -14.7,896.7l-796.1 0zm-26103.7 -8214.2l-1240.3 0c173,-159.6 91.7,-476.2 416.6,-462.8 81,3.3 73.7,-131.9 54.5,-197.5 -23.4,-78 -106.7,-95.3 -187.3,-86.6 -114.4,12.7 -244.2,-45 -279.2,158.9 -39.8,230.7 316.6,-513.2 -524.3,-840.3 278.7,2.7 497.4,-535.9 507.8,-897.7 -252.2,99.5 -563.5,-179.4 -662.8,286.3 -17.3,80.2 -419,118.9 -423.4,-82.1 -1.2,-45.9 12.8,-126 37.4,-133.6 310.8,-94.6 412.1,-478.5 779.5,-525.2 175.9,-22.3 191.4,-228.7 -30.5,-285.1 -122.5,-31.6 -180.6,-70.7 -168.2,-190.5 8.7,-83.5 53.3,-142.1 149.4,-126 95.6,16 230.9,-59.7 282.6,53.2 104.6,229.3 224.4,454.4 224.7,735.8 136.2,-81.3 103.3,-165.2 117.5,-236.6 23.4,-119.9 451.8,-583.8 507.6,-549.8 348.3,212.9 -178.7,354.9 -51.2,569.5 58.1,97.1 -81,169.9 -115.7,255 -91.5,226.9 -257.6,434 -49.5,720.9 97.6,135.4 16.7,400.2 16.7,606.5 0,283.3 500.5,262.5 490.8,545.5 -8.7,252.3 270.3,436.9 147.3,682.2zm26315.3 -45322.1c-53.5,-44.8 -95.7,-110 -137.2,-109.7 -197.2,1.5 -305,125.3 -343.3,307.9 -7.6,37.1 23.2,112.6 51,120.9 62.3,18.5 147,29.8 199.5,0.9 112.7,-61.1 3.6,-252.7 230,-320zm599.1 -2900.5c244.1,-34 88.2,408.1 398.8,331.1 64.1,-15.6 115.1,187.3 22.3,243.8 -299.1,182.1 -286.4,462.9 -262.8,743 25.7,309.7 -152.3,558 -238.2,830.9 -37.6,119.4 -182.1,305.3 -180.3,377.2 11.8,485.6 85.7,969.7 139.8,1454.4 286.5,-26.1 262.9,470 614.1,360.5 95.3,-30.1 282.9,-68.6 277.2,141.1 -6.9,259.8 -219.8,125.4 -343.8,161.4 -23,6.2 -44.5,17.2 -102.9,40.8 -42.7,326.1 -54.3,660.1 164.1,939.4 -166.5,178.3 -314.1,45.8 -488.3,147.3 0,-287.4 2.7,-488.5 -0.6,-689.7 -1.6,-97.6 32.3,-208.2 -71.9,-278.3 -268.1,-180.6 -278.4,-455.4 -206.2,-764 -232.9,25.9 -427.9,-164.7 -516.4,195.5 -48,195.5 -349.5,77.1 -576.2,84.2 -36.3,-344.3 -87.3,-682.4 186,-985.3 -431.5,-75.2 -431.5,-75.2 -582.7,213.4 -309.8,-239.2 -72.8,-625 -239.6,-907.4 -44.1,-74.6 51.6,-179.9 103.1,-155.1 168.3,81.2 511.6,-225.8 516.3,223.9 0.4,15.8 68.2,30.3 104.6,45.7 -76.5,-427.3 444.2,-135.8 532.6,-449.6 54.4,-192.1 338.5,-316.6 407.7,-558.4 -244.2,-181.6 -408.8,69.1 -612.7,110.5 -223.4,45.2 -344,-75.9 -277.4,-301.3 47.2,-157.6 137.8,-302.4 209.2,-452.9 182,19 25,235.8 163.5,280.6 159.8,-42.5 23.8,-321.3 316.6,-320.9 294.6,0.1 166.8,271.5 319.9,325.1 54.3,-106.8 97.3,-220.2 164.8,-317.2 87.5,-125 111.5,-266.4 -52.8,-287 -379.6,-47.7 -129.3,-319.6 -197,-473.6 253.4,47 356.5,-55.9 309.2,-309.1zm-19094.6 8380c-30.3,18.9 -90.4,37.6 -92,60.5 -4.8,68.6 -39.1,158.1 49.9,197.7 20.9,9.4 93.5,-32.7 94.9,-54.3 4,-68.6 37.2,-152.1 -52.8,-203.9zm212.6 -332c-74.5,260 322.9,474.2 140.5,683.8 -207.2,237.8 -99.5,474.6 -140.5,709.1 -342.8,-304.3 -630.7,-645 -842.9,-1060.5 -109.5,-215.1 -165.2,-306.3 132.9,-340.9 109.5,-12.7 112.5,-144.2 64.6,-251.5 -133.8,-97.3 -297.3,-10.1 -437.1,-53.5 -289.7,-89.5 -300.8,157.2 -397.6,310.1 -137.6,-207.9 -101.3,-376.7 77.6,-539.9 34.4,-31.8 42.4,-153.4 -41.8,-202.1 -97.8,-56.6 -249.1,-39.7 -246.7,55.4 6.7,247.4 -137.4,225.3 -295.2,227.6 -84.6,1.5 -156.1,-21.6 -176.6,-100 -19.2,-70.8 -18.2,-178.1 65.3,-196.8 124.4,-27.7 277.6,-16.5 235.9,-200.9 -52.1,-230.9 -253.8,-83.2 -382.9,-122.2 -23.8,-7.4 -51.4,-1.1 -77.3,-1.1 -181.6,-401.3 314.8,-471.4 370.3,-756.8 294.4,89.9 174.5,-386.5 468.9,-338.7 102.6,17 98.2,-153.1 86.2,-249.1 -8.5,-69.1 -30.3,-173.7 -74.8,-192.2 -89.3,-36.3 -211.6,-33.4 -228.2,106.7 -13.2,109.1 -20.3,201 -164.4,192.4 -209.3,-12.5 -136.4,-171.3 -146.9,-282.4 -14.7,-154 6.9,-284.3 131.4,-412.5 65.9,-67.1 30,-233.6 42.3,-389 246.9,0 474.4,-16.3 698.9,4.6 217.2,19.9 366.7,136.1 364.6,383.2 -2,256.7 -4.4,513.5 0.9,769.8 4.1,199.9 38.8,411.4 -261.4,417.7 -10,195.2 -251.1,306.1 -187.4,559l838.9 0c137,411.1 262.3,797.8 256.7,1216.8 -0.4,17.2 81.8,35.9 125.8,53.9zm-11679.6 29240.4l18.2 22.1c35.5,54.8 48.2,44.9 -18.2,124.4l0 -146.5zm0 1892.6c23.6,-12.3 35.4,18 36.7,29.6 32.5,251.1 19.9,-109.3 36.8,144.1 7.1,102.1 -27.7,-6.5 -73.5,75.9l0 -249.6zm458.9 4618.7c197.9,77 222.2,25.8 240.2,316.4 0.9,14.6 285.4,13.1 437.5,16.2 102.9,2.5 205.8,0.9 308.6,0.9 51.7,0 103.3,0 154.5,0 126.1,-0.9 268.1,-24 256.3,174.8 -8.4,148.9 -118.4,129.3 -219.3,136.2 -173.9,11.9 -354.5,-45.6 -532.4,46.1 0,67.1 -29.8,169.3 5,201.3 283.4,261.4 -79.6,371.4 -150.3,514.1 -57.9,118 -378.3,-66.8 -504.1,-204.4 -138.8,-152 -189.1,-312.3 -139.9,-482 44.6,-153.2 109.1,-273.4 45.7,-387.9l98.2 -331.7zm26927 -15952.8c-170.5,279.6 -140.9,692.7 -640.7,625.6 -73.7,-300.8 -58.2,-653.5 -286.6,-919.1 -78.6,50.8 -49.4,142.8 -81.2,200 -73.5,130.2 -245.9,140.7 -295.5,36.5 -218.4,-459.4 -124.2,-826.9 285.4,-1110 -410.3,-263.8 -793,299.5 -1316.3,-34 412.1,79.2 333.1,-390.5 654.6,-354.2 61,-201.1 134.3,-350.1 408.6,-300.2 174.8,32.3 53.6,-261.1 173.9,-270.7 165.4,-13.8 34.7,253.4 163,262 141.8,9.4 371.3,152.6 402.1,-165.9 7.3,-78.5 86.3,-150.2 170.1,-286.5l-902.5 0c325.8,-354.2 604.8,-627.6 390.1,-1001.2 217.4,-131.9 291.9,-19.6 395.2,50.9 72.8,48.6 144.6,-211.7 271.7,-32.7 69.2,97.7 177.9,99.1 258.5,9.4 75.5,-83.8 168.3,-147.2 263.1,-93.4 135.7,76.6 112.9,302.6 66.8,336.9 -156.3,116.2 -41.6,388.3 -325.9,446.4 -186.4,38.1 -185.2,235.8 -5.8,273.9 250.3,52.8 220.2,221.8 175,330.4 -67.7,161.7 -88.2,379.2 -287.7,457.4 -150.9,59.4 -373.1,-115.8 -470.6,114.6 -94.4,222.9 -226.5,442.9 -160.6,706.7 17.6,70.2 13.8,146.1 23.2,264.7 208.6,0 410.5,-18.6 607.6,5 243.1,28.9 54.3,-478.1 445.8,-267.7 44.7,267.7 -52.8,605 154.2,889.7 61,84.4 8.1,250.8 9.8,379.4 1.6,127.4 -131.3,121.8 -194.3,178.1 -113.1,100.9 -151.9,-69.9 -206.7,-123.5 -160.1,-156.8 21,-395.5 -144.3,-608.5zm7713.1 28589.9c-42.3,-45 -102.8,-95.8 -189.8,-154.6 -135.8,-52.2 -218.4,67.9 -146.1,154.6l-510.7 0c47.3,-94.2 -10,-268 160,-252.4 360.5,32.8 -27.8,-565.7 400.1,-466.2 257.8,-254.2 -58.1,-446.8 -80.1,-735.4 185.9,12.9 420.5,-261.8 472.4,181.5 243.2,91.9 486.1,183.9 743.9,281.4 108.9,263.4 -74.6,590.3 173,852.1 26.2,27.8 41.1,79.6 46,139l-1068.7 0zm-57.5 0c18.9,-43.2 24.8,-103.6 17.3,-176.4 -6.5,-63.3 108.9,-82.4 188.3,-78.8 99.6,4.2 196.2,11.3 275.4,-80.2 81.6,-94.6 193.1,-169.6 132.5,-318.8 -9.1,-21.6 -32.3,-47.7 -53.6,-52.8 -141.9,-32.5 -241.1,-11.6 -244.7,171.4 -2.7,145.2 -123.6,120 -223.3,128.9 -121.6,10.7 -253.4,-50 -224.2,252.1 11.6,53.4 22.1,104.9 32,154.6l100.3 0zm-29865.8 -7518.8c32.3,-131.8 -12.8,-230.7 -186.5,-212.2 -140.8,15.1 -116.2,128.2 -121.4,227.6 -8,141.8 11.4,255.8 191.7,233.3 139.6,-17.4 126,-127.2 116.2,-248.7zm-710.2 -1283.8c-248.3,-498.5 198.8,-722.8 310.1,-1054.3 23.6,-71 301.7,-151.8 411.3,101.3 65.5,152.3 99.5,137.4 212.4,-144 345.6,359.3 53.6,757.9 73,1124.6 20.1,380 149.4,791.5 -120.4,1133.3 126.9,163.6 476,-104.6 452.8,280.5 -4.6,70.4 100.9,119.1 176.2,90 389.6,-147.9 490,190.4 572.6,404.5 71,184 141,324.2 317.5,364.3 128.1,29.2 176.2,78.8 161.9,194.1 -5.3,43.2 -51.7,118.7 -72.8,116.5 -121.6,-13.1 -307.1,82.1 -352.2,-51.4 -59.3,-176.2 -137.7,-313.7 -293.5,-402.6 -35,-19.8 -100.2,-2.5 -144.3,14.9 -71.9,28.1 -72.1,67.7 -15.1,107.3 334.8,228.5 -128,372.1 -68.1,584.3 16.7,58.6 -121,75 -192.7,59 -37.3,-8.2 -89.4,-63.5 -91.5,-100.6 -10.6,-151 -4.6,-303.7 -4.6,-485.6 -276.6,18.9 -498.6,-185.7 -798,-41.3 -206.8,99.6 -342.4,-89.9 -448.7,-289 -101.3,-190.5 -105,-470.8 -414.8,-518.7 -95.7,-15 22.5,-259.9 -184.3,-265.6 -203.5,-5.4 -139.4,162.5 -190.4,257.6 -47.4,89 -137.8,59 -206.8,49 -31.4,-4.9 -68.1,-73.3 -75.3,-116.7 -12.4,-75.3 -9.5,-154.6 -2,-230.9 17.4,-186.6 381.7,-32.8 315.9,-322.9 -14.6,-62.8 85.3,-103.3 170.8,-99.3 128,6.9 257.6,9.4 385.2,-0.4 120.9,-9.2 360.5,30.3 338.7,-62.8 -76.4,-323.9 462.6,-151.6 341.3,-478.9 -51.9,-140.3 16.3,-228.7 193.7,-236.5 131.2,-5.6 132.5,-136.9 98,-232.2 -30.1,-83.1 -122.5,-70.2 -198.4,-71.2 -128.7,-1.6 -240,-15.7 -259.8,177.9 -26.5,256.6 -249.2,76.5 -397.7,145.8zm22072.2 -26430.4c19.3,-94.1 -51.5,-210.2 51.8,-281.2 129.4,-88.6 102.9,-215.3 105.1,-325.1 139.2,-41.8 254.7,-136.7 382.8,-192.3 180.7,-77.9 54.3,-319.3 77.4,-488.1 28.6,-206.6 -300.7,-1.1 -279.8,-213.9 132.9,-117.6 319.9,36.9 436.6,-126.9 0,-115.8 -5.6,-242.8 2,-368.8 4.9,-88.4 -30.3,-157.6 -107.1,-164.7 -64.1,-5.2 -191.5,46.3 -190.6,65.9 14.3,215.5 -99.5,257.1 -279.7,238.5 -261.1,-27.4 -248.2,205.7 -187.4,298.7 195.9,300.6 128,622.1 145.8,951.6 -208.1,-12.9 -423.2,-49.1 -617.4,-2.6 -187.2,45 -316.1,-210.2 -445.7,-93.7 -196.4,176.3 -394.3,9.1 -699.6,173.6 170.8,-301.4 312.6,-464.9 356.5,-651.5 49,-211.7 11.3,-444.4 11.3,-736.1 95.3,102.2 148.5,131.9 150.7,165.9 15.4,206 134.3,356 321.8,344.9 175.9,-9.6 271.4,-155.2 315,-360.9 37.2,-177.2 208.4,-322 288.8,-495.8 38.8,-83.3 -4.4,-220.9 143.9,-211.3 266.2,17.8 393.6,-95.3 497.6,-345.4 65,-157.2 337.5,-196.6 449.1,-421.2 0,250.4 8.6,500.5 -2.5,750.3 -14.2,327.3 -19.1,659.9 215.8,913.1 173.9,187.9 73.6,389 89.3,581.8 12.6,157.2 46.9,236.9 216.6,226 26.2,-1.8 82.1,82.4 79.9,85.2 -103.1,107.4 -478,46.3 -214.4,379.4 101.7,128.9 214.9,291.1 222.2,443.3 16.9,334.3 -473.6,288.4 -525.7,616.1 -7.6,47 -222.8,36.6 -227.7,-79.9 -9,-228.9 -346.1,-350.9 -128.1,-607 -249.1,-121.5 -456.4,-40.5 -654.3,-67.9zm18352.3 -25174.1c-59.5,-168.5 -120.9,-336.8 -89.1,-518.4 29.6,6.2 59.4,5.5 89.1,4.4l0 514zm-41876 54946.5c-408.3,46.3 -474.7,112.9 -809.3,346.6 -149.9,104.9 -156.5,250.5 -111.3,306.4 239.1,297.9 59.2,537.9 -82.8,775.7 -54.6,92 -107.6,162.1 -45.5,297.7 146.5,-34.9 366.3,207.1 436.9,-171 38.9,-208.1 360.2,-124.9 369.3,-99.7 203.8,573.5 703.8,420.1 1115.5,456.7 56.8,730.3 -20.9,868.7 -549.5,968.7 -11.3,220 -18.9,445.1 -40,668.8 -2.5,23.7 -80.9,53.9 -124.8,55.3 -43.8,1.3 -124,-24.3 -127.8,-47.7 -26,-171.6 -36.7,-344.9 -53.6,-531.4 -294.3,-72 -574.7,-136.5 -714.7,444.4 -81.1,-654.4 220.9,-1051.2 266.7,-1528.1 -197.9,-4.9 -434.6,-189.5 -486.7,211.8 -12.7,95.9 -209.5,109.5 -244.9,10.4 -145.2,-404.6 -598.9,-678.2 -505,-1184.3 7.4,-39.4 -28.1,-124.5 -49.8,-126.7 -522.2,-49.8 71.6,-316.4 -86,-432.8 18.7,-18.3 36.3,-36.8 54.5,-54.8 75.8,38.8 68.8,112.3 89.1,181.5 50.3,172.5 271.6,149.4 264.5,65.9 -24.7,-291.5 373.8,-200 337.6,-389.9 -44.6,-236 205.5,-346.7 155.8,-620.1 -167.7,47.7 -425.5,-224.8 -464.4,218.7 -7.2,77.7 -124,90.6 -195.3,69 -122.7,-37.9 -146.5,-168.8 -82.8,-238 219.3,-237.4 217.9,-603.2 514.5,-827.6 464.3,301.7 848.5,691.1 1169.8,1174.5zm27025.7 -21437.2c90.5,-51.9 56.8,-135.3 52.8,-204.1 -1.3,-21.2 -74.1,-63.5 -94.8,-54.2 -89.1,39.9 -54.8,128.8 -49.9,197.8 1.6,22.9 61.5,41.6 91.9,60.5zm-1180.4 177c18.4,-43.8 38,-126.7 54.3,-126 415,16.7 505.2,-262 580.6,-583.6 -401.6,-48.3 -401.6,-48.3 -561,242.3 -81.5,-559.5 -79.1,-553.8 418.6,-773.7 172.7,-76 152.3,-414.1 481.3,-318 210.4,61.3 453.3,11.2 666,11.2 199.9,-270.5 -249.4,-396.4 -97.1,-642.8 41,-66.6 56.5,-126.7 148.1,-133 91.2,-6.4 156.7,34.1 163.2,113.1 22.9,268.4 -67,556.4 154.1,789.4 18.7,19.5 -19.9,132.2 -27.7,131.5 -419.4,-25.8 -209.3,377.2 -362.7,543.1 -161.4,173.4 32.3,490.3 -100.8,689.6 -99.1,149.8 -432.2,104.2 -697.8,-85.3 -27.9,238.9 -107.8,470.4 -304.8,827.6 351.5,-139.4 655.5,137.6 767.9,-323.8 25.4,-104.2 237.1,-102.2 259.6,80.2 22.1,174.5 -16.5,311.7 247.8,369.4 167.5,36.9 8.1,325.9 144.1,590.4 63.9,75.1 256,-43.8 420.8,-8.4 195.7,42.1 98.8,199.3 122,309.4 -156.5,-5.3 -251.4,132.1 -282.6,222.9 -53.4,154.6 -70.8,315.8 -273.3,216.9 -137.4,-66.8 -34.4,-235.6 -73.5,-378.1 -198.2,-41.8 -394.1,226.9 -628.6,12.1 -190.4,-174.8 -484.5,-31.4 -743.2,-90.7 -38.3,-341.1 279.6,-523.4 299.3,-815.5 -215.1,-87.1 -381.7,-270.3 -652.9,-260.7 -193.7,7.1 -98.4,-189.7 -121.7,-299.8 94.3,17.6 143.3,-40 151.6,-117.3 12,-104 -6.3,-203.1 -151.6,-192.4zm-12381.7 -15090c-17.2,-17.3 -38.5,-51.6 -51.2,-48.7 -36.3,8.2 -69.3,31.4 -103.8,48.7 17.2,16.9 38.1,50.8 51,48.3 36.3,-8.2 69.7,-31.4 104,-48.3zm-805.6 347.4c-239.5,210.1 3.6,489.3 -277.8,697.7 0,-380 18.4,-708.9 -5.9,-1034.2 -19.3,-259.4 45.2,-425 314,-482.9 10.5,-2.4 1.3,-96.6 1.3,-157 -224,-154.7 -494.5,-2 -727.6,-99.1 -205.3,-352.4 331.3,-635.6 55.9,-995.2 -135.1,-134.5 -356.9,-7.4 -558.7,-77.7 137.2,-202.8 100,-485 472.5,-467.3 182.8,8.6 236.7,-308.6 297.3,-511.2 23.3,-77.5 111.5,-98.5 189.9,-82.5 137.4,26.8 159.9,168.4 104.2,228.5 -142.5,152.8 -226.9,277.7 -20.3,434.2 -120.4,327.1 381.6,179.6 346.9,463.3 -27.2,224.7 -5.3,455.1 -5.3,735.7 202.2,0 379.6,-24.5 546.2,7.8 134.6,26.2 0.8,323.4 248.7,297.6 220.1,-23.3 44.7,368.5 322.4,311.5 162.2,-33.1 263.8,-3.3 292.5,226.2 24.1,191.1 337.5,-29.6 440.8,165.7 -169.6,158.8 -395.1,11.4 -601.1,96.2l0 833.6c-213.1,130.5 -422.6,36.7 -618.7,67.5 -90.9,14.7 -165,-34.6 -161.5,-110.5 11.4,-264.7 -177.7,-208.4 -314.1,-194.8 -241,25.1 -362.3,-76.2 -341.6,-353.1zm28026.5 36421.2c101.8,468.9 -220.4,822 -137.8,1231.2 47.5,237.4 -402.1,78.4 -320.4,401.7 43.2,172.5 95.3,401.9 -101.5,570.2 -64.4,55.2 -70.6,242.7 -114.4,246.2 -193.3,16.5 -331.8,111.4 -193.7,262.3 100.8,109.3 354.9,219.3 436.8,-137.3 40.7,-177.3 230.5,-189.7 291.2,32.9 63.3,233.3 209.6,376.7 430.4,314 351.6,-99.1 356.2,210.8 450.5,364.7 93,150.9 118.2,312.5 350.4,266.4 43.9,-8.6 76.2,-4.2 100,9.4l0 496.2c-76.5,161.9 -197.7,305.4 -265.7,469 -59.8,143.9 -342.2,195.3 -638.1,346.2 127.8,-262.7 194,-401.4 263,-539 71.4,-142.7 145.1,-283.5 218.2,-425.9 -146.5,-90.5 -313.1,-73.5 -448.2,-40.1 -285.5,70.3 -285.7,-175.2 -403,-322.6 -37,103.9 -68.6,193.5 -102.7,289.2 -35.4,-18.5 -99.9,-35.4 -100.8,-55.4 -8.7,-154.1 -4.7,-308.4 -4.7,-461.8 -145.8,-146.3 -490.3,-114.7 -608.1,96.4 -64.3,115.5 -126.6,157 -221.7,130 -119.4,-32.7 -139.8,-163.4 -75.3,-238.5 88.6,-103 147.6,-195.5 133.6,-335 -10.7,-107.4 -15.1,-212 -161.4,-193.3 -218.7,27.6 -342.9,-29.4 -307.5,-282.3 20.9,-153 -42.8,-273.5 -123.4,-413.9 -78.5,-136.5 -135.3,-429.1 230.5,-390.4 102.6,11 155.4,-23.5 214.6,-142.9 233.8,-471.3 546,-906.8 748.6,-1389.4 117.3,-279.4 272.1,-131.1 460.6,-158.2zm-36226.3 -27087.9c201.9,-53.9 442.6,-90.2 299.5,204 -116.3,239.7 -302.6,447.1 -268.1,769.7 273.9,132.4 589.6,-8.5 876.1,80.6 196.4,249.6 142.5,667.9 588.3,766.1 166.5,36.3 115.7,465.1 -95.5,587.8 -114.3,66.4 -98.5,142.5 -141.2,221.8 -81.7,152.5 -145.2,78.1 -143.9,-51.2 0.7,-95.3 -41.3,-149.6 -121.9,-156.5 -230.7,-20.1 -505.5,84.8 -579.4,-292.2 -12,-61.7 -228.9,-30.7 -232.4,156.1 -3,149 -122.3,151.2 -218.7,128.3 -78.2,-18.7 -97.9,-103.6 -89.5,-184.8 2.7,-25.6 2,-51.7 0,-77.3 -18.5,-241.1 206.4,-555.3 -14.3,-700.5 -190.3,-125.5 -250,-379.1 -491.8,-427 -186.1,-36.8 -75.7,-268.5 -225.1,-354.9 -97.5,-56.1 -227.5,-143.7 -195.2,-298.8 40,-191.5 200.3,-106.9 311.9,-116.2 241.5,-20.7 95.7,-332.5 295,-379 -82.6,-468.2 190.2,-845.9 318.2,-1260.7 14.4,-46.7 6.9,-100.2 10,-164.3 187.4,-75.5 489.6,-139.6 551.1,-5.3 142.4,311.7 555.9,557 320.1,1016.8 -158.9,9.2 -354.7,-27.1 -499.8,43 -144.7,69.5 -40.1,341.8 -253.4,494.5 -7.6,47 104.6,-65.7 -45,-58.3 -95.1,4.4 -206.1,-18 -232.6,105.3 -20.1,94.9 -8.3,197.9 129.5,205.3 113.4,6.6 184.1,-35.9 148.1,-252.3zm8643.4 27749.6c113.3,451.1 113.3,451.1 543.6,565.1 -103.7,316.8 -284.3,632.5 -289.4,950.7 -4.4,302.4 -198.6,333.3 -344.4,476.7 -140.5,137.4 -373.4,-105.3 -456.5,165.8 -78.3,254.5 -247.1,488.5 -87,818.5 174.5,-95.9 473.5,188.4 561.1,-232.2 17.8,-85 143.1,-84.2 142,-4.9 -4.2,332.2 439.5,213.1 470.7,490.1 8.9,76.1 -3.6,154.9 96.8,201.2 134.8,0 289.9,0 444.2,0.3 137.9,132.6 88.7,502.9 -53.9,685.7 -91.2,116.7 -362.7,23.6 -346.5,263.5l-140 0c-71.2,-402.5 -396.5,-323.6 -679.5,-329.4 -122.7,-2.2 -246.2,-0.4 -395.9,-0.4l0 -954.5c-253.1,99 -570.1,-182.8 -660.5,285.8 -16.5,84.9 -137.7,62.6 -201.8,39 -81.3,-30 -99.3,-132.9 -67.5,-194.4 45,-87 126.8,-155.4 196.6,-228.6 186,-196.4 158.8,-440.6 37.9,-619.2 -95.5,-141.6 -9.3,-367 -222.6,-466l973.2 0c149.4,-207.1 85.9,-404.6 73.2,-591.8 -180.8,-140.8 -411.6,31.6 -584.2,-116.9 137.6,-101.5 67,-361.6 251.3,-393.2 170.6,-29.2 223.8,-92.2 196.4,-242.7 -82.6,-456.7 276.1,-450.4 542.7,-568.2zm24506.4 -22340.3c-11.6,137.7 65.4,339.6 -196,307.5 -358.2,-43.8 -260.3,205.8 -266,438.9 399.6,-171.2 762.5,-210.9 956.2,281.9 44.8,115.7 185,35.3 279.9,55.4 23,110 -74.8,287.6 121.8,301.9 122.4,9.1 330.4,103.1 341.1,-158.1 6,-150.1 110.4,-157.4 210,-139.4 78.5,13.9 108.6,86.2 102,172.6 -15.9,208 68.5,426.6 -275,506.7 -211.1,49.3 -216.9,503.9 -585.6,407.7 -74.4,174.8 -173.7,343.6 -215.8,526.2 -29.8,130.4 -21.8,289.6 -195.4,232.2 -285.3,-95.1 49.1,-150.7 34,-239.8 -52.3,-312.8 116.7,-655.9 -149.1,-945 -50.1,-54.5 -7.4,-194.3 -7.4,-287.2 -59.5,-28 -104.7,-68.8 -145.6,-64.8 -147.2,15.6 -332.9,-79.5 -435.1,50.1 -98.8,125.2 -156.9,298.2 -186.3,458.5 -30.6,170.3 -6.5,350.2 -6.5,572.2 -345.8,-510.6 -372.7,-525.5 -146,-928 161.2,-285.2 151.3,-566 133.3,-930.1 -242.4,0 -491.4,-3.5 -740.3,1.9 -86.6,1.5 -157.9,-25.4 -171.5,-103.8 -17.3,-99.8 -9.5,-213.8 141,-206.6 141.1,6.4 178.8,-78.9 161.9,-190.6 -38.4,-261.4 103,-276.5 312.8,-281.4 319.1,-7.8 494.9,-311.5 362,-627 -56.8,-135.4 -104.2,-271.4 61.3,-284.4 260.7,-20.2 209.4,-190.1 189.6,-322.2 -64.1,-435.4 -71.7,-439 87.5,-787.5 146.1,312.2 271,619.9 430.9,908.5 137.8,248.2 271,453.7 -153,539.9 -52.3,10.4 -51.6,198.2 -116.9,244.7 -87,61.7 -280.3,6.9 -237.8,198.4 33.2,147.8 138.1,261.8 304,290.7zm4268 7285.9l-388.8 0 0 -1313.4c-116.2,-137.4 -135.8,-35.2 -163.6,21.3 -31.2,63.3 -35.9,161.7 -83.7,189.3 -58.2,33.1 -149.9,7.8 -226.9,7.8 23.4,-166.4 -47,-337.4 99,-497.9 139.7,-154.1 69.9,-258.3 -146,-280.9 -128.7,-13.4 -145.4,-203.8 -94.4,-224.7 349.5,-142 462.8,-790.7 1004.4,-514.2l0 110.2c-151.4,304 -523.6,470 -553.5,851.9 96.1,177.7 292.3,24.1 401,112.9 143.6,117.1 0.5,348.4 152.5,494.4l0 205.8c-34.1,26.5 -76.9,50.3 -124.3,66.6 -190.1,65.8 -171.2,196.2 6.3,295.3 43.9,24.4 82.9,44.6 118,60l0 415.6zm-38808.1 -13553.7l-704.2 0c-149.2,-190.6 103.7,-260.5 59.2,-448.5 -271.1,50.4 -527.6,281.7 -859.2,124.9 153.9,-306.5 308,-612.9 495.7,-987.4 -225,-13.4 -419.5,-277.4 -522.4,150.3 -46.7,193.9 -261,116.7 -388.5,82.6 -115.8,-31.2 -59.9,-176.6 -64.1,-272.8 -1.8,-44.7 13.5,-103.9 43.8,-133.5 98.6,-96.5 195.9,-224 50.1,-311.6 -186.4,-112.8 -195.7,55.1 -274.8,195.6 -116,206.8 -365.8,13.8 -526.1,89.4 -208.1,-320.3 267.6,-378.4 67.5,-653.7l1428.3 0c-264.1,-213 -114.4,-490.2 -206.2,-706 -122,-116.9 -312.3,44.1 -431.7,-123.8 -6.2,-274.7 208.2,-332.8 414.3,-422.8 62.6,-27.1 75.8,-240.4 113.2,-240.4 130.7,-1.4 56.3,158.5 112.4,215.5 158.5,161.8 395.9,-20.8 599.6,135.3 0,177.7 -26.1,383.2 4.7,580 81.5,515.5 91.7,513.9 -429.5,608.3 -64.8,185 -54.3,376.1 -4.3,598.7 136.5,0 276.2,-36.5 381.5,8.3 170.7,72.4 540.5,-223.6 499.2,222.2 -19.4,207.7 378.2,358.5 54,588.4 -89.9,63.3 -60.7,182.6 29.7,257.4 149.6,123.4 73.7,274.4 57.8,443.6zm758.8 15039.6l-611.8 0c-24.7,-49.2 -63,-91.2 -63.9,-134.4 -6.4,-230.9 -3.3,-462.2 -3.1,-693.1 0.4,-98.2 21.1,-246.3 -104.2,-240.9 -304.6,12.4 -161.5,-341.8 -360.3,-400.8 37,-325.1 -73.9,-658.6 56.8,-977.9 8.9,-21.8 44.3,-33.8 51.7,-55.5 124.4,-371.3 82.4,-413.9 -405.7,-390.9l0 1042.9c-270.8,0 -520.3,4.2 -769.5,-2 -97.3,-2 -231.5,8.7 -282.1,-47.4 -92.8,-101.1 -176.3,-244.1 -189.3,-377 -20,-199 120.9,-329.1 317.6,-343.1 247.8,-17.6 497.8,-4.3 774.3,-4.3 -87.3,-293 -142.9,-523 -224.4,-744 -87.1,-234.9 -242,-398.4 -511.6,-357.4 -26.3,-34.5 -53.1,-53.6 -53.9,-73.3 -3.6,-153.1 -2,-306.1 -2,-453.5 140.2,-122 329,-124.4 414.8,-25.2 118,135.7 157.8,339.8 234.7,523.3 160.2,159.8 522.7,-107.1 569.7,171.4 54.5,321.7 384.8,256.1 490.7,480.5 96.7,206.4 155.9,403.2 151.6,632.8 -8,400.1 280.4,703.8 398.6,1067.8 81,249.2 -36.9,534.8 196.2,774.9 96.4,99.7 -294.8,331.3 -74.9,627.1zm-4377.9 -46721c-58.6,165.6 -179.6,316.8 -106.3,492.3 90.9,216.9 283.9,391.8 261.6,654.6 -128.2,0 -317.2,52.5 -372,-11.1 -119.1,-136.8 -218.4,-328.2 -237.4,-506.8 -33.9,-313 185.4,-432.7 198,-629l256.1 0zm39397.5 55903c231.4,-229.5 288.8,-530.4 303.5,-832.1 12,-249.3 141.9,-359.5 354.9,-403 121.8,-25.3 250.1,-19.1 374.7,-32.7 18.7,-2 51.9,-42.5 47.5,-53.2 -116.5,-307.2 359.3,-137.8 317.7,-401.7 -22.3,-144.4 119.8,-159.4 211.7,-128.4 113.1,37.8 132.7,163 66,246 -230.7,285.9 -323.1,606.7 -281.9,966.7 29.8,255.2 -251.8,106.5 -305.7,246.1 62.5,111.8 193.7,116.9 262,76.3 352.3,-211.2 675.6,-138.2 1042.5,-13.8 182.5,62 215.3,129 268.3,272.4 43.4,118.6 184.3,36.7 279.6,57.4 2.9,391.6 10.5,784 -429.9,845.9 -226.9,-106.7 -197.1,22.4 -183.5,134.2 15.4,123.1 135.6,113.3 230.2,102.2 172.8,-20.2 79.3,-181.7 63.1,-214 -47.9,-95.7 -143.6,-168.3 -109.8,-22.4 42.3,455 325.7,574.4 263.1,804.6 -162.9,16.5 -373.1,210.2 -450.2,-122 -58.3,-252.2 -252.6,-82.2 -392.7,-145.2 -213.3,-160.1 71.3,-492.2 -194.1,-668.1 -53.9,-36.1 49.2,-99.8 124.4,-96.2 151.2,8.2 165.2,-100.7 146.7,-201.1 -24.5,-133.3 -143.3,-108.8 -241.5,-108.6 -101.4,0 -160.3,17.1 -229.1,128.2 -141.4,229.4 -164.2,214.2 -299.5,-39 -101.3,-188.7 -231.8,-367.3 -300.4,-567.5 -46.3,-133.6 -115.3,-140.2 -217.9,-140.7 -125.6,-0.4 -208,-3.3 -268.1,170.1 -104.7,304.4 -191.5,704 -145.6,1043.1 20,145.9 3.7,297.5 3.7,399.3 -70.8,96.8 -107.3,89.2 -143.6,24.2l-166.1 -942.5 0 -384.5zm-16715.3 -47360.5c-37.6,-232.9 111.1,-338 272,-471.4 260.1,-215.5 642,-384.5 456,-917.5 390.4,81.5 679.6,-126.7 1013.5,-164.1 186,-20.7 94.5,-194.8 115.6,-304.4 253.4,47.2 356.3,-56.1 309.3,-309.3 110.4,22.5 293.4,-73.7 301.5,120.5 6.8,165.7 82.3,352.5 -72.6,506.8 -91.1,90.8 -206,133.5 -633.5,159 -126.9,156.2 14.7,371.5 -71.2,504 -102.7,157.4 -173.3,297 -141.6,487.2 113.7,151.4 280.1,50.8 420.6,79.5 67.8,13.8 498.3,486.3 506.7,553.1 25.8,191.9 -76.8,402.1 111.6,571.7 91.2,82.6 20.7,352.7 256.9,257 83.3,-33 115.3,-194 171.4,-298.2 182.2,176.1 14.5,381.9 86,537.9 -143.6,132.8 -278.8,52.4 -397.5,84.9 -156.9,107.8 15.9,345.5 -113.5,404.7 -177.9,81.3 -13.1,405.1 -295.5,364.5 -89.2,-12.9 -320.2,-425.7 -270.7,-538.6 27.2,-62.1 164.5,-76.6 276.3,-122.4 -69.2,-139.2 -106.6,-315.7 -215.7,-405.9 -114.9,-95.3 17.5,-350.2 -305.8,-319.1 -65.9,146.8 -147.4,332.4 -232.6,516.1 -53.2,114 -150.8,120.7 -247.8,77.1 -87.8,-38.6 -88.7,-171 -56.4,-197.1 251.8,-200.8 114.9,-472.7 257.2,-779.3 -11.1,-108.8 -70.8,-65.9 -105.1,-2.8 -35.4,65.4 -4,85.5 69.9,72.8 83.9,-14.5 189.1,28.5 218.5,-94.2 2.8,-11.6 -72.9,-41.7 -183.3,24.2 -308.2,92.9 -432,64.4 -427.7,-198.3 3.1,-178.1 309,-301.9 128.4,-438.9 -130.4,-99.1 -294.8,-250.7 -504,-224.8 -186.8,168.5 222,203.9 -10.5,455.5 -150.9,89.7 -429.5,-30.3 -686.4,9.8zm-3791.8 33186.7c102.6,503.2 314.4,725.9 393.4,366.5 33.2,-153.2 214.2,-247.8 164.1,-502.7 226.7,248.6 82.6,472.9 148.7,637.8 183.8,111.4 554.7,-72.8 457.1,352.9 -35.6,155.5 115.6,321.5 171.9,378.6 209.1,210.3 17.6,337.9 7,509.4 -15.8,262.9 -379.9,216.9 -294.9,291.6 238.8,209.3 -11.7,504.6 196.6,704.1 141.2,135.1 132.6,325.3 -28,464 -99.8,86.2 2.5,374.3 -247.4,285.4 -228,-81 -112.6,-216.9 -6.2,-340.9 90.8,-106.4 80.2,-316.6 23,-348.4 -302.6,-170.5 90.6,-716.5 -418.6,-748.8 -14.8,-224.4 -29.7,-448.6 -44.4,-669.5 -119.1,-100.7 -253.8,-53.9 -373.3,-47 -216.2,12.1 -394.8,4.9 -420.6,-271.8 -4,-39.2 -83.7,-66.6 -101.8,-110.5 -92.1,-221.5 -439.5,82.4 -478.5,-237.8 -20.9,-168.1 48.4,-340 -99.5,-501.4 -197.7,-216.6 58.6,-352 175.3,-405.9 147.8,-69.2 350,-27.8 528.3,-23.4 89,2.3 154.5,-30.7 166.3,-109.5 14.5,-101.7 4.7,-202.4 -147.1,-204.2 -195.5,-3.1 -208.4,-158 -123.6,-252.9 199.5,-223.5 359.1,-451.3 439.1,-748.3 38.4,-141.6 232.6,-100.4 341,-72 165.5,43.2 126.1,156.4 57.1,288.8 -92,177.7 -314.4,418.4 122.6,481.2 76.4,11.1 102.7,103.9 87.1,183.9 -15.6,80.2 -60.6,148.9 -153.7,119.3 -269.1,-85 -295.9,93.6 -372.2,284.3 -97.3,242.5 -105.4,509.1 -168.8,247.2 231.8,-505.6 252.9,-529 232.9,-601.8 -17.6,-65.5 -18.7,-136.5 -43.7,-198.4 -19.5,-47.4 -73.9,-37.2 -96.8,26 -34.1,92.7 -27.8,182.9 -92.4,774.2zm-4411.4 -24055.1c-253.2,-0.9 -111.1,-294.1 -286.1,-388.5 -85,-46.1 -6.7,-177.7 147.8,-244.9 198,-86.4 185.9,-443.3 27.6,-436.6 -466.8,20.6 -417.2,-382.3 -572.2,-620.1 -171.8,-9.6 -344.4,-18.8 -511.9,-28.3 -85.4,-333.8 -115,-639.2 -470.8,-837 -167.1,-93.3 -290.6,226.9 -407.9,-41.8 -51.1,-117.8 -327.8,56.7 -392.8,-118.5 -50.3,-135.3 -10,-304.1 -10,-465.6 180.1,-137.3 391,-50.5 586.4,-64.9 163.5,-11.6 379.7,-69.1 355.2,235.9 -4.5,59.1 100.1,70.9 98.1,31 -17.3,-378.9 332.2,-197.5 472.5,-322.6 81.9,-72.8 54.6,-230.5 -43.8,-246.5 -144.6,-23.6 -254.8,-32.5 -229.2,-210 53,-363.3 -223.3,-240 -394.9,-272.3 -88,-641.2 -44.3,-691.1 655.2,-745.9 78.2,153.2 -227.1,205.6 -100.6,373.9 114,151.6 298.8,-2.5 458,141.6 -98.2,413.9 290.6,802.4 131.3,1273.1 -222.6,140.1 -497.6,-45.6 -758.8,120.5 48.1,242.4 61.1,507.4 427.1,236.4 182.3,118 494.7,57 523.4,393.2 5.4,60.2 127.8,108.9 135.9,171.2 54.7,396.6 344,369 624.7,364.5 0,74.8 16.3,153.5 -2.6,223.8 -69.7,257.2 -529.9,436.6 -152.1,782 -146.5,213.3 -326.4,411.2 -309.5,696.4zm-14623.1 9360.1c21.8,-91.3 -8.5,-153.6 -70.2,-203.3 -26.2,39.6 -76.5,81.2 -71.9,117.1 6.9,66.3 45.7,128.5 71.9,192.6 25.7,-38.8 51.5,-78.1 70.2,-106.4zm-181.2 3598.2c-118.3,-243.1 -364.5,-192.3 -400.6,-307.9 -55.4,-177.4 -103.8,-401.7 65.2,-566 92,-89.5 63,-192.1 55.7,-285.8 -21.4,-261.2 -23.1,-499.9 313.1,-554 -69.1,-179.9 211.7,-253.8 146.2,-395.6 -83,-179.1 -176.5,-345.2 -167.6,-550.5 0.7,-17.3 -31.9,-38.9 -52.8,-54 -161.6,-120.1 -1021.1,-36.3 -1127.3,-444.3 -62.6,-240.2 -353.6,-64.9 -570.6,-137.6 -69.9,-223.7 -29.2,-469.1 -23.9,-735.6 192.8,20.1 440.5,-181.4 458.2,197.5 1.4,24.9 61.7,47 94.5,70.6 78.3,-133.2 633.8,-91.1 900.6,-44.8 259.1,44.4 185.4,-179.2 184.8,-312.8 -1.4,-229.1 290.3,-71 310.2,-244.9 17.5,-150.8 -16.8,-314.2 28,-454 33.2,-102.9 165.7,-99.8 252.5,-16.3 71,68.2 -16.1,210.2 120.5,251.4 61.6,-41.2 53.4,-118.2 69.9,-191.7 28.9,-129.3 141.1,-131.1 237.1,-94.2 84.4,32.1 96.4,142.3 63,197.1 -88.6,144.1 -250.3,237.5 -55.9,447.3 92.8,100 -148.5,261.6 -98.9,446.8 62.8,233.9 -62.3,314 -292.1,290.6 -203.3,-20.7 -183.2,146.7 -161,260.7 26.8,137.7 79.5,278.3 152.4,398.2 196.8,323.5 230.2,612.5 19.3,968.3 -110.6,186.3 -246.9,428.4 -181.9,696.9 29.4,121.1 -22.9,226.8 -96.9,345.7 -136.4,219.4 -228.8,471.2 -241.7,818.9zm36902.9 25890.3c-264.2,262.5 -264.2,262.5 -287,771 -223.9,-65.9 -498.9,220.4 -643.6,-241.4 -57.5,-184.3 -382.1,19.6 -568.9,-126 -69,-348.4 260.7,-343.5 460,-485.8 -69.9,-277.7 72.6,-574.5 -90,-877.9 -55.2,-103.4 95.3,-320.4 189.7,-477 144.8,-240.7 -27.8,-305 -261.8,-258 134.7,-286.8 236,-521.2 358,-744.6 18.1,-32.5 135.2,-25.1 200.8,-10.4 27.4,6.9 67.7,103.9 53.7,122 -316.4,407.7 -4.9,707.4 143.8,1054.5 62.6,145.8 249.4,265.1 172.6,471.5 -28.3,76.2 22.1,183.3 89.9,175.1 232.9,-28.6 378.8,30 423.8,280.9 4.4,23.9 137.6,18.3 208.1,37.2 270.4,72.2 599.6,-163.6 822.3,150.1 166.5,234.9 454.7,195.5 673.8,311.5 114.1,59.7 134.4,222.9 83,236.5 -444,114.4 -251,464.6 -292.3,726.9 -3.8,23.2 -15,44.8 -41.3,121.4l-887 0c48.1,-103.4 318.4,-1044.7 308,-1099.3 -10.8,-60.8 -9.2,-171.7 -116.3,-94.4 -337.1,243.6 -635.7,-218.6 -999.3,-43.8 34.3,23.3 54.8,0.4 34.8,-72.7 -17.4,-65.6 -18.1,-136.6 -43,-198.6 -19.8,-47.1 -74.3,-37.1 -97.1,26.3 -34.3,92.6 -28,183 105.3,245zm-34176.9 8147.3c-66.5,-19.9 -123.2,-18.9 -171.8,0l-286.4 0c5.8,-65.2 12.2,-130.2 -0.8,-192.2 -35,-166.1 131.1,-431.3 -238,-438.2 -102.4,-1.8 -15.4,-99.3 21.3,-154.1 123.4,-185.9 55.1,-380 24.1,-682.8 -140.5,288.7 -237.8,487.5 -334.6,686.2 30.7,-226.7 -371.7,-294.6 -180.2,-619.5 149.4,-252.9 354.1,-348 584.9,-448.1 42.8,-19 108.3,13.5 151.9,-5.6 215.9,-95.3 354,-581.6 220.2,-754.6 -309.7,-398.5 -321.3,-522.1 -68.4,-888.2 22.3,-33.1 83.1,-45.1 129,-55.6 96.4,-21.8 144.7,39.8 152.9,120.7 38.8,366.7 -103.8,758.3 156.5,1093.2 -264.5,264 -71,630.3 -207.2,917.5 -41.7,88.6 -270.3,-21.5 -258.3,189.1 7.3,128.4 1.1,257.1 1.1,403.4 278.1,147.9 594.9,-5.3 895.3,95.1 22.4,209.3 83.4,413.9 183.9,608.5 25.7,50.3 45.7,105.6 84.1,125.2l-859.5 0zm928.5 0c88.9,-27.6 151.3,-23.3 197.9,0l-197.9 0zm15205.9 -56902.4c-102,1.8 -189.3,14.1 -190.4,157.5 -0.2,95.9 45.2,141.8 122.9,150.2 105.7,11.8 192.3,-10.9 193.3,-153.8 1.1,-95.5 -45.5,-130.3 -125.8,-153.9zm-903.3 -618.2l286.5 0 1021.8 0 0 940.2c117.5,266.3 542.1,-35 505.1,381.6 -6.4,68.8 116.7,72.4 193.5,71.7 124.9,-1.3 260.1,-26 258.8,173.3 -2.9,502.3 278.7,686.8 782.8,600 -32,423.5 -434.4,660 -360.9,1069 -176.6,-216 -81.3,-458.7 -119.6,-690.9 -115.8,-135 -290.1,-86.4 -422.8,-60.2 -436.4,87.3 -581.8,-264 -808.2,-494.7 -86.2,-88.1 -137.9,-223.7 -238,-281.6 -369.7,-214.7 -374.8,-205.8 -537.1,-481.8 -104.9,-177.9 -445,-190 -437.1,-44.1 15.6,300.5 -404.1,115.3 -345.9,401.8 26.5,131.9 -124.9,119.1 -225.1,119.1 -100.4,0 -209.5,20.5 -230.1,-124.4 -11.5,-81.7 14.1,-164.8 92,-180.8 97.1,-19.8 246.7,-2.2 210,-138.3 -90.9,-337 480.5,-346.6 324.1,-712.4 -46.7,-108.9 -11.1,-254.5 -4.9,-382.8 2.1,-45.2 29.2,-90.1 55.1,-164.7zm-6693.8 18681.3c-108.5,-149.3 -220.9,-111.3 -315.6,-104.8 -197,13.6 -282,-34.5 -360.6,-253 -133,-370.7 -174,-355.8 -670.2,-378.9 -217.8,-295 103.5,-489.9 133.6,-764.6l682.4 0c128.5,-354.3 249.3,-685.8 365.3,-1005.1 -204.8,-153.3 -427.6,-21.3 -611.6,-105.1 -83,-383.8 271.7,-663.2 125.6,-1004.5 198,-57.9 342.5,-105.6 501.2,47.6 -98.2,198.2 -201.3,407.2 -307.2,621.7 153.4,88.6 314.8,122.2 460.8,-47.5 17.2,-19.4 49,-54.7 53.2,-51.9 211.1,145.9 245.2,469.4 539.1,534 -34.5,191.2 113.7,429.7 -102.9,569.3 -275.2,177 -187.7,445.1 -199.7,666.8 -125.1,173.3 -318.8,2.7 -453.1,147.2 2.5,52.6 -21.4,141.1 12.5,189 564.9,797.1 329.9,1455 -446.7,1955.6 -85.9,55 -129.8,139.4 -224.2,16.2 -60.6,-80.1 -157.2,-138.7 -127.5,-256.5 20,-79.4 80.5,-138.5 165.2,-107.7 327.7,118.7 301.4,-196.8 384.3,-335.3 135.8,-227.1 166.1,-294.8 396.1,-332.5zm2201.7 4069.9c-33.6,-173.5 159.9,-282.1 106.2,-458 -46.7,-154.3 60.9,-269.9 135.6,-405.4 95.8,-173.5 -206.4,-413.9 -411.9,-322.4 -87.7,39.4 -189.9,162.5 -260,95.9 -231.6,-220 -412.4,-168.7 -660,-9.3 -107,68.5 -345.9,86.1 -504.3,-49 97.1,-179.9 280.1,-31.4 383.5,-100.2 248.4,-147.9 -161.3,-516.8 264.7,-624.6 237.3,-60.3 431.3,-291.9 705.3,97.4 3.1,-519.5 128.5,-935.6 -80.8,-1378.3 -99.7,-210.4 -70.1,-505.8 -27.8,-750.7 25.8,-150.4 156.5,-322.9 398.8,-258.5 -59.1,240.9 -199.8,482.7 -49.3,732.2 118.9,197.5 162.2,513.3 505.5,324.5 171,427.2 51.9,822 -120.5,1109 -170.3,284.5 -41.8,459.5 37.2,653.7 70.6,173.9 240.3,188.3 290.6,-37.9 28.7,-128.6 78.5,-176.5 194.1,-163.8 145,15.1 106,132.7 126.7,228.6 61,279.5 100.2,577.1 515.2,552.9 123.1,-7.1 148.7,263.8 28.8,275.9 -207.6,20.9 -188.9,165.6 -272.6,270.5 -157.2,197.9 -102.9,-24.8 -119.5,-91.3 -5.9,-23.9 4.8,-72.4 -1.8,-73.7 -198.4,-52.8 -329.8,-169 -370.5,-375.6 -69.7,199.5 -293.7,264.9 -388.6,415.2 -109.1,172.8 -165.2,350.5 -424.6,342.9zm16661.6 11608.4c-87.6,298.6 198.1,490.1 193.6,773.7 115.2,-215.3 220,-395.2 496.4,-303.2 24.7,30.9 87.2,77.7 79,103 -127.4,407 263.8,614.1 368.7,931.2 30.3,92.2 235.1,89.1 253.1,-101.3 24.6,-259.4 218.3,-140.7 345.8,-160.3 35.6,-5.6 110,42.5 114.7,73.7 10.4,69 37.6,201.3 -48.1,199.9 -316.8,-5.6 -286.1,297.9 -392.5,453.3 -72.2,105.6 -79.8,199.7 -239,200.4 -457,2 -169.6,285 -244.9,493.2 214.7,-88.9 92.5,-285.2 253.4,-336.5 91.7,188.6 67.9,381 31.9,570.5 -129,79.9 -253,37.2 -374.6,30.7 -21.8,-44.9 -59.4,-87.2 -60.7,-130.5 -11.4,-413.4 -14,-410.3 -307.1,-787.3 -35.4,-45.2 -10.4,-146.9 -110.6,-117.9 -26.7,7.7 -34.7,83.7 -49.2,128.8 -71.5,224.7 -231.6,211.6 -296.4,42.4 -74.3,-192 -305.2,-414.4 -20,-645.7 48.3,-39.4 6.5,-188.8 6.5,-317.3 -243.6,159.6 -475.6,152.9 -732.1,119.8 -8.3,-159 182.1,-276.5 168.5,-595.9 -41.4,-124.2 -61.9,-68.9 -55.9,5.4 3.8,47.4 -12.5,132.3 2.9,138 83.3,29.9 138.9,-31.4 147.9,-101.5 7.5,-61.7 -25.2,-128.7 -94.9,-41.9 -303.9,133.2 -570.7,84.5 -635.9,460.1l0 -1049.9c89.1,-87 246.1,20.1 334.7,-44.2 84.3,-60 113.3,-197.5 167.9,-304 87.4,163.4 95.4,410.8 393.6,317.8 92.8,-28.6 201.9,-4.5 303.3,-4.5zm7802.6 -23048.1l1124.4 0c123.3,258.3 -37,530.4 107.5,750.4 302.4,92.4 320.8,-567.8 737.4,-206.2 -280.7,367.6 -73.9,887.5 -382.3,1275.8 -190.3,-6.4 -34.1,-228.2 -163.2,-266.9 -138.2,-41.2 -231.6,-28.6 -254,155.8 -30.8,256.7 -254.5,63.7 -347.8,147.9 -166.3,-96.2 -102,-236.5 -110.2,-354.3 -14.7,-212.4 67.6,-476.9 -287.7,-485.8 1.4,-319.5 -233.1,-241.8 -421.5,-258.1 -271.6,-23.4 -276,-55.4 -70.8,-381.4 -159,-186.5 -387.6,-8.9 -562.8,-105.9 -17,-44.3 -49,-88 -49.5,-133.2 -7.3,-384.5 34.3,-768.1 -423.5,-984.4 -119.3,-56.5 -46.1,-327.9 -18.4,-571 202.8,78.6 413.2,-121.2 615.4,192.3 110,170.1 327.3,329.3 415.7,515.7 80.8,170.8 330.6,407 -90.7,631.6 60.8,25.7 121.2,51.9 182,77.7zm-14997.7 294.6c69.7,-47.8 51.2,-135.1 81.8,-195.2 69.4,-135.2 271.2,-156.1 283.2,-48.4 33.1,299.9 137.6,552.5 320.4,797.8 123.5,165.7 -161.9,268.3 -175.7,463.1 -11.8,162.3 -280.8,-9.1 -406.1,116.5 -14.7,119.8 172.7,159.8 128.9,301.2 -41.4,133.4 -220,136.9 -225.5,108 -55,-285.7 -251.9,-293.7 -482.3,-331.7 -104,-17 -286.8,-165.5 -216.4,-352.5 40.5,-107.3 217.1,-157 132,-325.8 -132.3,-232.8 -605.2,183.8 -616.5,-312.8 -379.2,4.7 -243,-354.6 -358,-535 -84.9,55.9 -85.3,128.7 -96.4,204.2 -11.2,79.9 -68.9,120.4 -161.3,114.9 -92.3,-5.6 -141.1,-48.3 -142.7,-134.7 -4.6,-200.4 -1.5,-401.1 -1.5,-583 -335.8,-165.2 -598.1,13.6 -901.5,136.5 164.7,-365.3 164.9,-364.5 491.6,-504.9 75.7,-32.6 104.4,-90.9 104.1,-176.4 0,-42 42.8,-83.7 65.7,-124.9 163.9,34.1 -8.4,312.6 241.6,310.2 150.5,-1.2 423.1,-119.4 442.4,70.6 32.1,312.8 218.9,202.3 372.5,232.4 249.6,49.2 184.6,397.4 413.1,458.4 192.6,51.5 411,-67 593.8,54.8 76.1,51.5 2.2,201.3 112.8,256.7zm-22192.1 29403.2c90.2,-51.9 57,-135.3 53,-204.2 -1.2,-21.1 -73.9,-63.6 -95.3,-53.8 -88.4,39.6 -54.3,128.9 -49.7,197.3 1.6,23.1 61.7,41.8 92,60.7zm187.9 565.3c-304.1,-179 -464.5,-375.3 -591.1,-601.3 -34.1,-60 -17.8,-147.5 -48.3,-210.9 -14.1,-28.1 -86,-34.7 -133.2,-38.5 -74.6,-6.2 -149.8,-1.6 -287.7,-1.6 60.2,435.8 -30,1284.7 -194.8,1746.1 -186.8,-262.3 -655.3,-473.9 -756.6,-910.2 -27.4,-116.5 -180.8,-55.5 -276.5,-59.7 -179.7,-7.8 -361.4,10.4 -539.5,-8.3 -75.5,-7.7 -104.9,-104.2 -85.5,-183 11.1,-43.8 48.8,-114 77,-115.5 231.4,-9.1 463.9,-19.2 693.9,-1.3 238.8,18.7 386,-86.2 463,-293.7 151.2,-409 410.8,-756.6 618.3,-1133.6 86.5,-156.1 356.1,-123.1 365.7,-384.2 1.3,-43 375.4,-209.8 415,156.9 6.9,65.5 73.7,138.5 139.1,32.8 41.9,-68 -39.6,-202.9 111.6,-214 16.5,-1.6 55.2,41.6 51.4,50.7 -134.3,320.6 518.4,179.9 318.2,557.1 -121.1,229.1 -327.3,422.2 -318.2,717.6 7.8,273.2 -12.2,546.8 -21.8,894.6zm36783.6 9036.4c23.2,110 -56.9,338.6 118.7,294.8 360.3,-90 386.6,224.8 444.4,372.7 85.1,218.6 154.6,450.9 256.6,725.4 204.6,0 431,7.8 656.5,-2.7 158.3,-7.4 201.6,46.3 238.3,205.9 37.6,165.1 121.6,94.2 142.2,-35.4 48.2,-300.1 275.5,-183.2 405.1,-132.9 135.8,52.3 82.1,246.9 50.9,348.9 -115.7,378.1 -594,522.1 -646.1,958.3 -3.5,24.5 -132,39.2 -203.1,49.2 -49.8,7.2 -146.2,-1.3 -146.2,-3.1 0.2,-372.1 -462,-208 -532.2,-449.7 -41.4,-143.7 -242.7,-219.3 -162.9,-395.3 28.7,-63.2 96.6,-108.2 146,-161.2 -115.5,-148.2 -299.5,-14.4 -442.9,-108.6 -9.3,-177.5 -18.7,-351.1 -27.6,-520.6 -140.9,-115.1 -300.3,-38.7 -446.1,-62.8 -146.8,-24.4 -395.7,76.4 -423.8,-53.6 -53.8,-247.2 -299,-333.1 -357.1,-552.2 -46.7,-176.8 71.7,-421.5 310,-631.7 182.5,146.5 395.2,173.1 619.3,154.6zm-15852.1 -5562.6l-802.2 0c-39.2,-74.5 -52.8,-94.4 -61.2,-116.8 -61.7,-167 145.6,-459.6 -151.9,-496.1 -227.3,-27.8 -181.5,293.2 -306.3,428.4 -34.6,37.2 -15.7,133.3 -95.8,161.9 -80.6,-48.8 -33,-157.3 -70.8,-198.4 -110.4,-118.3 -144.9,-241.4 -157,-402.8 -20,-256.5 386.3,-83.3 350.3,-399.4 -12.1,-107.1 191.4,-110.5 597.3,173.8 215.3,150.8 470.7,59.2 633.9,-178.3 72.2,-105.1 120,-206 160.1,-321.7 10,-28.6 82.2,-43 128,-51.5 95.3,-17.6 164.3,51.5 143.9,122.5 -50.6,178.5 180.6,484 -234.7,514.7 -108.2,7.6 -49.7,175.3 -70.1,269.7 -56.8,266.5 331.7,77.9 317.2,321 -8.6,145 -83.2,391.7 44.8,426.7 446.9,122.8 205.7,608.7 493,815.1 160.2,-175 2.4,-431.3 125.7,-622.8 238.7,176.6 -22.2,463.4 181,627.5 26.1,-40.3 71.7,-79.1 74,-120.5 4.7,-80.1 15.3,-165 93,-183.5 96.2,-22.9 233,-17.1 214.3,125.8 -23.6,175.9 251.5,211.1 139.3,442.9 -299.5,8.5 -440.4,256.5 -514.8,525.4 -361.8,-25.3 -206.6,-465.3 -546.8,-496.7 -265.6,-24.7 -218,-380.7 -357.4,-576.2 -174.3,12 -46.3,338 -298.5,289.6 -170.1,-32.7 -351.8,-6.2 -508.6,-6.2 -326.8,-389.2 406.4,-241.1 238.9,-554.2 -160.7,-301.6 490.5,-123.5 241.4,-519.9zm-18024.5 -46912.1c54.9,-185.9 151.3,-315.5 144.4,-491.4 -8.4,-200.5 424.2,-580.2 620.6,-584.9 128.4,-2.9 258.9,-14.7 384.9,2.9 157.2,22.3 227.8,-85 315.7,-172.9 120.5,-120.1 55.3,-209.1 -32.7,-320.2 -141.6,-179 -13.1,-378.3 -71.2,-568.2 185.7,-19.9 307.7,-33.4 411.5,-44.1 77.4,-46.5 76.7,-92 4,-116.9 -106.7,-37.4 -271,2.9 -247.2,-193.7 26.5,-223.6 -480,-46.8 -277.6,-400.3 123.8,-93.8 284.9,-11 427,-46.8 334.6,-83.5 332.9,364.3 605,371.1 -5.8,69.3 14.4,160.4 -21.9,204.9 -148.3,182.8 -452.2,323.5 -114.6,596.9 -74.4,226.2 -88.2,587.8 -234.5,653.1 -488.9,218.8 -349.5,524.1 -232,863 22.9,67 16.5,144 24.3,218.4 251.4,-57.5 447.7,-164.5 511.4,-464 165,277.6 -17.3,427.5 -50.3,603.8 -69,372.3 -316.9,144.5 -471.8,204.9 -44.6,17.6 -121.6,21.3 -130,48.3 -51.3,164.5 -134.5,435.5 -296.8,191 -123.6,-187.5 -662,-317.5 -265.9,-718.1 18,-18.4 49.4,-34.7 52.3,-54.9 9.4,-71.8 40.6,-155.9 -37.2,-207.1 -96.6,-63.7 -221.9,-55.4 -256,46.8 -130,386 -416.4,399.2 -761.4,378.4zm1683.6 14660.6c-228.8,260.9 -277.8,317.3 -621.6,297.6 -219.5,-12.9 -334.7,216.9 -547.7,159.9 -121.1,-127.5 -116.7,-316.4 -26.3,-405.2 240.9,-235.1 66.3,-375.6 -95.1,-478.1 -159.6,-101.5 -438.2,33.9 -485.6,-318.6 -15.3,-113.7 -313.5,-0.2 -480.2,326.2 -115.4,-358 -42.3,-671.7 -65,-974.8 154,68.4 395.8,-173.6 483.3,194.9 53,223.3 186.4,180.3 358.1,-221.8 163.2,291.7 219.3,623.7 542.6,762.2 42.7,18 67.8,230.2 225.1,188.5 122.8,-32.7 93,-160 93.3,-257.8 0.4,-154.5 48.2,-330 -9.6,-459.6 -134.7,-302.3 11.5,-498.7 137.8,-752.1 81.3,-161.6 113.6,-238.7 295.2,-231.7 160.6,6 375.6,82.1 363,-231.2 -3.8,-84.3 115.5,-58.7 139.5,19.9 81.3,265.4 544.7,387.8 262.6,789.5 -305.5,38.7 -600.3,272.3 -963.4,210.9 -16.3,-2.7 -57.1,75 -68.2,119.9 -20.9,82.9 19.2,163.2 96.9,173.9 221.5,30.5 453.3,-39.4 675.3,55.9 -310,601.6 -310,601.6 -310,1031.6zm-7655.4 42940c12.9,10.9 28.3,19.6 47.2,25.4 137.2,294.9 327.1,845.6 142.9,1312 -63.6,-2.6 -48.3,-85.3 -111.5,-64.6 0,-365.1 23.1,-1068 -78.6,-999.4l0 -273.4zm33347.7 -18.3c-378.5,-228.4 -401.5,336.4 -690.4,309.5 -105.1,389.6 -374.5,361.4 -705,265.2 54.1,-362.3 440.6,-788.7 -152.3,-1039.1 -28,-197.8 54.1,-405.9 -41.1,-598.8 -163.2,18.3 -85.1,149.2 -126.5,218.4 -20.5,35.3 -77.9,57.5 -123.2,68.8 -84.8,21.4 -163.4,-24 -168.9,-101.2 -13.6,-203.3 -4.5,-407.7 -4.5,-596.8 177,-148.3 366.3,-17.6 533.3,-85.4 150.2,-66.2 58.1,-269.7 212.2,-371.6 65.2,-42.8 90.6,-208.9 158.9,-313.6 24.7,-38.2 -93.9,-243.8 -145.4,-294.1 -181.4,-177 -161.6,-378.1 -130.7,-568.2 28.5,-176.3 153.6,-293.9 371,-304.6 229.8,-12.2 253.1,101.3 240.2,277.5 -8.5,110 15.6,189.7 159.7,197.2 193.7,9.6 186.8,149.2 106.6,260.8 -76.4,106.4 -195.7,210.3 -60.3,313.7 85,65 236.2,44.5 401.6,68.5 -4.4,201.3 -351.6,55.2 -305.9,295.9 41.9,220.2 -301.3,66.4 -297.9,244.1 7.1,349.7 -263.6,128.9 -407,273.2 174.3,268.1 47.4,632.3 120.5,1016.2 233.7,0 462,-16.7 687.3,4 265.2,24.7 398.9,183.9 367.8,460.4zm-27704.4 -41838.1c-103.3,186.1 187.1,318.6 29.7,576.9 -112.9,184.6 -26.5,499.9 -339.4,602.1 -22.7,475.8 -447.9,24.4 -593.4,360.2 -2.6,33.4 192.2,95.7 137.9,271 -42.6,137.4 -8.1,298.3 -8.1,447.1 530.4,107.5 747.5,494.9 971.5,897.3 -207.1,139.8 -362.3,76.6 -507.9,95.7 -20.5,-94.9 61,-245.4 -56.3,-277.6 -183.7,-51.1 -386.7,-89.6 -563.1,55 -248.3,203.2 -249.6,201.7 -611.4,183.9 -28.3,-310.9 276.3,-497 303.2,-782.2 -80.6,-208 -268.5,-58.8 -415.7,-127.4 -41.8,-24 -32.9,-52.3 -13.3,-97.9 234.7,-548.2 597.4,-1051.9 584.3,-1686.4 -1.8,-71.5 469.7,-516.1 542.1,-517 179.9,-2.5 360.2,-0.7 539.9,-0.7zm13038 43640.1c-64.4,-82.4 -154,-318.5 -183.6,-464.7 -54.3,-269.4 -134.3,-473.2 -413,-599.2 -146.5,-66.3 -31,-283 -59.7,-428.8 264.5,300.6 264.5,300.6 756.1,368.9 -68.5,144.5 -268.1,225.1 26.8,433.7 194.9,137.3 464.8,361.8 472,690.1l-598.6 0zm2765.7 -63446.3c193,83.5 526.9,-22.7 489.5,417.7 63.9,-109.1 108.1,-149.9 109.2,-192 3.3,-122 45.1,-190.7 176.7,-181.4 89.1,6 150.3,52.5 134.1,140.3 -86.6,476.7 198.6,604.5 587.5,632.1 114.3,7.8 196,27.4 190.4,167.2 -3.8,92.8 -48.5,144.3 -135.1,142.3 -198.8,-5.4 -165.4,132.4 -179.3,257.1 -16.4,150.3 109.4,387.9 -220.4,371.8 -77.3,-4 -77.3,88.7 -6.9,150.4 139.4,121.5 56.6,286.7 73.9,432.1 14.5,119.4 -35.4,191.9 -169.6,183.9 -89.3,-5.6 -152.1,-52.5 -135.4,-138.9 82.4,-424.2 -131.8,-763.5 -315.7,-1107.7 -114.2,-213.7 -131.4,-547.9 -530.2,-467.6 -57.2,11.2 -203.5,-126 -208.6,-200.8 -16.7,-254.7 -163.8,-266.5 -356.4,-254.5 -148.6,9.3 -242.7,11.8 -318.4,-204.2 -77.1,-220.4 -335.6,-127.5 -496.6,189.7 -202.1,-85.2 -109.7,-278.7 -76.8,-370.2 37,-104.2 107.1,-285.7 155.2,-307.5 188.1,-83.3 271.6,-328.6 374.5,-361.8 256.5,-83.3 558.2,-27.4 841.6,-27.4 -226,372.5 346.7,200.8 320.4,478 -22,230.9 -292.1,50.5 -303.6,251.4zm-10696.2 46581.7c0,240.2 -2.9,417.9 1.1,596.2 2.9,125.6 -52.6,165.2 -176,183 -183.9,25.9 -167.2,149.5 -87.5,273 153.5,238.1 224.5,365.4 -140.9,556.4 -326.6,170.8 -279.2,831.4 -67.2,1216.2 66.3,119.7 140.7,119.3 240.9,116.2 100.8,-3.6 222.2,-21.4 225.7,124.2 2.7,116.2 68.2,286.4 -89,333.5 -267.2,80.4 -382.5,556.3 -842.1,225.8 -174.8,-190.6 201.3,-371.3 162.4,-603.4 -104.9,-194.1 -494.4,88.4 -495,-322.6 -0.4,-109.5 -364.1,-95.9 -429.1,38.8 -30,61.4 -0.6,160 -79.5,196.6 -139.8,64.7 -0.9,350.6 -240.6,313 -295.1,-47 -177.9,-333.7 -132.1,-423.7 94.9,-186.3 41,-453.5 383.2,-543.5 380.1,-101.1 360,-176.5 377.8,-662.2 164.8,-169.8 386.1,-12.4 575,-99.7 295.4,-137.1 402.1,-294.3 348.2,-618.5 -14,-82 -55,-142.3 -150.5,-123.6 -46.1,8.5 -105.6,20.2 -129.8,52.8 -55.7,74.6 -0.5,207.3 -115.8,251.8 -43.4,17.1 -108.9,14.7 -148.5,-6.9 -35.5,-20.3 -81.3,-96.4 -69.3,-117.4 105.8,-187.6 137.2,-412.3 297.3,-576.2 26.5,-26.7 9.1,-100 84.3,-69.7 313.8,127.4 137,-368.7 399.3,-312.4 72.8,15.8 151.4,2.3 297.7,2.3zm-3711.4 15741.3c395,-224.1 711.3,212.4 1029.1,80.3 316.4,-132 614.9,-143.4 961.1,-134.5 -26.4,192 138.5,338.7 -178.5,490.3 -223.3,107.4 -376.8,410.5 -496.5,687.2l-877.2 0c64.5,-36.6 47.6,-246.9 6.1,-337 -120.4,-260.7 -280.7,-503.4 -444.1,-786.3zm31725.8 -56861.6l-152.9 0c-25.2,0 -72.2,-4 -72.8,0.5 -80.4,439.9 -705.1,487.1 -710.3,987.6 -0.9,80.9 -118.9,154.4 -142.5,241.9 -34.3,129.7 234.9,234.6 8.9,421.2 -87.3,71.5 -14.4,338 -14.4,515.7l-693.6 0c-72.3,-48.6 -88.8,-119.6 -79.3,-198.2 22.7,-193 -85.4,-372.1 -87.5,-537.9 -1.3,-100.2 69.7,-332.4 236.9,-436.6 26.8,-16.3 37.9,-162.6 -54.3,-194.9 -60.5,-21.3 -159,-22.7 -203.9,12.9 -308,245 -304.8,248.7 -632.1,228.7 -145.5,-230.6 198.8,-323.7 133.8,-576.7 367.4,0 722,0.3 1076.3,0 128.2,0 337.5,44.4 369.8,-11.8 96.8,-169.2 395,-62.3 391.2,-282.5 -5.3,-315.1 -266.8,-126.9 -410.3,-165.2 -93.4,-24.9 -199.1,-4.7 -262.8,-4.7 -122.7,-71.4 -96.4,-156.9 -91.7,-228 34.5,-535.2 138.3,-618.1 630.3,-449.1 329.8,113.6 625,73.7 915.3,-96.8 79.7,283.9 -180.3,500.5 -154.1,773.9zm-35773.4 36315.5l-546.2 0c-169,164.9 0.4,394.9 -104,573.3 -95.9,75.4 -521.7,70.8 -567.5,-20.7 -26.1,-52.3 11.3,-197.1 20.3,-197.1 423.9,0 197.7,-439.3 405.9,-614.3 115,-96.8 -182.8,-306.6 -214.5,-504 -2.6,-17.2 -152.1,-43.5 -196.6,36 -45.8,81.9 -65.4,177.7 -100,278.1 -180.3,-224.2 -185.6,-522.6 -399.2,-712.1 103.8,-54.3 211.3,-100.6 305.3,-166.3 22.9,-16 22,-120 -4.4,-144 -161.2,-146.7 -477.7,-91.5 -611,97.7 -92,129.6 -92,129.6 -387,289.9 -125.6,-96.2 -100.8,-327.7 -71.4,-339.7 234.6,-97.3 291.4,-381.7 548.3,-468.9 123.4,-41.7 180.2,-9.9 280.6,-2.5 362.4,26.5 731.4,126.5 1101.9,-89.1 142.7,-83 209.9,-134.4 260.5,-280.7 41,-118.2 183.9,-36.1 279,-57.3 7.1,342.1 -38.8,642.6 -408.2,813 -97.5,44.9 -78.6,264.5 -273.6,403.4 307.1,13.6 548.6,24.5 770.8,34.1 251.8,246 -193.2,316.6 -100.6,544.4 61.7,152.3 11.6,349.9 11.6,526.8zm24650 1937.5c-2.2,-488.1 -29.2,-961.4 -432.9,-1291.9 -32,-26 -60.7,-96.4 -48,-130 122.4,-326.8 -151.9,-450.6 -313.8,-631.9 169.5,-234 -532.1,4.5 -184.7,-350.4 170.5,-173.9 -192.9,-273 -126.8,-461.1 5,-14.5 -23.6,-40.1 -80.8,-130.1 -63.4,301.3 -377.4,355.4 -458,723.7 -52.7,-327.6 -401.4,-492.4 -94.1,-824.7 101.2,-108.7 16.2,-389.5 16.2,-583.6 147.9,-82.6 271.7,-114.3 304.2,69.9 20.7,116.9 45.8,191.7 177.6,181 130.5,-10.5 234,15.4 339.6,117.5 327.1,316.2 414.6,353 678,375.9 140.2,186.8 -83.8,486.7 166.5,620.1 196.2,105.1 100.8,472.9 423.5,434.4 62.7,188.1 324.8,388.3 206.8,536.8 -231.3,292.6 -96.8,590.2 -121.6,879.7 -23.3,271.4 -132.7,411.2 -451.7,464.7zm-8989.2 13846.9c227.8,159.4 595.6,-154.1 629.1,302.2 6,82.5 123.1,65.8 197.9,65.8 226,0.7 452.2,0.3 739.8,0.3 -90.5,301.7 2.5,546.4 -124,834.7 -101.1,228.9 -426.1,218 -414.3,513.9 2.9,70.8 -173.4,72.4 -245.4,-21.8 -26.2,-33.4 2.5,-105.6 -20.2,-144.3 -144.8,-247.2 -273,-526.1 -652.4,-413.2 -29.4,8.8 -79,-47.9 -115.1,-72 -29.2,-116 38.7,-183.4 100.2,-269.2 91.1,-127.1 116.9,-323.9 -18.3,-402.8 -198.2,-115.9 -203.1,81.6 -268,217.4 -56.6,118.2 -285,64.8 -397,298.1 -62.2,-426.6 12.2,-820.3 -200.7,-1133.8 -121.5,-177.8 -43.8,-514 -403.9,-521.6 -87,-2.2 -47.1,-129.6 -53.8,-201.3 -14.5,-154.7 106.6,-72.3 153.6,-72.1 204,1.3 424.6,-88.2 517,250.5 40.1,146.4 413.3,56 562.9,-155.3 73,-103.2 159,-132.7 246.2,-81.7 100.4,58.2 85.8,157 25.9,259 -132.8,226.9 -321.3,437.3 -259.5,747.2zm14791.9 -36290.5c-30.2,19 -90.3,37.7 -91.9,60.4 -4.5,68.8 -38.8,158.1 49.6,198.1 21.2,9.2 94,-32.9 95.3,-54.3 4.1,-69 37.4,-152.1 -53,-204.2zm-1791.2 -2172.6c176.4,-11.4 300.1,-52.3 447.8,37.4 36.3,237.3 -65.7,544.4 236.2,723.2 133.2,78.6 114,210.2 -2.2,312.1 -148.1,129.4 -13,279.2 -80.6,386.1 239.6,166.1 624,-108.9 690.2,344.2 9.6,67.9 353.1,101.3 382.7,-38.3 92.6,-438.2 394.3,-143.6 564.7,-238.7 126.6,137.4 70.1,271.9 70.1,392.3 0,150.1 23.6,243 202.6,234.5 116.3,-5.6 273.9,-44.5 265.6,161.2 -8.7,208 -173.6,143.8 -283.2,141.4 -123.8,-2.7 -183.2,147.6 -246.4,138.5 -279.2,-39.6 -194.9,302.3 -319.3,309 -129.4,7.6 -28.7,-373.6 -315.7,-293 -126.5,-214.2 -228.7,-93.3 -325.6,26.7 -94.8,117.2 -252.2,142.1 -371.4,49.7 -155.4,-120 -132.2,16.2 -150.2,101.7 -50.6,240 -254.7,146.1 -367.9,124 -159.6,-31.6 -134.9,-263.3 -85.5,-315 184.4,-194.8 141.9,-418.4 141.9,-638.3 0,-195.8 -405.5,-45 -298.6,-316.2 52.1,-131.4 214,-214.7 291.4,-341.8 104.5,-171.2 -95.5,-271.2 -157.1,-386.1 -277.2,-516.9 -292.6,-508.5 -289.5,-914.6zm9897.6 5555.1c37.3,339.8 252.4,653.3 128.4,1034.3 -108.4,112.8 -272.3,47.4 -416.1,43 -198.2,-6.3 -321.8,-136.1 -329.3,-338.7 -9.6,-279.5 -2.2,-560.2 -2.2,-842.5 -214.2,-104.4 -421.5,-23.2 -619,-50.8 0,-25.8 10,-58.1 -1.8,-76.4 -133.4,-206.1 335.6,-268.3 103.3,-538.8 -206.1,-239.6 -333.7,58.4 -497,-0.9 -66.7,-24 -216.3,-0.4 -195.9,-59.7 94.2,-274.7 -391,-508.5 -40,-810.6 64.3,-55.2 37.3,-239.8 213.9,-215.1 216.9,30.5 339.8,-183.2 542.8,-198.1 151.7,-244.7 -268.2,-356.3 -135.6,-623.3 90.7,-183.6 -26,-380.2 -140,-553 -43.4,-66.2 17.6,-150.3 96.2,-170.6 72.3,-18.7 208.8,8.7 192.4,64.2 -90.4,309.6 385.8,154.5 320.4,398.7 -55.5,208.9 227.3,364.5 144.7,466.5 -166.8,206.4 -55,501.1 -268.8,669.3 -16,12.4 -15.6,44.3 -25.4,65.7 -201.9,440.4 -195,466 259.2,834.7 146.5,118.6 229.3,252.5 209.7,457.1 -31.4,324.1 150.1,458.4 460.1,445zm-15322.7 27859.4c179.9,-314.2 477.5,-60.4 712.2,-186.6 38.3,205.7 194.6,392.3 -127.1,496.5 33.8,23.6 54.8,0.4 34.9,-73 -17.7,-65.2 -18.4,-136.7 -43.2,-198.2 -19.7,-47.6 -73.9,-37.2 -97.4,26.1 -33.7,92.6 -27.2,183.2 105.7,245.1 33.8,76.6 1.1,188.4 39.4,225.1 236.7,225.5 165.7,415 10.7,658.4 -57.2,89.5 -133.6,197.5 -170.6,311.9 -70.5,216.9 51.2,327.3 392.3,352.1 219.4,296.5 -105.5,706.8 198,1002.3 30.7,29.6 -105.3,239.6 -177.4,356.9 -17.6,28.7 -92.7,37.6 -136.8,29.4 -43.4,-7.8 -114.9,-46.5 -116.2,-74.8 -10.2,-205.1 -5.6,-411 -5.6,-616.5 -106.2,-160.5 -291.9,-18 -459.5,-138.9 -67.9,-216.2 285.2,-399.3 128,-652 -68.3,-102.9 -179.4,-60.7 -275,-59.2 -521.2,7.4 -494,16.9 -643,578.7 -71.7,269.8 -200.2,476 105.8,690.9 149.6,105.5 4.6,349.1 70.3,503.8 53.9,126.9 248.1,209.3 80.6,374.3 -87.5,87 -304.1,-90.9 -365.8,-341.8 -80.8,-329.3 -134,-666.4 -186.1,-1002.3 -25.2,-163 61.6,-367 -242.7,-361.2 -86.2,1.4 -115.6,-175.9 -27.8,-247.3 261.4,-212.2 334.8,-530.2 501.4,-829.4l966.7 0c-5.5,-256.5 -172.3,-898.9 -271.8,-1070.3zm-5247.5 -33455.3l0 582.9c134.9,112.7 539.9,78.4 591.1,-76.5 55.1,-167.2 124.1,-202.2 260.5,-153.2 88.4,32 56.2,130 62.4,203.2 12.5,141.2 -3.8,255.4 -191.1,243 -73.4,-4.5 -147.8,8.4 -247.7,15.1l0 708.5c201,136.3 472.6,-20.5 716.7,87.9 121.5,313.5 -105.1,695.2 169,983.7 -235.4,264.5 -308.9,-197 -541.1,-107.7 -178.8,68.8 -405.4,13.5 -600.3,13.5 -285.2,-232.2 190.9,-335.1 75.3,-533.9 -88.9,-136.7 -228.2,-70.4 -347.6,-84.6 -271.4,-33.6 -376.9,-195.9 -298.5,-508.8 27.1,-108.9 40.1,-252 -51,-255.1 -393.5,-11.8 -301.5,-169.9 -120.5,-350 263.9,-261.9 387.4,-569.3 352.3,-938.3 -17,-179.4 44.1,-234 229.9,-299.9 122.1,-43.9 157,-326.8 236.5,-499.9 35.2,-75.9 108.7,-107.9 187.3,-87.4 145.4,38 372.2,638.5 257.6,688.2 -244.7,106 -305.5,525 -740.8,369.3zm9872.2 7619.8c-132.7,-6.9 -253.9,-13.5 -379.6,-19.7 -163,-166.1 15.5,-397 -110.1,-580.7 -211.4,-22.5 -17.7,226.4 -201.5,232.8 6.5,3.4 -58.7,-12.8 -59.6,-32.2 -8.3,-153.4 -7.4,-307.7 -3.3,-461.4 2,-72.1 -20.3,-214.4 49.4,-199.5 303.7,65.1 218.4,-448.6 458,-328.1 191.2,95.9 130,306.5 -0.7,500.5 -106.6,158.9 -75.2,380.3 23,568.2 79.6,-49.2 82.1,-120.2 91.7,-195.7 10,-80 65.6,-121.6 158.7,-117.8 93.7,3.8 143,47.4 145.2,131.6 6,200.6 2.2,401.7 2.2,603.4 313.3,134.5 585.2,-96.5 899.8,11.1 211.9,72.4 299.4,141.6 408.5,311.7 69,107.5 42.3,247.4 146.3,325.8 129.1,-39.2 73.9,-160.4 127.1,-269.5 210.9,-35.8 39.4,318.2 282.4,296.4 168.9,-15.1 307.9,142 307.9,356.5 -0.4,31.1 61.7,68.3 101.7,91.9 432.9,258.3 484.3,355.6 187.9,691.4 -186.8,211.3 -100.1,426.6 -150.9,636.1 -132.9,112.9 -274.8,78.6 -418.4,25.3 -83.2,-242.6 -49.8,-469.1 94,-680.8 -248.3,-158.5 -52.6,-431.3 -163.2,-629.3 -114.2,-123.1 -346.9,62.9 -407.7,-107.9 -136.2,-380.7 -431.7,-393.7 -753,-400.8 -154.9,-3.6 -350,88.4 -374.5,-226.7 -10,-132.7 -108.6,-14.7 -136.3,85.1 -63.6,225.1 -191.4,200.4 -303.4,42.7 -119.1,-167.2 -120.9,-415.4 -21.6,-660.4zm4197.4 2929c-336.7,153 -86.8,443.1 -150.3,660.9 -25.8,89.9 -7.5,277.2 75.9,254.3 315.6,-87.1 139.7,382.4 400.6,323.2 347.1,-78.8 329.1,171.3 283.2,364.9 -40.5,171.3 203.5,260.1 105.3,370.1 -79.9,89.1 -256.9,40.8 -272.7,270.3 -9.2,128.5 -263.2,112.2 -391.4,39.4 -97.3,-55 -75.5,-172.7 11.1,-255.4 18.5,-17.8 44.1,-33.6 53.2,-55 57.9,-142.5 107.5,-338.2 -35.4,-403.2 -172.8,-78.1 -401.9,-90.4 -417.2,230.9 -3.9,87.7 -128.1,48.3 -231.4,60.8 -120.9,-281.9 4.5,-594 -79.5,-896.4 -186.3,-87.7 -392.3,-9.3 -589.5,-36.3l0 -395.2c221.9,-156.5 490.9,-6 724.4,-96.6 13.8,-152.3 222.7,-378.6 130.7,-404.1 -323.3,-89.1 -288.1,-179.3 -114.9,-399.7 112.9,-143.2 121.9,-367 232.5,-513.9 113.6,-151.2 124.2,-196.1 -73.9,-202.6 -200.4,-6.2 -89.3,-199.5 -171.4,-289 -135,-147.4 -152.3,-430 -470.7,-337.3 -60.2,17.6 -112.3,-76.8 -103.4,-164.8 9.2,-88.6 50.1,-136.9 140.1,-137.2 179.7,-1 359.1,-0.4 569.5,-0.4 69.9,159.4 156.6,326 216.7,501.9 45.9,134 139.4,127.1 238.4,116.2 321.1,-36.7 228.5,203.3 223.8,355.4 -4.9,166.5 -557.1,77.7 -211.5,436.4 225.8,234.6 -229.8,375.1 -92.2,602.4zm-34842.6 25895.4c23.4,2.6 -135.6,-548.2 -112.8,-531.5 256,185.9 329.2,476.9 312.6,789.1 -5.2,100.1 -0.7,200.8 -0.7,290.8 176.6,132.6 359.8,51.2 531.4,68.1 97.6,9.3 216.7,-22.5 238.7,113.1 16.7,101.5 1.8,210.2 -150.2,198.6 -151,-12.2 -116.9,114.2 -163,193.2 -100.4,170.1 -187.9,160.2 -298.6,-17.5 -39.9,-63.9 -97.5,-248.3 -129.2,-102.5 -132.2,609.2 -238.9,-827.1 -228.2,-1001.4zm13019.6 -5310.7c48.1,180.3 -166.3,512.7 273.8,464.9 308.4,-33.2 229.4,282.9 324.5,419.7 95.2,138.2 20.9,393.2 20.9,586.9 112.6,126.9 250.9,47.8 368,78.3 152.6,40.3 46.4,237.2 168.4,301.5 73.6,-41 75.9,-109.7 85.7,-184.8 17.6,-141.1 138.2,-143.8 227.7,-108.2 44.6,17.6 95.3,157.4 72,185.9 -246,309 -315.7,694.5 -446.9,1047.8 -87,234.7 -250.9,158.5 -363.3,137.2 -163.5,-31 -154.1,-172.3 -47.7,-281.5 103.3,-105.7 142.1,-208.1 20,-318.1 -314.1,-282.1 -423.4,-646.6 -404.7,-1060.7 -228.5,-11.4 -82.4,199.9 -189.5,249.6 -104.2,48.7 -239.2,48 -253.2,-49.7 -32.9,-220.2 -10.2,-448.4 -10.2,-676.2 -208.9,19.2 -147.2,140.5 -152.8,221.3 -6.7,100 15.2,210.7 -130.9,223.6 -120.9,10.6 -197.7,-41.4 -179.4,-171.2 32.9,-233.4 -59.7,-330.9 -293.1,-292.4 -87.2,14.2 -156,-26 -168.5,-104.2 -16.3,-100.6 -7.8,-212.4 142.7,-204.4 142.5,7.3 174.4,-81 160.1,-191.5 -17.1,-142 -132,-120.7 -232,-119.5 -128,1.5 -256.3,0.6 -384.7,0.6 176.3,-126.6 49.6,-505.6 405.9,-488.3 17.5,0.7 61.2,-80.5 55.2,-117.3 -72.2,-443.5 253.8,-301.2 467.5,-323.3 -297.6,262.8 -297.6,262.8 -302.7,703.4 575.9,150.9 575.9,150.9 767.2,70.6zm4222.1 -26313.7c-183.9,-454 315.5,-491.2 372.1,-771.7 453.3,188.8 567.6,-458.2 1026.7,-340 -221.6,-223.3 -454.7,-40.8 -670.4,-191.3 -19.7,-204.6 303.7,-448.8 11.3,-689.3 -46.3,-38.1 -73.7,-274.5 87.9,-317.7 106.9,-28.1 236.9,-38.3 361.2,51.6 176.8,127.8 134.7,379.4 315.9,492.5 -105.9,431.3 356.5,799.8 112.9,1247.3 -85,149.2 -308.4,-46.3 -388.9,108.9 -149.2,288.3 140.7,470.5 206.4,788.9 32.4,-398.3 226.1,-427.5 468.4,-363.6 114.5,88.6 37,203.3 66.6,295.9 87.2,269.8 -102,287.2 -282.4,376.2 -213.7,105.2 -335.5,-168 -519.2,-65.9 -149.1,82.9 -287,208 -476.7,151.7 -54.7,-16.1 -88.1,-23.4 -69.7,-137 90.6,-564.1 25.2,-618.5 -622.1,-636.5zm16362.8 32658.4c152,72.8 429.7,-183.7 470.6,197.7 19.6,183.6 199.5,101.7 312.2,110.4 150.3,12 145.1,-102.2 145.6,-205.5 0,-25.6 -5.3,-53 0.7,-77 67.2,-255 286.3,-445.3 309,-719.7 -302.4,-18 -296.6,-323.2 -505.2,-539.7 381,95.3 524.1,-114.2 637.7,-367.1 41.6,-93.1 -254,-155.2 -27.9,-249.6 85.5,-35.6 198.6,-5.8 345.6,-5.8 44.3,287 -71,642.4 278.3,807.8 19.6,9.5 47.4,44.9 42.8,56.5 -108.7,263 -211.6,529.5 -337.1,784.5 -55.3,112.2 -187.7,34.9 -283,52.9 -24.3,4.7 -50.3,0.7 -99.7,0.7 -140.1,282.3 67,651.2 -198.4,916.6 -42.4,42.2 6.8,190.4 33.6,283.7 211,724.8 149.1,804.9 -631.3,779.7 -11.7,-152.2 108.3,-101 181.5,-125.3 77.1,-25.2 111.1,-90.8 98.9,-175.5 -12,-85.4 -52.1,-136 -145.6,-131.8 -327.8,14.9 -464,-61.4 -190.6,-368.2 69.2,-77.5 47,-206.6 -66.1,-244.5 -91.6,-30.9 -213.1,-19.8 -215.4,128.5 -3.5,187.4 -118.9,211.3 -247.8,153.2 -115.7,-51.7 -50.1,-182 -62.5,-277.9 -20.8,-159.5 207.7,-214.2 160.1,-399.7 -31.4,-120.6 -6,-255.4 -6,-384.9zm-22132.6 -53550.3c563.6,155.7 786,-309 1075.7,-618.1 138.9,-148 195.9,-372.3 293.9,-570.4 -89.5,-109.8 -229.3,-23.2 -400.3,-63.9 -45.2,-215.5 -102.9,-410.1 75.7,-665.9 215.9,-309.6 210.6,-349.9 497.3,-35.9 83.5,91.9 159.7,97.3 257.5,96.9 103,-0.3 236.4,-3 207,141.3 -60.6,291.3 206.2,513.3 154.3,785.3 -55.6,293 191,509.2 158.3,786.4 -5.5,45 -39.2,86.2 -56.6,122.1 -254.2,-38.6 -167.2,-389.2 -453,-473.2 -213.6,342.9 -415.9,697.3 -722.5,972.8 -162.8,146.2 -146.3,168.5 -313.1,-35 -147.6,-180.3 -405.9,-205 -446.6,-18.2 -80.6,370.5 -328.2,126.7 -482.5,194.6 0,-122.7 -26.3,-249.2 102.9,-338.3 103.7,-70.3 32.7,-186.8 52,-280.5zm-10973.8 29004.2c40.1,239.4 273.9,383 216.2,631 -331.1,121.4 -85.1,394.5 -147.9,588.2 -33.6,103.8 -34.5,193.1 -173.4,186.8 -22.5,-1.1 40.1,-702.2 22.5,-708l82.6 -698zm20546.1 14640.9c137.4,361.9 -109.3,670 -179.5,1080.4 356.3,-51.7 724.8,208.8 890.2,-301.5 133.8,250.7 330.9,484.5 377.2,745.4 43.6,244.3 50.1,386.7 343.8,338.4 144.9,-23.8 181.6,163.5 132.6,199.1 -287.2,207 -62.1,379.2 -1.9,576.7 29.1,93.7 82.6,283.4 -115.8,295.9 -123.4,7.7 -358,96.6 -330.2,-159 24.7,-226.2 -190.4,-343.5 -179.7,-548.4 -169.5,-146 -398.3,22 -597.8,-123.1l0 -646.2c-194,-81.9 -141,60.1 -160.8,130.7 -52.1,183.9 -203.9,108.9 -315.3,110.5 -123.8,2.2 -149.4,138.2 -244.4,155.2 -98.2,17.6 -201.7,3.7 -361,3.7 93.1,-181.4 160.4,-344.9 257,-488.5 50.7,-74.5 63.7,-191.2 37,-204.3 -562.7,-278.6 -203.5,-872.9 -465.8,-1271.4 316.1,179 632.3,93.3 914.4,106.4zm-3845.7 -2929.6c467.4,-53.2 754.6,-295.3 766.4,-774.8 6.2,-233.2 72.8,-419.8 289.2,-462.3 179.1,-35.6 155.7,-138.9 200.7,-250.2 41.6,-103.1 244.6,-95.3 240.9,-30.3 -15.8,291.2 397,549 59.4,870.3 -56.8,53.9 -48.1,178.1 -180.6,173.9 -150.2,-4.7 -319,-39 -295.2,214.7 23.8,250.2 148.7,549.2 349.4,531.2 321.7,-28.7 209.7,317.7 401.2,333.3 178.8,14.3 359.8,-2.2 539.5,7.1 40.7,2.1 82.6,51.5 116.4,86 69.2,70.1 163.4,125.6 144.3,248.7 -21.9,145.1 -128.1,128.7 -229.1,125.4 -99.8,-3 -214.9,-23.4 -234,118.6 -24.7,184.4 96.1,207.5 238.2,190.4 157.8,-18.7 238.9,35.2 226,207.1 -9.3,124 24.9,259.5 -175,259.8 -224.7,0.7 -427.5,-119.8 -441.5,-309.7 -17.4,-230.2 -4.3,-462.9 -4.3,-751.5 -305,18 -659.9,-220.9 -833.1,267.9 -189.5,-36.8 -19,-305.9 -217.5,-336.9 -57.5,-9.1 -47,-96 -166.4,-71.3 -302.1,63.9 -308.4,34.3 -370.7,-319 -200.2,-10.3 -52.3,202.8 -160.8,252.2 -105,47.2 -233.3,48.6 -253.8,-52.7 -35.1,-173 -9.6,-358.2 -9.6,-527.9zm20429.9 18252.8c-10.9,-334.4 -169.6,-561.1 -471.5,-712.7 -126.7,-64 -335.4,-49.2 -332.2,-308.2 1.5,-106.6 -122.3,-4.4 -119.8,46.3 14.5,259.8 -169.2,202 -308.6,198 -139,-3.4 -228.7,-217.3 -133.2,-241.9 397.7,-102.6 281.9,-379.4 262.8,-630.3 -144.3,-98.4 -299.5,-34.5 -445.3,-53.4 53,-300.2 283,-116.9 429,-149.6 156.8,-34.6 370.5,67.6 358,-240.7 -3.7,-83.9 131.4,-55.4 136.1,18.9 18.9,303.2 437.3,219.3 464.9,484.1 24.2,227.9 4.7,459.9 6.2,690.4 0,22.7 12.5,45.6 37.6,130.2 362.1,-122 664.9,206.7 1045.1,149.9 -27.3,315.1 300,554.2 109.6,928.7l509.2 0c-8.4,195.5 -71.9,374 -126.2,559.1 -102,344.4 -282.1,179.9 -441.3,193 -133.8,-187.3 46.7,-550.9 -117.1,-558 -407.3,-17.6 -363,-728.3 -863.3,-503.8zm-20120.4 -31082.3c0,-104.2 -6.4,-181.9 1.4,-258.5 15.3,-151.3 -35.4,-199.9 -196.9,-245.5 -225.5,-63.1 -317.4,295.4 -540.3,128.2 46.7,-252 294.6,-426.2 272,-705.6 -9.8,-119.7 35.9,-191.5 170,-184.5 149.6,8 136.6,114 140,215.7 2.6,72.2 14.7,144.3 23.4,219.7 222.8,11 57.2,-225.5 181.9,-250.7 118,-24.2 240.9,-24.2 417.4,-39.8l0 621.4c142.5,-27.1 151.9,-89.5 151.5,-165.2 -0.3,-88.8 49.1,-130 139.5,-137.8 90,-7.4 156.6,31.4 165,110.4 15.2,148.3 59.3,276.8 112.9,417 80,210.7 164.3,267.7 365,251.4 144.4,-11.6 311.6,-52.3 308.5,205.8 -1.5,123.1 148.3,89.7 244.7,102.6 385,51.2 493.6,230 465.2,749.4 -93.5,-6.6 -73.3,-89 -104.9,-142.4 -249.6,-420.8 -341.5,-420.4 -613.9,-16.7 -113.3,168 -116.6,171 -308.1,-36.8 -118.5,-128.4 -134.5,-64.8 -158.6,60.4 -45.8,239.8 -177,202.1 -305.7,69 -161.8,-168.1 -240.9,-224.5 -427.6,-258.8 145.1,-211.9 142.5,-443.5 87.4,-708.7l-589.8 0zm12628.9 26748.8c215.9,435.3 256.5,906.2 623.8,1299.8 -394.5,152.1 -731.8,125.8 -1031.8,71.5 -173,-31.4 -327.4,-266.1 -450.1,-437.7 -67.3,-94.4 92.4,-157.9 146.5,-242 -165.9,-167.9 -395.3,0.4 -626.6,-134.8l0 -852.5c-205,514.8 -598.2,211.5 -905.1,319.9l0 -1058.7c235.2,-44.3 72.4,268.4 226.2,256.1 280.4,-22.3 477,28.7 647.8,302.8 98.4,158.3 454.1,83.5 511.2,396.3 20.5,111.4 169.4,78 268,78.9 201.8,1.3 403.3,0.4 590.1,0.4zm-5269.6 -27c139.6,255 -26.5,481.2 145.7,644.4 139.1,-55.6 10,-254.9 169,-297 108.9,132.9 90.3,281 20.9,415.5 -131.6,254.4 -282.6,498.9 -419.5,750.1 -132.7,242.6 -190.4,270.3 -294.3,29.4 -114.2,-264.3 -425.1,34.7 -480.1,-235.1 -34.3,-167.3 79.7,-357.9 -77.9,-506.4 -55.4,-52.1 -102.7,-121.8 -168.3,-151.8 -346.2,-157.7 -347.4,-154.3 -219.8,-468.3 8.7,-21.8 1.1,-50.9 1.1,-81.9 -150.2,-144.1 -397,15.6 -493.4,-84.6 -162.3,-168.5 -300.3,-303.3 -546.1,-349.1 -100.2,-18.9 -31.4,-224.9 -35.9,-349.1 160.6,-130.3 355.6,-9.2 513.9,-68.4 322,-120.5 157.2,405.5 478.1,324.8 369.1,-93.4 173,264.3 279.2,427.5l1127.4 0zm-11557.2 -21359c-142.2,16.7 -369.8,28.3 -370.4,45.7 -9.2,363.8 -611.9,271.8 -519.3,746.3l762.9 0c-13,177.3 18.4,326 -40.6,412.1 -92.6,134.8 -156,206.2 -47.4,386.1 165.7,273.9 161.9,545.3 -223.1,683.6 -110.6,39.4 -196.4,160.5 -163,313.3 59.5,269.4 -134.2,458.2 -219.5,680.2 -123.6,-43.2 -55.4,-177.3 -114.2,-242.7 -277.2,-307.8 -274.4,-392.1 51.4,-674.5 42.1,-36.9 195.9,-69 74.2,-118.6 -596.8,-244.1 -43,-608.6 -127,-956.5l-742.5 0c173,-389.5 327.5,-696.3 651.9,-927.8 193.5,-137.8 272.3,-441.6 392.3,-676.4 61.5,-120.5 25.2,-277.2 266.3,-276.8 240.9,0 199.1,160.7 269.4,274.7 52.3,84.6 143.6,143.7 98.6,331.3zm16424.9 12873.5c249.3,35.2 73.4,-270.7 243.6,-300.1 128,128 52.3,289.9 62.1,435.7 8.7,129.2 61.4,184 184.3,173.1 147.4,-13 172.6,-179.1 122.5,-216 -390.6,-289.3 106.6,-466.5 97.1,-705.1 105.5,310.3 103,647 42.5,949.8 -34.5,172.1 -69,484.5 -456.5,452.6 -344.4,-28.5 -483.6,380.1 -755.4,539.7 -27.8,16.3 -29,149.2 54.8,200.2 417.4,252.9 432.1,246.2 553.9,517.5 57.7,128.6 137.8,117.5 237.8,124.6 17.8,1.1 30.3,67.7 45.5,104.4 -178.6,33.7 -267.3,139.2 -332.9,312.9 -26.1,70.5 -100.9,-37.6 -98,-107.1 7.1,-146.7 -87,-174.1 -195,-158.5 -362.3,53 -249.4,-217.1 -276.4,-405.1 -223.1,-148.5 -495.3,10.1 -727.4,-97.7 -200.3,-216.2 273.3,-315.7 19.6,-582.7l-679.1 0c70.6,-148.2 141,-295.7 221.2,-464.2 164.3,0 339.5,10.3 512.9,-2.7 218.2,-16.7 448.4,67.1 653.3,-69.7 -78.8,-322.6 275.2,-199.7 376.9,-358 76.7,-118.6 92.7,-220.6 92.7,-343.6zm-22287.3 -38897.4c224.2,-63.3 239,-294.2 293,-448.7 60.6,-173.4 150.8,-147.6 270.4,-175.2 265.3,-61.3 262.4,-72 56.9,-383.9 126.5,-134.5 273.9,-75.5 422.6,-42.5 35,145.8 -205,228.2 -55.2,435.7 172.6,238.3 117.8,269.6 -136.5,618.3 -40.3,55.7 -69.9,130.9 -73.7,198.8 -10.6,175.1 -3.5,351 -3.5,513 -205.1,129.8 -600.1,-99.3 -570.3,355.2 -32.7,-89.3 -64.9,-178.6 -135.5,-373 -112.9,444.9 -47.4,806.5 -68.2,1159.6l-696.7 0c-200.1,-165.4 47,-449.8 -159.8,-617.8 -189,178.5 55.7,464.6 -162.8,630.7 -53.9,41 -108.8,80 -163.4,120 -32.5,-209 -383.9,-22.7 -366.7,-298.3 5.6,-92 48.3,-144.3 133.6,-141.9 197.2,5.2 186.8,-128.4 176.1,-255.5 -13.8,-168.2 59.7,-228.5 221.6,-212.3 97.7,9.4 203.5,23.2 244.7,-107.7 21.8,-68.1 35.3,-174.4 79.4,-191.3 89.8,-33.8 210.2,-31.8 227.6,111.4 8.4,74.3 5.1,145.8 95.9,180.1 106.5,-361.1 440.5,-646.8 370.5,-1074.7zm22442.2 32998.8l-544.3 0c-264.5,1012.8 -241,1065.3 521,1133.5l0 689.5c-135.2,124.2 -323.5,48.1 -491.9,44.5 -194.3,-4.2 -266.5,57.3 -277.8,250.5 -4.5,80.6 -125.8,80.6 -195.1,61.9 -77.9,-20.7 -85,-99.1 -99.5,-177 -44.5,-238.4 80.6,-426.4 181.5,-658.6 -213.8,-105.1 -421.7,-206.4 -621.3,-304.6l0 -507.8c194.6,-131.8 425.5,47.1 591.9,-118 -39.2,-77.7 -106,-82.2 -181.5,-90 -143.8,-14.5 -133.8,-215.5 -119.8,-216.9 433.9,-43.4 289,-611.2 678.6,-725.2 209.3,-61.2 13,-427.2 240.9,-580.8 50.1,-33.9 32.8,-182.8 172.2,-178.2 150.7,4.9 144.7,107.1 145.1,210l0 1167.2zm-24918.5 6313.5c110,-22.8 286.5,74.8 303.7,-121.4 16,-179 98,-209.3 277.4,-173.4 110.2,278.7 -51.8,628.1 182.1,910.6 87.5,105.5 -136.4,224 -167.2,384.5 -27.8,144.5 -118.2,22.3 -134.2,-82.3 -6.7,-45 -45.2,-125 -58.8,-122.7 -262.3,41.6 -201.5,-285.5 -321.3,-305.3 -134.5,-22.2 -21.6,379.9 -314.4,284.6 -91.5,454.2 -411.2,281.2 -698.2,304.6 150,-489 150,-489 57.7,-1228.8 -41.5,-123.8 -62,-68.4 -56.4,5.7 4.2,47.7 -12.2,132.5 3.1,137.8 83.6,30.1 138.8,-30.7 147.7,-101.3 8,-61.4 -24.8,-128.4 -94.4,-42.2 -514.6,-367.6 -514.6,-367.6 -479.4,-933.6 172.1,0 347.1,-8.3 521,2 167.2,9.8 229.8,-58.6 217.5,-220.7 -1.8,-20.9 61.2,-45.8 94.6,-68.8 36.8,207.5 186.4,297.2 358.5,386.8 40.1,21.3 40.1,253.4 -7.3,282.9 -172.6,107.2 -162.8,305.3 -249.8,448 -167.7,274.5 91.3,249.2 263.4,253 0,50.5 -6.7,102.2 1.9,151.4 7.6,45.2 24.5,120 49.9,125.6 95.3,21.3 106.3,-49.9 103.1,-124.7 -1.8,-51 -0.2,-101.8 -0.2,-152.3zm26386.3 -29821.8c-272.4,208.2 -201.5,687.8 -700.7,409.7 20.9,472.2 22.7,871.2 -269,1186.3 -28.3,30.4 -47.9,118.8 -30.3,135.3 450,410.2 -269.2,774.6 64.6,1167 -321.7,30.4 -144.7,-206.4 -307,-247.7 -168.6,673.1 -694.9,388.1 -1098.2,449.6 -157.8,-350 94,-546.8 187.1,-782.6 98.1,-247.8 184.3,-536.6 565,-465.4 72.9,13.4 147.2,-55.9 118.9,-150 -79.7,-267.4 179.5,-461.1 153.2,-708.3 -44.1,-413.7 401.9,-73.9 470.9,-320.9 53.5,-191.9 -342,-307.2 -77.4,-521.2 75.4,-61.4 119.5,-162 246.2,-154.5 178.1,10.2 356.9,2.7 676.7,2.7zm2965.4 30512.7c-32.2,17.8 -66.1,36.2 -99.7,54.9 17.4,17.2 38.1,51.7 51.2,48.3 36.3,-8 69.3,-31.1 103.5,-48.3 -17.1,-16.9 -34.2,-34.5 -55,-54.9zm1265 -690.7c-226,139.2 -499,-40.5 -724.3,96.8 -34.8,140.7 -46.4,260.8 145.3,261.6 91.8,0 125.8,49 144.8,132.5 31.2,138.1 -268.3,245.2 -14.9,428.2 67.9,49.2 63.6,334 -35.2,498.1 -212.9,5.7 -21.2,-232.7 -173.9,-267.7 -108.5,114.9 -99.3,379.6 -380.8,298.2 -118,-34.1 -260,18.4 -381.3,-10.7 -281.9,-67.2 -208.9,212.6 -375.2,349.5 -8.9,-418.1 -188.8,-808.9 200.6,-1123.4 35.2,-28.1 69.5,-79.1 72.1,-121.4 14.3,-221.3 -59,-583.1 197.8,-581.4 332.2,2.1 173.6,-432.8 456.8,-375.3 283.2,-504.8 750.4,-266.1 1153.4,-279.9 16.4,-0.2 56.5,87.9 47.6,124.7 -13.1,52.3 81.7,172.5 -71.5,154.1 -383.8,-45 -155.1,289.8 -261.3,416.1zm-16042.6 -41429.8c-102,267.2 169.2,583.2 -278.1,662.2 -132.7,23.2 199.1,169.9 92.6,275 -246.4,243.4 -37.4,477.3 17.9,695.1 -204.4,118.7 -395,94.6 -554.2,54.3 -132.5,-33.6 -49,-322.6 -320.9,-325.2 -120.9,-1.4 -63.4,-189.7 27.7,-301.5 133.3,-163.5 88.8,-285.2 -134.3,-283 -177.5,2.2 -306.8,-16.5 -270.3,-242.7 26,-156.8 -33,-244 -204.8,-225.3 -25.7,2.6 -53,-5.1 -77.1,1.3 -270.7,72.4 -165.2,-494.7 -379.6,-290.4 -213.1,202.9 -498.8,400.2 -574.7,730.6 -29.4,127.6 85.1,336.8 -176.3,329.9 -162.5,-4 -222.9,-191.9 -80.2,-424.8 133.2,-216.6 145.9,-581.5 394.8,-631.8 243.3,-49 73.2,-353.9 316.6,-338 281.7,18.7 565.5,4.6 848.5,4.6 -18,389.7 494.3,170.6 568,505.2 39,175.9 171.3,163.9 287.3,-24.7 34.5,-55.9 31.1,-152.7 109.3,-167 97.7,-17.3 200.6,-3.8 387.8,-3.8zm1542.3 38471.2c53.5,-180.8 284.1,-364.5 296,-645.3 -250.1,-150.9 -525.1,28.5 -752.4,-110.9 -88.4,-148 13.8,-232 110.7,-320.1 -81.7,-202.9 -267.2,-34.3 -405.5,-122.2 -71,-173.3 -55.6,-364.8 -17.4,-542.7 55.2,-46 102.2,-35.4 125.4,28.1 23.8,66.8 -30.1,161.6 59.2,203.7 19.6,9.2 74.8,-31.2 98.6,-60.7 233.2,-290 264.8,-312.6 452.3,-33.5 102.8,153 203,117.4 313,119.8 354.7,8.1 709.8,2.9 1080.3,2.9 61.5,472 -277.9,749 -385.6,1105.3 -103.8,343.8 -329.6,658.8 -158.1,1176.7 -334.9,-363.8 -488.5,-664 -816.5,-801.1zm10801.6 1324.5c38,57.1 63.9,96.5 90.1,135.4 25.6,-64.1 64.4,-126.7 71.7,-192.6 4.2,-36 -46.1,-77.3 -71.7,-116.9 -31.8,61 -63.4,122.1 -90.1,174.1zm-247.4 -195.9c98.9,-7.4 96.4,-73.2 107.7,-145.8 38.8,-247.4 261,-163.2 360.5,-128.7 196.6,67.4 337.4,657.2 224.2,862.8 -60.5,109.3 -337.1,-0.9 -279,259.6 43.9,197 -91.4,210.4 -235.9,287.4 -190.9,101.8 11.7,383.7 -117.8,557.1 -130.5,-393.5 -208.2,-761.7 -39.7,-1018.9 209.1,-319 -103.5,-268.7 -164.7,-394.5 -115.6,-237.4 -493.7,-322.8 -396.8,-671.3 -428,-74.1 -261.9,-380.5 -260.7,-651.9 187,-10.7 360.4,-20.5 554.2,-31 57.2,-269.6 67.9,-648.3 329,-735.6 289.7,-96.4 126.5,-632.3 610.6,-446.7 110.6,103.1 4.6,293.5 31.1,461.2 27.6,176.1 -36.7,236.8 -226.9,300.3 -120.7,40.5 -195.4,318 -227.3,500.5 -44.3,250.5 81.9,565.4 -317.9,630.4 23.6,120.6 -53.7,256.4 49.4,365.1zm-30818 -41805.3l-242.4 1461.9 -451.5 -501.2c-127.9,-390.3 39.1,-1542.3 263.1,-1875.9 144.8,299.3 139.4,292.8 380.8,84.5 105.7,-91.3 238.6,-210.3 360.6,-212.3 408.4,-6.9 502.1,-269.1 578.9,-568.2 -193.7,-176.5 -422.5,-4.9 -632.3,-152.5 0,-73 -31.1,-184.3 6.2,-265.1 82.7,-179.5 387,-177.1 382.1,-442.2l486.8 0c152,274.9 -49.5,629.9 190.1,916.8 74.3,88.9 -133.4,329.6 -170.5,529.5 -22.8,124.9 -501.9,123.6 -427.8,404.4 193.5,732 -713.8,440.8 -724.1,620.3zm16064.8 31725.8c0,-252.6 -17.8,-354.8 4.1,-447.5 42.2,-181.4 385.1,-114.9 337.5,-389.9 -1.3,-9.1 88.6,-56.1 126.9,-46.7 640.1,154.5 800.9,-307.7 978.5,-757 34.3,22.5 67.5,44.7 100.5,67.4 3.8,2.5 23.6,737 21.3,742.6 -129.8,303 16.7,566.2 440,791.1 -6.7,444 90.8,904.6 -210.2,1300.7 -88.2,-16.5 -97.7,-79.3 -97.3,-154.7 0.3,-88.6 -49,-130.3 -139.4,-137.9 -90.4,-7.7 -156,31.6 -165.1,110.3 -14.5,127.1 2.8,257.6 -6.1,385.8 -5.7,81.9 -53.2,127.2 -150.3,128.3 -96.6,0.9 -164.5,-49.7 -151.8,-122.9 58.5,-340.2 -136.7,-700.3 121.8,-1034.1 91.1,-118.2 56.8,-339 -6,-510.9 -154.1,-100.7 -533.9,88.6 -431.5,-335.8 21.6,-89.1 -31.2,-156.9 -109.3,-161 -65.1,-2.9 -192,50.8 -190.6,70.9 27.4,341.9 -332,184.7 -473,501.3zm-2778.2 -38836.9c-2.6,30.9 -6,62 -12.3,93.5 -15.5,77.7 -101.3,108 -180.7,88.4 -44.1,-10.5 -99.6,-39.2 -118.5,-75.9 -14.3,-28.4 -18.6,-69 -13.9,-106l325.4 0zm-11952.9 22051c0,-51.6 -19.6,-114.9 3.2,-152.8 203.7,-344.8 213.9,-432.6 77.9,-929.3 -230.2,-41.4 -376.7,278.8 -625.2,143 94,-270.1 92.4,-272.1 335.5,-475.8 100.6,-84.4 33,-192.4 53.5,-287.5 205.3,-12 456.8,92.8 507.1,-261 12.5,-88.3 231.6,-79.9 240.7,14.3 43.7,456.9 403.9,148.1 637,303.5 -92.6,336.2 104.9,670.8 190.2,1018.6 97.5,395.9 -477.2,234.9 -343.5,556 -178.4,24.9 -296.2,287.2 -548.4,85.7 -109.8,-88 -347.8,-14.7 -528,-14.7zm9159.5 8933.5l-427.7 0c-95.5,-313.5 -31.8,-661.7 -162.1,-994.8 -94.6,-241 -217.3,-302.8 -353.4,-230.3 -255.3,135.6 -419.6,20.3 -606.4,-104 34,-332.8 423.9,-557.5 285,-941.6 -350.9,44.2 -503.7,131.2 -776.5,512.1 127.4,-720.7 289,-1266.2 803.1,-1646.4 41,339.1 249.7,651.7 135.2,1011.9 215.5,97.1 410.1,185.2 657.3,296.6 0,249.1 -2.9,524.6 5.5,800 0.7,20.5 80.7,53.2 124.1,54.5 44,1.3 124,-23.8 127.8,-47 28.4,-170.5 36.2,-344.8 64.3,-515.2 3.8,-24 82.8,-49.4 126.7,-48.8 43.8,0.7 119.1,25.9 125.6,53.5 40.5,170.5 100,400.1 -16.9,503 -173.7,151.4 -37.4,352.7 -152.8,482.7 -257.2,289.7 -92.8,549.2 41.2,813.8zm9724.3 4641.6l882.6 0c125.1,132.5 49,267 72.2,387 -264.5,-4 -258.1,329.2 -441.8,377.4 -220.2,57.2 -518.6,-75.7 -557.9,307.6 -0.9,9 -98,24.1 -141.2,9.8 -76.8,-26 -138.7,-116.4 -92.2,-172 179.3,-214.2 175.5,-450 126.5,-699.9 -287.9,-154.9 -437.5,-18.4 -525.9,252.5 -174.6,-111.5 89.5,-491.1 -314,-489.8 -100.4,0.7 -97.3,-183 36.5,-283.7 289.7,-217.3 303.7,-252.7 11.8,-452.6 -246.9,-169.4 -6.2,-383.4 -198.6,-588l1142 0 0 1351.7zm13937.4 -9398.2c-215.6,-327.3 -215.6,-327.3 -576.7,-395.6 161.2,-208.2 161,-439.5 103.1,-682.9 -163.2,-93.9 -344.5,-23.6 -515.9,-48.5 -18.3,-18.3 -52.1,-36.1 -52.5,-54.4 -3.1,-326.6 -2.1,-653.4 -2.1,-976 290.8,-116.1 575.8,-212.5 705.7,-536 42.3,-104.8 82.1,-181.4 -7.8,-264.9 -105.4,-98 -161.5,-201.5 -35.5,-316.4 71.5,-64.8 114.3,-158.5 235.4,-175.9 232,-32.9 425.7,120.4 479.1,359.3 61.1,275.3 -79,569.2 -217.9,662.7 -194.6,131.5 -290.6,220 -251,441.7 50.6,280.8 -186.5,673.5 305.3,792.2 18,4.4 35.6,169.5 -1.3,217.3 -214.3,276.5 -119.2,616.5 -167.9,977.4zm-9016.5 37177.3c270.5,-281.4 213.3,-609.6 211.3,-929.7 -129.6,-136.7 -292,-55.9 -436.9,-68.6 -120,-10.2 -188.4,-44.6 -181.4,-175.7 8.9,-148.5 115,-137.8 216.6,-137.1 122.9,0.6 245.3,0 370,0 40.5,-235.8 70.4,-429.5 -34,-625.5 -95.6,165.3 -105.1,399 -401.3,323.6 -168.5,-43 -357.7,-2.5 -536.8,-13.2 -27.8,-1.6 -66.3,-73 -74.3,-116.6 -7.8,-44.1 4,-126.1 28.9,-135.6 281.2,-107.6 542.4,-230.5 706.5,-510.1 25.6,-43.7 189.2,-6.5 288.3,-6.5 113.6,-210.2 36.6,-417 51.7,-614.5 6.9,-92.7 42.1,-140.7 121.8,-157.4 78.4,-16.1 183.2,11.1 184.6,82.3 2.9,155.9 40,234.3 212.4,231.4 58.8,-0.9 122.9,44.3 41.1,140.5 -397.6,466.4 -47.8,942.2 7.2,1411.8 7.1,57.9 88.1,159.9 51,200 -304.6,334.8 -43.9,739.4 -214.7,1153 -139.4,66.6 -345.8,57.9 -612,-52.1zm-19443.1 -23183.4c0,-102.2 -7.2,-205.7 2,-307.6 8.2,-96 -41.7,-139.2 -121.4,-155.5 -78.8,-16 -181.7,11.8 -184.5,83.8 -13.6,373.5 -258.3,189.6 -414.8,203.2 -210.5,-222.9 92.3,-302.6 114.2,-467.7 35.6,-264.1 287.6,-95.1 441,-125.6 166.4,-33.6 272.1,-239 1028.7,-385.7 502.5,-310.3 486.1,-367.6 449.5,-386.3 -40.5,-20.5 -142.7,-8.6 -142.9,-5.8 -23.8,400.1 -610.3,218 -645.3,617.2 -3.5,36.8 -400.7,-96.6 -112.4,187.1 30.3,30 33.9,86.6 49.9,130.7 83.7,229.3 134,143.3 152,-21 15.9,-145.6 110.5,-145.2 211.6,-140.2 467.5,23.3 364.5,-445.6 37.6,-381.7 -609.4,-16.4 -437.7,-191.5 -331.8,-362.9 90.9,-147.2 63.7,-282.3 97.6,-458l1038.2 0c86,175.5 1.8,380.7 33.9,574.4 45.4,271.7 -30.8,490.6 -258.6,654.7 -102.6,74.1 -32.3,188.5 -51.6,282.5 -436,0 -436,0 -464.5,309.7 -318.3,1.3 -592.2,263.4 -928.4,154.7zm4443.2 2678.6c706.5,-359.2 1011.5,-442.5 1500.7,-153.2 71.3,42 105.1,101.5 91.5,183.6 -13.6,82.2 -53.9,138.8 -149.2,125.8 -261.8,-36 -477.3,-13.8 -568.4,304.2 -11.6,40.8 -287.7,5.4 -494.5,5.4 0,282.5 -124.9,559.2 101.1,839.3 63.7,78.9 22.2,243.4 28,368.7 5.8,116.3 -31.1,192.2 -167.2,186.6 -91.1,-4.2 -155.8,-52.9 -138.3,-134 61.9,-292.1 -123.8,-512.3 -219.1,-788.6l-645.8 0c-99.3,-191.7 -127.2,-344.7 30.9,-499.5 82.8,-81.7 103.3,-171.6 -15.2,-287.2 -280.9,-274 95.1,-479.1 116.7,-726.9 2.2,-19.6 135.6,-20.9 204.2,-43 288.5,-92.8 150,396.3 475.3,323.5 368.3,-82.6 95.4,317.7 -150.7,295.3 -509,-156.1 -591.3,-117.6 -570.2,9.1 8.3,48.8 -77.9,152.1 69.7,149.8 129.1,-2.4 247.8,1.1 236.2,-179.2 -5.3,-83.5 -49,-128.3 264.3,20.3zm23331.9 -38109.8c-172.7,407.4 -245.3,443 -373.3,233.1 -46.8,-77.1 -8.3,-201.1 -160.4,-197.1 -210.4,5.8 -147.4,162.3 -154.3,275 -4,76.8 -11.3,143.9 -102.1,193.7 -176.6,-503.4 18.6,-976.1 103.9,-1453.4 22.5,-126.1 280.3,-137.7 283.7,-25.7 9.3,303.5 201.5,236.5 365.3,234.3 79.3,-1.1 173,-89.7 115.2,-145.6 -284.4,-278.1 24.7,-535.5 11.6,-801.6 -6.5,-142.2 -67.8,-305.7 61.6,-433.9 147.8,254.2 195.9,286.5 535.3,354.9 -78.9,211 -261.6,41.4 -390.6,115.3 -95.7,174.3 -62.8,367.6 -32.2,559.3 54.5,16.9 98.8,35 145.4,44.8 109,23.1 271.1,-66.6 293,137.1 14,128.3 -66.2,146.7 -176.1,181.2 -167.7,53 -377,210 -265.2,366.5 91.9,127.9 75.4,317.3 263.6,409.5 276.3,135.4 384.5,395.6 305,765.9 -259.6,-2.7 -593.3,-82.8 -684.4,306 -2,9.5 -103.3,12.4 -142.5,-9.6 -35.6,-19.9 -61.3,-75.9 -71.2,-120.5 -27.7,-122.7 94.8,-165.2 141.1,-248.5 86.2,-154.9 58.8,-428.3 -72.4,-740.7zm5500.9 48793.2l0 -541.6c105.5,-161.9 290.3,-20.5 415.4,-108.2 228.9,-213.1 -144.7,-276.4 -112.6,-456 30.7,-172.8 6.9,-354.9 6.9,-598.8 -256.9,0 -505.2,2.3 -754.1,-1.3 -128.9,-2.2 -173.7,56.1 -177,179.5 -4,147.3 -127.9,157.4 -218.2,125.1 -109.6,-39.9 -90.2,-144.7 -68.6,-251 78.4,-381.3 498.9,-465.9 665,-788.1 76.6,-148.3 346.7,6.7 559.8,185.5 292.8,245.5 536.3,500.3 708,852.5 76.6,156.5 -51.2,362 143.9,463.8 37.3,-37.5 73.6,-74 112.9,-113.1 107.3,-35.7 93.9,46.3 113.7,111.9 65.7,220 -187.5,343.6 -163.9,552.5 2.3,20.6 -73.4,64.5 -117.3,73.2 -248.9,47 -131.3,-223.8 -248.5,-293.4 -167.6,32 -26.5,383.4 -315,297.9 -220.9,-66 -216.5,112.8 -271.5,250.9 -46.2,117.5 -184.5,32.9 -278.9,58.7zm-15625.3 -7492.8c-62.6,-98.2 -144.7,-76.8 -214,-96.9 -142,-42.3 -405.8,146.9 -404.5,-170.1 0.7,-214.4 321,-97.3 377.4,-288.4 292.5,41.7 608,-108.8 879.2,102.2 134.1,104.2 125.1,-110.6 271.5,-74.7l0 694.2c99.7,25.8 147.6,33.8 191.9,50.7 144.5,54.2 384.1,-143.3 435.7,144.8 43,240 -211.8,145.8 -314.2,233.1 -219.9,188.3 -115.1,422.3 -154,634.7 -72.6,104.1 -182.2,65.5 -278.8,68.9 -175.4,6.4 -348.7,39.4 -363.2,-243.9 -4,-80.5 -97.3,-210.3 -153.4,-314.1 -82.5,-152.5 -205.2,-267.4 -387.8,-67.5 -46.3,50.1 -193.1,7.6 -299,7.6 -86.9,-372.3 423.5,-384.7 413.2,-680.6zm-12698.1 -41882l-728.5 0c-120.9,-335.1 -1.3,-596.7 289.5,-764.6 115.1,-66.6 154.5,-134.4 124.9,-226.9 -81.5,-257.1 -206.2,-503.2 -150.5,-785.7 -289.7,-98.6 -403.2,-570.6 -889.7,-329.8 -50.6,118.1 -129,312.2 -216.5,502.1 -41.8,90.6 -140.7,70.8 -204.4,51.2 -77.7,-24 -118.2,-133.8 -77,-186.5 136.5,-172.4 155.2,-420.4 351.3,-549.3 133.6,-87.7 109.2,-216.2 108,-341.6 292.6,-36.2 80.8,-293 196.4,-432.1 125.6,-67.9 142.3,151.2 281.4,132.5 137.2,-18.5 413.1,-69.1 410.4,47.8 -8.2,310.8 458.7,207.7 390.7,521.9 -10.9,50.5 141.2,56.1 71.5,161.6 -167,250.5 -191,495.2 37.7,730.6 25.5,26.9 24,110.8 1.9,147.1 -274.7,442.9 116.9,881.5 2.9,1321.7zm13265 20418.1c2.6,189.5 211,403.4 -134.9,475.3 -83.1,17.6 -150.3,56.8 -126.7,147.2 68.5,264.3 -153.7,462.3 -153.7,705.8 0.3,151.2 -24.5,252.5 -202.4,230.5 -182.8,-22.3 -282.5,27.6 -280,239.5 0.9,73.5 -120.1,85.5 -192.6,67.1 -78.2,-19.6 -109.2,-84.6 -104.3,-171.2 7.2,-127.8 -12.6,-258.1 5,-384.3 27.5,-193.6 -165.5,-281.1 -194.9,-463.6 -26.7,-165 -287.2,28.3 -400.1,-109.3 122.2,-465.2 119.2,-560.9 -31.6,-949.9 171.5,-148.2 372.9,-66.8 564.6,-71 2,205.7 244.5,310.8 214,528.6 -21.8,151.6 33.6,284.5 194.4,221.5 148.9,-58.3 379,-207.5 239.1,-380.9 -156.3,-193.8 -109.7,-377.2 -120.2,-569.8 -4.5,-78.6 52.3,-126 149.2,-126.7 96.2,0 149.6,44.3 153.2,124 9.1,204.6 3.3,410.2 2.9,615.4 -0.1,109.6 14.4,197.5 159.8,195.1 151.2,-2.2 141,-102.5 153.7,-204.7 4.4,-34.9 54.7,-63.9 105.5,-118.6zm-13858.5 36689.3l-719.4 0c-160.6,155.8 16.7,390.5 -187.5,500.2 -106.2,57.5 22.9,269.4 -180.1,279.3 -196,10.2 -145.2,-148.3 -198.6,-246.3 -55.2,-101.8 -242,-96.7 -243.6,-18.1 -6.9,314.2 -478.5,238.7 -410.6,585.4 -188.8,-377.2 -190.6,-407 -95.7,-1024.8 149.6,-147 339.3,-39.3 506.9,-72.9 167.1,-33.4 409.1,124.1 452.5,-235.8 11.5,-94.6 355.1,-115.5 285.6,-406.3 -33.1,-136.2 316.6,-377.6 63.5,-407.7 -312.1,-36.5 -215.5,-270.5 -321.9,-385.8 -127.2,-137.6 17.7,-374.7 241.3,-413.7 126.5,-22.1 250.5,-52.8 333.7,175.9 189.5,520.5 280.6,1063.6 473.9,1670.6zm2889.3 -15808.8c18,298.8 25.8,519.5 221.3,710.7 -217.1,36.7 -434.2,309.3 -513.4,-126.2 -28.5,-158.5 -212,-87.5 -328.4,-91.8 -156.6,-5.8 -232.3,-15.6 -307.3,-217.1 -79.7,-215.7 -336,-117.5 -497,198.2 -192.7,-215.7 -226.2,-496.3 -318.8,-749.7 -86.8,-239.3 -327,-435.3 -208.6,-780.4 206,87.1 53.6,436.5 351.3,403.5 220.9,1.8 194.7,-242.7 304.2,-405 166.7,0 343.8,-2.2 520.5,0.9 119.4,1.8 145.9,-57.7 192.2,-167 123.8,-293.9 372.1,-108.5 571.3,-98.2 15.2,1.1 36.7,86.4 36.1,131.8 -1.3,86.4 -77.7,97.1 -136.5,139.4 -265,190.6 -420.6,290.6 -590.2,305.9 -90.2,229.4 -34.6,476 -37.4,745l740.7 0zm10085.2 -40611.3c207.4,-68.5 413.5,-68.5 619.9,-68.5 -71.4,373.3 195.7,635.6 313.5,939.6 -171.6,284 -635.2,212.4 -704.7,604 -225.3,-255.1 68.2,-447.7 87.8,-661.3 -138.5,-283.4 -485.5,71.9 -637.1,-246.7 -102.4,-214.8 -120.2,-377.6 61.7,-547.2 -336.4,-173 -652.1,-17.2 -934.7,-119.8 -224.6,-430 164.6,-685.8 310.6,-991.1 82,-171.4 377.9,-24.7 574.2,-60.7 -59.6,284.5 96,518.3 218.4,741 65.3,118.9 91.1,219.7 90.4,410.7 -34.9,33.4 74.4,-87.3 -70.8,-63.9 -32.4,5.2 -79.7,68.2 -77.9,102.2 3.4,63.7 37.6,126.5 59,189.7 72.6,-25.3 101.5,-76.8 89.7,-228zm16521.7 -849.4c84.2,-277.6 137.6,-515.4 332.7,-598 156.3,-65.3 215.7,-134.3 149.8,-256.7 -72.1,-134.8 -334.4,-72.4 -336.9,-62.6 -79.7,284.3 -330.8,285 -541.4,365.4 -68.6,26.4 3.1,193.9 -124.1,247.8 -204.1,-584.9 10.5,-1103.1 252.3,-1615.4 58.3,-123.8 284.6,-123.5 294.1,-2.8 11.8,148.4 149.2,217 159,320.6 34.9,374.2 269.4,177.2 432.6,193 89.9,-267.4 60.3,-510.8 -120.2,-733.9 275,-54.9 407.4,89.8 443.9,206.2 71.1,226.2 -18.5,497 181.3,695.8 -182.4,182.6 -115.3,454.6 -252.9,668 -137.7,213.3 -245.4,462.4 -229.2,811.5 -190.3,-300.3 -409.6,-215 -641,-238.9zm-38498.7 2589c275.8,-25.4 492,216.2 783,160.6 225.3,-43.2 76,263.1 240.5,305.2 127.3,32.7 350.9,-106.2 360.3,136.7 9.8,245.1 277.1,107.6 306.3,245.6 23.9,112.9 78.8,274.1 -40.5,354.2 -111.3,74 -234.4,50.8 -278.5,264.5 -54.1,258.8 -485.2,-127.5 -603.9,243.2 -106.6,332.2 -387.6,25.6 -665,276.3 136,-601.6 620.7,-1012 125.6,-1495.1 -140.3,121.3 -124.7,452.4 -473.2,435 -144.3,-231.5 -22.7,-514 -64.3,-771.4 117.5,-23.2 296.3,76.5 309.7,-154.8zm135.8 26582.4c-6,134.5 30.3,235.4 93.9,355.2 145.2,274.5 96.9,343.1 -228.2,421.4 -116.4,27.7 -233.3,87.5 -168.7,174.6 218.8,295.5 -155.2,586.3 56.5,920.9l578.9 0c-161.9,511.4 -322.8,953.6 -596.9,1433.9 -48.1,-524.8 -61.2,-1004.9 -277.2,-1438.8l-460.5 0c-79.7,-146.9 -158,-293 -238.4,-438.2 -131.8,-238 -343.3,-278.3 -445.5,-36.7 -94.9,224.4 -226,147.4 -354.3,159.8 -81.9,8 -141.8,-49.6 -127.1,-143.6 7.3,-45.8 18.7,-114 49.9,-129.8 289,-149.6 591.7,-226.2 924.6,-193.3 135.8,13.2 413.2,64.9 394.8,-80.3 -38.6,-307.3 451.1,-158.6 336.6,-479.4 -88.1,-246.3 188.6,-161.8 271.9,-255.8 71.2,-79.9 -8.5,-268.3 189.7,-269.9zm35771.7 -5329.1c51.7,-298 51.7,-298 618.8,-280.1 0,297.4 -10.3,599.4 3.9,900.1 9.2,198.7 189.5,266.6 409.3,141.6 142.2,340.1 -113.6,749.3 257.6,974.2 -189.7,178.8 -326.2,87.9 -502.1,148.7 65.9,398.5 -137.6,771.5 -217.3,1350.2 -114.4,-463 -305.3,-726.3 -263.4,-1067.4 36.8,-298.8 -147,-554.4 -180.8,-853.5 -62.5,-556.2 -122.2,-549.3 183,-1028.8 47.5,-74.8 88.6,-154.1 132.5,-231.4 -138.9,-101.7 -295.5,-33.4 -441.5,-53.6zm-1057.2 6650.8c82.6,-21.4 255.9,80.6 279,-117.4 25.4,-218.6 76.2,-429.2 124,-637.2 44.4,-194.4 229.2,-334.9 191.3,-541.3 -104.2,-203.7 -356,11.9 -472.9,-184.8 -96.9,-193.7 198.6,-242.8 182.3,-461.5 -18.7,-243.1 382.5,-324.9 417.5,-117.3 61.5,366.9 352.9,101 490.5,296.5 0,207.5 -5.6,460.5 2.3,712.7 4.4,134.7 -29.4,233.8 -127.6,335.3 -342.9,355.2 -337.8,360.3 -338.3,692.3 -1.3,355.3 -0.6,711.1 -0.6,1081.2 -326.4,-122.2 -37.2,-404.8 -195.3,-552.7 -36,-38 -103.1,-26.6 -103.5,34.6 -2.7,357.8 -238.9,228.6 -448.7,214.1l0 -754.5zm1831.8 16564.2c-72.4,-151 183.9,-438.4 -197,-466.5 -78.6,-5.7 -121.6,-67.2 -115.6,-160 8.4,-127.8 -14,-258.5 5.6,-383.7 36,-227.8 -40.5,-395.9 -223.6,-524.6 -63.2,311.7 -527.9,-48.9 -556.6,334.3 -10.3,140.4 -138.7,143.3 -228.2,107.3 -44.5,-17.6 -86.6,-175.7 -73.9,-183.9 449.9,-291.9 250.9,-774.9 323,-1183l542.8 0c142.3,358.2 369.4,674.4 410.4,1070.9 225.5,-110.6 7.3,-358.4 186.4,-463.5 167.8,101.8 17.8,287.4 118.4,422.8 119.4,98.4 197.1,-1.8 310.8,-65.5 162.4,-91.4 408.4,72.2 424.9,251.7 13.5,143.4 -81.5,170.7 -191.3,160 -363.8,-34.5 -330.7,303.5 -412.4,485.9 -86.4,193.4 254.3,58.1 282.1,228 -304.6,68.8 -384,117.5 -605.8,369.8zm5751.3 -32965.6c-10.2,-194.8 -87.2,-460.5 59.3,-441.6 232.1,30.2 207.3,-239.3 313.7,-328.7l0 774.2c-116.2,-1.3 -238.8,-3.9 -373,-3.9zm-36938.6 28233.1c228.7,0 464,-32.5 684.9,8 295.2,54.6 187.9,-237.7 319.3,-315.3 89.7,152.8 95.7,412.6 388.7,307.3 7.1,506.8 -353.8,679.6 -773.7,834.3l0 808c-71.9,26.7 -123.6,67.3 -160.3,56.5 -268.1,-80.5 -507.7,376.8 -748.4,81.3 -184.3,-226.7 211.3,-435.3 190,-846.5 -41.5,-123.4 -61.9,-68.1 -55.9,5.8 3.6,47.8 -12.5,132.7 2.9,137.8 83.3,30.1 138.9,-30.9 147.4,-101.1 8,-61.7 -24.7,-128.9 -94.4,-42.5 -296.1,-239.4 -279,-361.8 53.4,-655.5 89.3,-79.3 28.5,-185.9 46.1,-278.1zm14307.6 -19542.4c63,622.3 -427.7,828.3 -753.2,1158.9 57.9,114.3 502.1,9.4 228.6,351.1 -69.7,86.9 -137.1,189.3 -61.4,261.2 354,338 -60.8,552.6 -83.9,861 -184.9,-206.8 -12.8,-437.1 -149.5,-624.3 -182.5,-16.5 -375.4,-34.1 -626,-56.8 91.9,-80.3 133.6,-110.4 167,-147.6 80.3,-89.5 85,-195 -14.8,-258 -87.7,-55 -178.8,-29 -248.6,75.4 -173,259.2 -178.4,255.7 -411.7,382.5 -192.4,-439.9 312.4,-794.2 65.4,-1233.2 296.8,69 145.2,247.3 200.4,368.2 105.5,151.4 272.7,55.1 413.7,73.1 102.9,13.6 209.9,1.3 199.5,-151.6 -18,-263.7 199.5,-438.2 260.7,-661.6 115.3,-420.3 389.4,-473.3 813.8,-398.3zm22564.7 11427.9c133,-245.6 286.5,-425.8 439.3,-552.5l0 644c-84.3,-76.5 -187.9,-80.9 -439.3,-91.5zm-1197.5 -30024l1003.6 0c203.9,165 -41.5,450 164,624.8 179.9,-217.1 -87.2,-592.7 313.3,-747.5 61.9,32.1 116,73.4 155.9,126l0 306.8c-51.7,13.5 -79.6,59.6 -86,116.1 -9.5,86.1 0.9,168.5 86,188.7l0 442.6c-32,14.7 -74.9,25 -132.1,29.7 -136.4,11 -112.8,139.9 -111.7,238.7 0.6,153.2 0,306.8 0,456.2 -120.9,173.7 -507.5,-75.7 -486.5,321.8 4.4,77.4 -128.5,77 -196,58.1 -78.1,-21.8 -129.5,-120.9 -86.8,-178.8 267.8,-367.2 99.1,-773.5 161.9,-1181.4 -584.9,13.6 -730.6,-353.1 -785.6,-801.8zm-21195.1 22695.6c44.8,-340.6 -137.4,-728.1 128.3,-1110.6 51.9,-74.1 156.5,-379 -175.7,-384.7 -39.2,-0.9 -114,-58.1 -110.9,-79.7 74.1,-489.7 -298.8,-873.3 -313.5,-1340 -1.1,-22.4 12.7,-45.2 21.2,-73.6 160.7,-106.5 343.8,-27.9 515.9,-51.3 26.9,39.5 69.9,76.2 78.3,119.8 44.4,238.5 -122.6,545.7 146.3,703.8 187.1,110.2 295.5,266.5 436.6,409.2 245.9,248.5 307.3,569.2 21.4,691 -360.7,153.8 -393,456.8 -255.4,631 260.7,331.3 14.3,339.1 -168.5,448.2 -87.8,53.1 -152.3,134 -324,36.9zm12837.5 -11397.3c-4.5,-267.4 48.7,-546.2 -154.8,-774 51.2,0 114.9,19.8 152.1,-3.1 497.8,-301.4 496.9,-302.8 880.4,-301.5 62.7,641.3 625,388.8 1008.6,498.4 -128.1,302.1 -219.6,573.7 -358.5,818.8 -65.5,115.6 -165.4,256.3 -362.3,230.5 -171.8,-22.7 -348.4,-4.7 -520.9,-4.7 -18.3,-169.9 -31.4,-291.6 -45.3,-423.5 -195.7,-93 -402.1,-13.6 -599.3,-40.9zm-2355 34489l0 1069.1c-506.1,92.5 -515.3,108.1 -433.7,592.3 12.2,70.2 27.1,164.5 -59.9,202.4 -96.7,42.5 -174.6,20.7 -250.3,-76.4 -224.4,-287 -398.3,-290.3 -615.8,-31.1 -2.1,2.9 -154.3,560.1 -155,563.1 -17.6,115.9 62.5,273.1 -94.4,332.4 -147.2,55.6 -236.3,-73.9 -307.3,-171.9 -90.6,-124.5 -91,-307.5 -319.3,-326.9 -89,-7.6 -73.7,-244.4 2.7,-236 425.9,44.8 107.1,-436.1 386.3,-507 261.6,-66.1 228.5,-382.9 397.2,-594.2 78,-97.3 408.1,-42.8 627.7,-9.4 222.2,33.9 373.4,-89.5 553.3,-160 282.7,-110.7 83.4,-348.5 149.1,-514 14.9,-37.4 56.6,-64.3 119.4,-132.4zm10549.9 -7713.4c148.3,0 246.3,-7.3 343.3,2.1 110.7,10.2 269,-63.7 284.4,144 14.9,204.2 -163.2,136.3 -256.3,188.8 -21.2,11.2 -35.4,35 -52.3,52.6 48.7,71.4 120.6,79.4 198.8,77.7 97.5,-2.3 225.1,-30.3 258.7,89.5 43,153.2 -35.6,237.5 -203.9,221.1 -18.8,-2 -39.7,25.8 -61.3,35.6 -306.3,141.8 536.6,545.7 -114,568.6 -442.4,15.2 -111.8,423.8 -359.3,556.7 -144.7,77.7 61.9,312.4 171,337.7 339.7,78.4 323.9,364.1 443,565.6 -156,156.1 -301.9,102.9 -445.3,67.6 86.9,-313.7 -447.1,-192.3 -362.5,-534.3 50.6,-204.4 -124.4,-302.6 -260.2,-151.4 -210.4,234 -276.1,-30.5 -291.7,-89.3 -63.7,-239.6 -213.8,-501.6 205.1,-638.1 216,-70.6 317.3,-367 493.6,-545.5 95.1,-96.4 353.8,-346.9 33.8,-561.1 -50.3,-33.2 -15.5,-192.4 -24.9,-387.9zm-25059.9 4827.4c183.7,-31.7 398.3,-30.5 409.6,-77.1 49.5,-212.2 351.6,-425.9 189.7,-600.2 -313.7,-337.8 45.2,-489.9 126.3,-721.9 -25.6,617.2 185.7,1244.9 -107.8,1848.7 -28.9,60.3 -12.7,212.4 6.5,216.7 444.8,102.3 283.2,452.6 295.5,721.1 14.4,308.2 22.9,619.7 -5.2,926.2 -13.3,144.3 -138.2,251.2 -302.8,290.6 -226,54.5 -350.4,-52.1 -307.5,-281 35.6,-189.2 229.2,-324.4 161.7,-556.2 -34.8,-119.7 6.6,-255.6 -188.1,-253.1 -48.1,0.9 -148.8,6.4 -83.6,-125.6 127,-258 264.1,-499.9 -146.7,-702.9 -155.9,-77.5 -39.2,-425 -47.6,-685.3zm3118.7 10215.2c-48.3,-339.1 -291.3,-516.5 -177.9,-746.5 129.3,-260.5 -257,-380.1 -138.8,-622.6 136.8,-101.9 296.9,-20.2 438.9,-56.1 333.8,-83.7 333.3,347.2 601.2,384.3 56.9,7.4 25.5,180.8 -66.8,247.9 -179.5,131.1 -265.4,295.8 -223.1,524.3 25.8,138.3 -2.7,241.1 -187.9,244 -141.7,1.6 -104.9,132 -122.7,227.8 -60.8,323.7 -165.3,616.7 -591,539.9 -290.7,-52.5 -118.9,474.3 -455,354.1 -130.7,206.8 -196.7,15.3 -270.1,-51.1 -112.5,-102.1 -113.6,-288 22,-285.1 253,5.3 212.6,-182.2 250.7,-294 142.9,-414.5 417.3,-590.6 920.5,-466.9zm-20831.4 -45399.6c-40,60.6 -90.4,102.4 -86.3,138.3 7.1,66.1 46.3,128.7 72.1,192.6 25.8,-39 73.7,-78.9 72.8,-117.2 -2.4,-66.3 -34.3,-131.8 -58.6,-213.7zm119.8 660.2c-111.1,106.8 -29.4,243.5 -57.9,367.6 -166.9,190.6 -46.7,-293.7 -254.5,-182.8 136.8,-262.8 -9.7,-1066.3 -125.3,-1010.4l0 -571.1c54.5,35.6 108.7,295.2 143.1,354.4 99.4,172.4 119.4,305.3 227.6,110.7 51.7,-92.9 60.6,-182.6 187.2,-170.8 221.8,20.5 43,-303.7 232.3,-274.1 48.8,7.6 56.1,179.3 114.9,248.1 93.5,108.6 149.4,199.3 31.4,321.9 -144.3,150.6 -149.2,317.1 -16.3,470.1 102,116.9 125.1,227.9 -3.8,315.9 -119.1,81.5 4.2,318.2 -242.5,317 -232.4,-1.3 -44.3,-291.2 -236.2,-296.5zm18516.4 289.9c280.8,65.9 131.8,262.2 126.7,415.2 -10.5,307.9 -438.6,309.5 -448.2,648.4 -7.5,255.4 -247.1,448.2 -310.8,711.8 -31.4,130 -193.3,117.5 -297.2,-3.1 -186.6,-218.4 -217.4,-230.2 -298.8,-49.5 -56.6,124.3 -123.8,149.4 -222,129.9 -77.1,-15 -110.7,-89.6 -97.8,-174.1 28.5,-183.7 -100.8,-406.2 238.1,-538 -409.9,-108.6 -625.7,-49 -704.8,301 -28.9,127 -150.4,138.1 -236.6,90.6 -100.5,-55.6 -104.7,-166.7 -29,-255.5 127.2,-148.8 336.5,-250.3 268.1,-502.8 94.6,-20.3 202.8,46.6 286.1,-52.7 286.6,-342.3 377.8,-359.2 636.6,-47.7 129.8,156.3 339.5,138.5 388,78.4 117.4,-144.8 130.3,-329.5 416.8,-309.5 158.6,11.1 184.9,-290.1 284.8,-442.4zm24899 -2940.6l-364.1 0c-71.9,47.6 -86.6,117.1 -81.2,196 24,357.7 -377.4,573.1 -316.4,950.2 10.4,65 -93.8,90.8 -175.9,94.7 -110.7,6.2 -271.9,-63.3 -281.2,145.6 -8.7,193.2 -157.2,211.3 -250.7,126.7 -114.2,-104 -104.2,-278.2 -1.1,-407 238.4,-297.7 169.2,-528.6 -201.8,-642.2 -45.6,-13.8 -103.5,-18.3 -130.9,-49.4 -27.6,-32.1 -38.5,-93.3 -31.1,-137 8.2,-43.8 43.2,-112.6 74.3,-117.1 100.4,-15.1 204.6,-12.4 306.6,-4.4 147.9,12 250.7,-16 235.1,-196.9 -24.9,-293.6 241.2,-468.9 301.3,-720 71.9,-301.5 265.8,-132 416.6,-150.3 115.3,161.4 31.1,344.7 55.6,515.5 81.1,218.1 640.8,-124.9 444.9,395.6zm-249.2 19736.3c-387.6,92.6 -584,301.3 -508.5,695.4 19.1,99.1 3.3,205 3.3,307.5 -1.3,403.4 -16.7,392.3 -298.6,790.1 -70.1,98.9 -116.8,151.4 -217.2,134.8 -78.2,-13 -108.9,-82.2 -105.4,-169.1 6.5,-178.1 1.8,-356.6 1.8,-538.6 -195.3,-126.6 -403.7,-40.7 -600.3,-58.3 -127.3,-11.3 -183.2,-60.1 -173.2,-183.2 12,-146.8 122,-132.3 222.9,-130.1 51.2,0.7 102.4,0 151.4,0 115.1,-61.4 113.6,-177.6 85,-264.7 -107.9,-329.9 195.8,-337.1 346.7,-461.3 98.2,-80.6 196.4,185.4 337.5,-9.6 78.4,-108.2 104.7,-226.4 138.8,-330.6 72.6,-218.7 453.7,-389.5 141.6,-689.1 -8,-7.8 30.5,-95.3 51.4,-96.9 71.2,-6 167.2,-37.2 202.9,53.5 26.2,66.7 35.3,150.9 20.7,220.4 -53.9,262.3 78.5,477.8 199.2,729.8zm-19735.8 4979c250.2,105.9 131.5,299.6 277.8,351.3 153.7,-108.2 1.8,-294.6 107.8,-418.8 134.9,-97.3 233.3,-24.1 313.3,81.7 275.2,364.1 339.5,851 695.3,1175.2 67,60.8 30.7,238.2 36.7,362.2 9.6,212.2 -49.2,437.3 165,639l-717.8 0c-204.8,-454.9 -267.4,-959.8 -210.6,-1490.6 -196,-15.1 -153.9,102.8 -164.3,178.6 -9.2,71.9 -15,144 -24.1,234l-714.9 0c114.9,-349 395.6,-660.9 235.8,-1112.6zm20049.3 -22774.4c-294.5,71.2 -543.7,71.2 -771.3,71.2 -155.8,-360.2 137.2,-586.5 153,-877.9 7.6,-138.7 313.3,48.3 388.5,-110.7 63,-133.8 50.6,-262.3 271.9,-258.5 366.3,5.2 475.2,126.7 380.1,544.7 -53,232.2 100.6,239.3 279.6,264l0 1028.9c-222.8,8.2 -56.8,-211.7 -179.4,-257.6 -103.8,-38.6 -229.1,-43.2 -249,61.9 -32.9,172.1 -8.9,355.3 -8.9,533.7 -370.4,-220.4 -305,-586.5 -264.5,-999.7 14.9,-47 -27.1,-28.3 -42.7,3.5 -31.2,64.8 0.6,96.7 65.6,64.8 31,-15.1 51.1,-56.8 69.7,-90.4 3.4,-5.8 -29.8,-31.1 -92.6,22.1zm-32969.2 -7559.3c-277.6,249.4 -174.7,588.5 -201.2,904 -133.2,121.3 -381,102.9 -398.6,28.7 -35.4,-151.2 -317.3,-272.3 -89.7,-482 73.9,-67.9 48.3,-205.1 -63.2,-243.2 -91.3,-31.8 -214.2,-20.7 -216.9,127.2 -3.3,186.5 -129.1,225.7 -244.9,152.3 -141,-89.8 -63,-207.1 32.5,-312 102.2,-112.6 105.7,-270.9 -67.1,-272.3 -252.4,-2 -400.9,-29.8 -345,-332.6 26.5,-144.1 -249.9,-203.5 -127.4,-401.5 121.6,-137.3 461.3,84.9 488.5,-305 8.4,-120.2 321,-43.7 493.6,-48.8 67.9,-1.8 226.4,483.6 191.1,573.4 -26.3,66.1 -90.9,118.9 -109.2,185.4 -19.1,71.9 -4.2,153 -4.2,236.5 165.4,202.6 448.6,-29.2 661.7,189.9zm10575.5 44946.3c20.5,43.2 34.8,90.8 62.2,128.7 308.8,428.6 309.3,428.4 89.9,926.5 -172.3,9.8 -345.1,19.3 -531.2,29.6 -9.6,93.1 -10.1,167 -25.2,237.3 -40.7,191 224.7,265.4 163.9,478.3 -40.5,139.6 -7.6,300.1 -7.6,411.2 -118.4,214.6 -447.3,-83.3 -482.3,290.6 -15.5,167 -163.6,154.7 -291.6,-19.2 -168.8,-228 -218.6,-214 -356.2,101.6 -147.9,-453.4 -142.6,-451.1 -2.3,-774.7 67.5,-155.8 93.3,-284.1 335.6,-291 414.3,-11.7 467.8,-102.4 486.7,-484.4 17.3,-331.1 9.8,-337.6 400.7,-742.8 87.5,-91.1 -4,-257 157.4,-291.7zm16708.7 -32371.3c-158,-46.6 -22.5,-399.3 -317.4,-301.7 -294.8,97.7 -165.2,-250.5 -326.2,-306 -147.2,227.4 7.8,497.6 -110,755.9 -159.5,8.3 -332.2,16.9 -513.7,26.3 -86.2,191.2 -174.6,385.8 -269.8,596.1 -237.6,-394.6 -47,-725.9 122,-1059.6 172.8,-9.6 345.8,-18.8 524.3,-28.6 39.2,-433 131.8,-827.1 338.2,-1190 105.1,-185 429.3,-244.9 426,-126 -9.2,291.9 371.3,183.6 340.8,390 -31.1,204.4 171.9,316 152.1,474.3 -19.8,156.9 -131.3,301.5 -204.6,451.3 -52.5,106.6 -107.8,212 -161.7,318zm6657.6 -10216.4c-97.9,4.9 -101.6,-137.6 -75.1,-234.3 5.8,-21.8 41,-55.6 51.5,-51.9l23.6 7.2 0 279zm-29343.6 38188.1c309.7,150.3 740.1,-165 839.2,353.3 218.4,-162.3 -24.2,-441.3 203.7,-642.1l0 910.9c-393.2,156.7 -558.4,130.2 -883,-175.2 -58.6,-55.2 -109.1,-100 -189.5,-86.4 -257.3,43.2 -306.3,-94.2 -279.2,-309 9.4,-75.8 27.2,-167 -4,-228.1 -52.3,-102.2 -223.3,-125.7 -243.3,-49.6 -55.5,211.7 -271,251.2 -351.6,386.3 -68.6,114.4 -81.9,237.1 -237.6,196.6 -295,-77.3 -187.7,237.3 -323.1,313 -178.7,-177.4 -13.5,-383.1 -107.9,-595.1 465.8,39.8 643.7,-318 890.3,-530.1 121,-104.2 105.2,-332.9 379.5,-276.4 203,41.9 153.1,-154.9 151.1,-266.5 -3.8,-264.5 188.6,-186.8 321.8,-186.1 208.6,1.3 160.9,180.1 137.4,280.1 -36.8,159.6 -94,335.3 -200.4,451.5 -126.1,138.1 -87.8,279.5 -103.4,452.9zm12229.6 -2116.5c-146.2,19.6 -303,-46.3 -453,59.9 -71.1,245.5 147.1,495.4 249.5,532.6 270.4,97.9 267,171.6 107.4,358.4 -78.2,91.7 -214,139 -215.8,295 -2.2,208.4 -169.7,133.8 -280.5,145.4 -120,13 -196,-38.3 -180.2,-169.6 13.6,-110 -41.1,-217.3 128.7,-305.5 228.3,-118.5 223.3,-186.6 27,-285.5 -108.2,-54.3 -150.1,-89.9 -162.1,-201.2 -4.7,-45.9 0.4,-154.8 -131.6,-69 -386.3,250.6 -392.3,241.3 -774.8,198.1 -33.2,-102.4 -25.4,-182.6 78.1,-251.6 175.3,-116 392.5,-599.6 310,-739.9 -67.1,-115.5 -172.6,-218.8 -32.1,-313.9 94.4,-63.7 332,-66.3 341.3,8.9 45,358 295.9,258.5 502.8,275.2 91.2,6.9 99,24.3 245.3,299.9 164.6,-33.1 -8.7,-334.4 240,-301.4l0 464.2zm-3439.7 17644.5c-12.9,74.4 9.7,164.6 27.8,254.1l-922.7 0c165.1,-85.6 294.5,-249.9 365.6,-558.7 -41.3,-123.8 -61.6,-68.6 -56,5.3 4,48.1 -12.1,132.5 3,138.3 83.3,29.8 138.8,-31.2 147.9,-101.7 7.8,-61.5 -25.1,-128.5 -94.9,-41.9 -204.3,160.8 -176.9,44.7 -215.5,-43.7 -183.7,-422.6 -191,-492.2 263.7,-559 254.7,-36.8 128.6,-292.1 354,-318.2l0 843.2c151.6,113.3 220.8,-192.4 308.1,4.2 47.4,106.2 8.3,250.7 8.3,378.1l-189.3 0 34.9 0c-14.7,-40.5 -22.7,-84.2 -44.7,-119.4 -25.8,-40.9 -72.6,-30.9 -91.1,29 -6.7,20.9 42.6,59.6 100.9,90.4zm-17927.1 -54018.5c24.8,464 22.8,904 -138.7,1335.7 -42.9,115.5 -76.1,175.6 -193.2,163.4 -144.8,-14 -126.1,-126.4 -124.7,-226.9 1.6,-128.2 -5.8,-257.1 2.4,-384.7 6.1,-94 -45.1,-166.8 -116.9,-155 -263.3,42.8 -139.8,-223.5 -253.1,-293.6 -11.1,-7 -49.4,4.8 -51.5,13.3 -125.7,529.5 -520.5,159.2 -733.8,276.8 -215.3,-198.6 151.4,-592.3 -305.2,-623 -20.1,-1.4 -56.6,-31.8 -54.4,-43.6 6.2,-37.5 25.6,-103.4 43,-104.5 153,-8.4 307.7,-8.7 461.1,-3.8 199.9,6.3 375.2,31 436.4,-257.3 22.1,-102.7 364.7,-104.5 380.1,7.3 62.7,454.7 405.2,156.3 648.5,295.9zm34231.4 1089.4c163,43.7 496.8,-167.6 446.7,273 -21.2,188.8 104.9,196.4 243.3,188.4 101.3,-5.6 209.8,-15.2 220.3,133.6 8.9,128.7 -78.2,135.6 -174.6,184.1 -275.4,138.9 -92.6,380 -114.5,590.2 200.7,-25.8 74.7,-355.3 339.6,-294.5 169.2,38.9 350.9,21.1 523.9,48.3 21.2,3.6 52.5,176.6 27.8,193 -193.5,126.7 -537.5,205.7 -568.4,354.7 -40.8,197.9 180.8,441.1 119.8,701.1 -5.3,22.1 -24.5,41.2 -39.7,65.7 -162.9,85.5 -398.9,-45.4 -512,172.6 -98.9,-59.7 -69.5,-145.9 -64.2,-217.1 20.1,-274.1 237.6,-467.1 311.5,-730.8 -113.7,-179.4 -427.7,-130.2 -470.4,-403.4 -62.6,-398.5 -400.2,-38.5 -589.4,-287.4 51.9,-129.6 -259,-430.6 223.8,-548.7 152.2,-37.8 4.6,-283.8 76.5,-422.8zm-26790.8 7763.3c215.1,-94 90.2,-378.6 389.9,-354.3 235.1,19.2 177.4,187.7 264.1,277 319.9,328.6 257.1,684 -7,1123.9 -219.9,112 -420.3,1.2 -629.6,-324.1 -100.9,-157.3 -278.3,-356.8 -482.5,-432.5 -229.8,-85.5 -194.6,-189.7 -75,-319 153,-165.4 62.8,-313 -73.1,-364.1 -364.2,-137.6 -384.5,-378.4 -278.3,-694.8 179.9,20.7 57,357.6 311.8,286.1 305.4,-85.1 237.5,244.7 376.9,349.8 135.4,101.9 279.9,217.9 202.8,452zm25069.8 4609.7l0 -542.4c-428.6,-50.3 -632.6,-508.7 -1067.7,-574.9l0 -986.3c49.3,-20.9 93.1,-55.6 136.7,-55.6 641.7,2.6 642,3.7 921.2,531.4 11.1,20.3 10.7,48.6 9.3,73.1 -9.6,137.8 71.2,171.6 187.5,166.9 200.1,-8.2 60.5,-226 213.7,-306.3 113.3,174.3 126.9,464.6 43.4,528.6 -380.5,291.9 -271.2,679.7 -292.3,1048.6 -4.2,76.6 -48.3,147.6 -151.8,116.9zm-7119.4 10291.5c0,-127 0.3,-300.8 0,-475 -0.4,-101.9 -10.8,-215 137.6,-213.7 131.6,1.6 181.7,-62.4 171.1,-182.8 -13,-146.3 -123.8,-133 -224.2,-127.8 -373.2,18.5 -212.5,-238.9 -227,-451.5 263,-71.8 442.7,249.5 696.5,160.9 4.5,-1.7 50.8,178.8 108.7,248 67.9,81.5 159.8,233.2 106.4,250.3 -308.1,99.1 7.3,525.3 -273.4,550.8 -277.2,25.4 -117.4,314.4 -300.1,371.5 -26.5,8.8 -44.8,142.9 -20.1,197.6 54.5,121.4 356.9,9.6 278.6,248.8 -43,131.3 -204.2,218.8 -279.9,345.5 -82,137.2 57,215.8 120.9,318.9 50.1,80.1 35.4,209.9 -97.5,229 -61.7,8.8 -190.4,-50.7 -188.8,-70.8 18,-219.5 -224.7,-322.1 -224.1,-526.7 -173.2,28.7 -28.4,237.1 -164.5,285.9 -79.5,-126.1 -179.5,-243.8 -234.7,-380.3 -85.9,-210.2 99.6,-366.8 143.4,-551.3 67.3,-286.3 318.4,-51.5 471.1,-227.3zm-8782.7 -17590.2l-1704.4 0c-149.8,-236.7 199.1,-304.4 117.1,-497.7 288.8,-62.7 296,-314.1 363.8,-530.7 95.8,-305.7 313.8,-404.2 648.6,-312.9 181.9,134.3 108.7,465.3 377.4,602.7 332.7,170.4 60.6,483.2 197.5,738.6zm8847.5 -15139.2c-190.1,156 -315.4,156 -494.2,156 -78.9,-352.7 -14.9,-721.6 -35.2,-1083.8 248.5,-25.6 81.2,262.2 233.3,308.3 148.3,-48.7 -16.4,-327 233.3,-310.1 335.2,22.9 409.3,-55.4 196.2,-372.8 -77.9,-115.5 172.3,-51.6 265.7,-89.5 -3.6,107.2 47.8,158.6 155.1,154.8 -157.8,370.3 -115.8,737.4 76.8,1072.3 127.4,222.6 85.8,447.5 64.2,661.1 -15.8,161.8 -358.7,127.7 -335.6,387.4 0.5,9.5 -131.6,37.8 -203.3,44.3 -100.8,8.9 -210.3,16.9 -221,-130.7 -9.4,-125.6 49.4,-179.3 176.1,-180.8 42.3,-0.3 83.5,-42.6 128,-67.3 -151.4,-93.5 -407.4,-106.2 -239.4,-549.2 0,-157.2 -82.3,-118.3 -61.4,8 8.5,49.4 -78.1,152.7 69.9,150.3 129.4,-2.3 247.8,0.9 236.2,-179.3 -5.7,-83.5 -48.7,-128.4 -244.7,21zm-4828.2 178.5l682.3 0c77.4,314.8 265.4,500.8 633.8,443.8 100.2,-15.4 205.1,-2.7 307.8,-2 106.1,0.6 201.4,3.8 201.4,155.2 -0.4,152.7 -98.1,150.5 -202.6,154.5 -73.2,3.5 -146.5,11.6 -215.5,17.5 -129.6,613.5 -295.4,1208 -176.4,1879 -280.5,-141.4 -108.6,-331.5 -210.3,-447.3 -101.3,-111.1 -237.2,-28.9 -369.2,-59.9 -120.9,-176.8 -62.8,-374 -46.7,-562.2 117.1,-112.4 254.6,-19.4 402.9,-71.7 6.9,-155.2 -320.3,-445.3 141,-475.6 89.9,-6 59.2,-132.6 48.5,-201.5 -4,-31.1 -74.1,-73.6 -115.5,-74.5 -98.2,-2.9 -214.4,-12.7 -291.5,33.6 -104.6,62.6 -16.9,362.5 -255.4,259.4 -106.4,-45.9 -167,-220.2 -226.6,-346 -58.4,-125 -35,-263.7 -264.6,-283 -145.6,-12.5 -76.3,-252.7 -43.4,-419.3zm4663.7 6328.2c-322.8,89.1 -604.9,-268.1 -467.5,-409.7 110.8,-114.6 9.3,-315.2 197.6,-352.2 126.3,242.5 335.8,359.8 553.3,289.7 170.1,-55 122.1,-330.7 382.1,-354.5 120.7,-10.5 26.7,-271.6 53.2,-416.8 247.8,38.1 124.9,319.5 275,421.3 -222.4,172.5 -101.1,579.3 -457.1,663.7 -175.9,41.9 -184.6,189.7 -74.6,269.9 183.2,133.6 26.1,344.4 152.8,477.6 159.1,-7.2 65,-148.3 109.5,-205.1 91.7,-116.2 289.7,-104.2 299.7,6.9 15.6,176.3 4,355.3 4,532.6 -106.9,-4 -158.5,47.6 -154.8,154.9 -76.8,0 -155.4,9 -231.1,-1.5 -264.7,-38.1 -101.5,-461.4 -411.4,-462.7 -205.7,-0.7 -411.5,2 -617,-1.3 -87,-1.6 -129.4,-50.3 -135.4,-142.7 -6,-91.1 35.2,-139.4 113.1,-165.2 122.9,-40.6 326.2,103.2 408.6,-304.9 -41.6,-123.6 -61.9,-68.5 -55.9,5.6 3.8,47.6 -12.4,132.2 2.7,138 83.5,29.7 139.1,-31.1 147.8,-101.3 8,-62.1 -24.5,-128.9 -94.6,-42.3zm11709.7 20106.4c237.4,89.9 488.1,-172.1 623,170.5 77.2,194.4 286.3,361.2 -107.6,612.1 394,0 682.8,3.3 964.4,-1.3l0 308.1c-113.9,61.3 -54,290.9 -185.3,307.7 -177,21.9 -358.7,4.5 -538.6,4.9 -583.5,0.9 -568.8,-18.7 -942.7,-301.7 -199,-150.3 -164.3,-303.7 -71.5,-438.1 237.8,-342.7 250.5,-334.5 258.3,-662.2zm-36920.3 -1426.3c-126.9,55 -10.5,247.1 -163.5,291.9 -211.7,-296.4 101.6,-490.1 135.4,-750.1l1182.1 0c-97.6,404.7 259.4,534.5 458.2,754.1 216.8,239.6 215.3,195.3 -33.6,479.8 -142.1,161.9 -205.1,381.6 -500.4,293.4 -158.2,-211.9 -5.1,-480.2 -91,-713.1 -296.1,-210.2 -829.4,232.5 -987.2,-356zm28512.3 -10127.6c-87.1,364.8 -234.7,481 -503.6,409.3 -236.2,-332 33.8,-603.2 141.1,-883.1 69.1,-181 320.2,-283.8 443.8,-177 270.7,233.8 587.8,67 884.4,181.3 -33.5,510.7 -447.4,833.6 -620.6,1270.6 -74.6,187.5 -327,55.5 -497.1,77.3 -32.4,4.4 -97.1,-49.9 -104.3,-86.2 -14.7,-70.8 -26.2,-189 59.1,-198.4 398,-46.2 217.2,-284.3 197.2,-593.8zm-8693.7 32121.2c-167.2,545.7 -543.4,274.7 -832.2,327.3 -102.5,-439.8 588.5,-270.1 401.9,-750.2 -239.6,1.2 -544.6,-150.2 -649.1,288.4 -139.8,-84.7 -85,-223.6 -80.3,-336.7 10.2,-268 380.2,-504.5 592.4,-356 114,79.5 365.8,3.1 355.2,303.5 -3.8,118.7 247.5,168.5 281.2,-72.6 20.4,-147.9 105,-161.7 206.8,-147.2 79,11.2 113.3,75.7 110.2,165.4 -6.7,204.9 -3.5,411.3 -1.7,616.6 1.1,146.9 -36.1,276.3 206.8,317.9 142.1,24.7 153.9,618.3 27.2,740.3 -38.8,37.7 -141.7,37.2 -204.2,-32.5 -111.8,-124.9 117.1,-405 -259.2,-444 -197.5,-20.2 -4.4,-369.3 -155,-620.2zm335.4 -33120.9c-153.4,-0.9 -429.7,154.3 -399,-130.9 46.5,-430.8 -274.1,-254.7 -436.2,-337.3 -144.5,-340.5 30.3,-613.6 178.8,-891.9 76.6,38.9 80.4,106.2 88.6,181.6 15.1,143.6 129.4,125 230.2,120.7 -14.9,-272.7 371.4,-263.4 369.8,-442.6 -3.3,-349.1 321.3,-549.1 323.3,-873.3 1.2,-154.5 105.1,-57.6 157.7,-73.6 93.3,-29 162.3,44.2 149.4,117 -62.6,351.8 241.8,857.9 -395,976.8 -72.8,303.3 -150.7,605.7 -216.9,910.7 -31.1,144.2 41.9,302.4 -50.7,442.8zm-2428 28192c0,299.2 -5.4,576.5 3.1,853.2 3.5,112.7 -14.1,206.2 -112.5,263.2 -216.6,125.3 -202.4,328.2 -204.2,536.8 -1.1,129.3 -313,353.4 -436.1,291.5 -122.5,-61.3 -208.7,-137.6 -323.6,-15.7 -105.7,111.4 -255.1,141.4 -304.1,2.9 -36,-101.5 -124,-338.8 108.5,-372.5 183.8,-27.5 164.5,-123.5 191.4,-252.9 107.3,-524.8 495.6,-878.1 819,-1268.2 32.2,-39.2 132.7,-22 258.5,-38.3zm-1739.9 -28939.8c-121.5,0 -198.8,0 -276,-0.5 -25.4,0 -50.6,-1.6 -76.2,-2.5 26.9,-281.8 -342.6,-245.8 -375,-447 -36.4,-223.8 -316.5,-261.9 -318.5,-488.7 -1,-127.6 0,-255.6 0,-379.5 -172,-174.1 -404.2,7.4 -579.8,-112.6 -72.2,-116.9 -33.5,-241.2 -24.8,-363.8 43,-21 85.5,-59.7 128.5,-60.1 503.4,-2.5 784.6,106.6 943.8,303.7 198,244.4 431.1,430.1 489,797.5 36,229.1 157.8,450.8 89,753.5zm22414 36828.8l-38.5 2.7c-64.4,4.9 -190.7,-45.2 -190.4,-67.3 4,-134.5 -103.3,-371.3 95.7,-376.2 64.2,-1.7 105.5,-16.3 133.2,-38.5l0 479.3zm-3603.9 -7802.8c-190.1,82.3 -197.9,-16.1 -200.1,-121.2 -5.2,-252.5 93.9,-447.9 309.9,-581.5 21.4,109.7 -71.9,279 117.5,305.5 257.7,35.6 179.3,-170.2 191.8,-305.5 209.3,1.3 142.9,160.5 154.3,272.3 15.7,159.8 -75.7,356.5 233.3,363.1 126.4,2.9 119.8,265.2 67.5,326.9 -367,438.8 -293.5,965.6 -300,1485.1 -224.8,6.4 -106.4,-187.9 -193.9,-244 -324.4,-207.3 -196.6,241.1 -368,253.3 -188.2,-303.4 30,-561.1 103,-828.5 87.8,-320.4 -187,-555.9 -115.3,-925.5 15.4,-46.4 -26.7,-28.1 -42.3,3.5 -31.6,65 0.3,96.7 65,65.1 31.6,-15.4 51.9,-57 70.2,-90.5 3.1,-6 -29.6,-31.1 -92.9,21.9zm-16594.7 -9989.1c253,-1095 264.5,-791.7 -575.8,-1106.6 -121.8,-161.8 -3.1,-348 -67.9,-498.7 108.5,-145.8 252.5,-113.8 364.5,-90.8 267.2,55 239.1,-179.7 329.3,-300 184.1,41.9 39.7,269.2 209.8,354.5 89.2,44.5 81.4,242.5 -116,245.8 -151.2,2.4 -164.3,97.7 -151,201.3 9.8,78.8 70.4,118.6 162.3,112.6 342.2,-22.2 678.2,204.4 1033.1,8 85.3,-47.4 252.1,-57.4 348.3,67.7 -405.1,114.7 -445.3,98.7 -603.7,493.2 -92.1,230.2 -431.2,222.7 -403,513l-529.9 0zm20198.6 -28474.5c-90.3,181.1 -224,348.7 -259.9,547.9 -14.7,83.3 -124,76.6 -197,65.7 -218.9,-32.7 -307.3,124.7 -404.6,269.7 -11.6,17.1 3.8,50.9 -2.2,75.2 -19.4,79 -60.6,150.8 -152.8,119.1 -318.5,-109.7 -303.2,413.1 -626.9,318.4 -141,-41.4 -304.6,-6.9 -457.8,-6.9 0,-177.6 -33.6,-364.7 10.3,-530.5 37.6,-141.7 250.6,-93.6 361.7,-210.3 97.6,-102.4 51.3,-242.2 147,-325 174.3,26.2 37.4,235.8 164.6,275.9 134,42 246.8,26 246.2,-159 -0.4,-86.8 50.5,-146.3 138.2,-132.5 517.5,82.1 615.3,-344 782.5,-662.6 69.8,-133 160.7,-111.4 250.7,-109l0 463.9zm-25631 13690c-245.6,-466.2 -357.2,-142.7 -61.9,-225.1 66.7,-18.9 138.9,-6 207.7,54.3 150.9,131.2 589.8,161.4 739.8,64.6 42.4,-27.2 73.7,-71.1 128.8,-126.3 130.9,181.9 51.8,383.4 71.4,567.4 10.9,101.5 -32.7,151.3 -132.7,222.2 -242.4,172.1 -225.3,207.7 -176.8,587.1 13,100.8 -3.5,205.5 3.8,307.9 5.4,85.7 -24.2,158.5 -102.6,172.3 -99.3,17.9 -205.7,10.9 -210.9,-139.3 -1.6,-45.5 -18,-119.4 -45.8,-129.9 -169.1,-64.1 -4.9,-415.8 -340.7,-363.1 -109.3,17.2 -114.5,-286.5 -66.6,-323.1 309.3,-236.8 -11.5,-439.9 -15.4,-653.7 -1.5,-73 -101.3,-103.3 -181,-87.9 -80.8,15.4 -134.6,55.6 -123.8,153.8 8.5,76.4 0.1,153.9 2.1,231.1 1.9,100.3 22.4,214.5 -121.2,231.2 -112.8,13.3 -152,-41.7 -199.2,-158.5 -90.4,-222.5 -310,-416.7 130.4,-519.1 116.7,-27.4 -47.4,-295.7 494.3,134.1 339.6,603.4 316.6,622.7 316.2,642.3 -3.4,122.5 -2.2,245 1.3,367.4 0,0.5 53.9,10.2 68.8,-1.6 140.1,-110.8 74,-260.9 67.5,-398 -0.5,-17.9 -32.1,-34.6 -453.5,-610.1zm11921.8 -3788.2c-51.4,-107.6 -127.8,-210.2 -148.3,-323.3 -26.2,-141.9 -289.4,-261.8 -132.2,-375.4 154.8,-111.5 309.5,-189.1 362.9,-384.8 138.3,47.9 356.7,-130 399.5,201.6 22.5,173.4 235.8,190.6 284.1,-32.5 39.6,-181.1 134.2,-208.2 256.7,-142.5 103.3,54.9 96,172.1 8.2,256 -103.3,98.6 -123.5,176.3 -50.8,324 112.7,229.5 87.3,241.8 -195,431.4 203.3,98.9 410.3,17.6 608.1,45.5l0 309.5c-187.5,35.2 -480.3,-135.8 -490.7,252.7 -0.5,20.2 -78,44.5 -122.5,55.2 -90,21.6 -143,-33.4 -157.9,-110.2 -13.8,-72.8 4.2,-151.4 -4.2,-226.2 -33,-302.2 -298.8,-422.2 -617.9,-281zm-6087.3 5881.5c195.7,-238.9 381,-135.1 541.7,-150.9 153.5,-15.2 320.9,19.6 288.2,-226.5 -2.5,-16.9 62.7,-42.2 96.8,-63 104,488.8 526.4,188 794.7,321.6 -417.9,630.3 344.9,1149 159.6,1786.7 -196.4,21.8 -463.1,187.7 -434.9,-235.5 15.2,-231.2 11.9,-371 -311.7,-374.3 -156,-1.3 -337.7,-249.4 -451,-423.1 -50.2,-76.8 -101.3,-318.1 159.1,-325.7 75.1,-2.2 154.1,5.3 224,-16 31.9,-9.8 54.8,-76.4 66.2,-121.1 21.3,-84.7 -25.4,-165.3 -100.5,-167.9 -324.6,-10.7 -649,-4.3 -1032.2,-4.3zm-24720.1 1499c-24.5,-7.2 -48.3,-10.1 -71.3,-10.5l0 -607.6c90,-7.6 178.8,-18.7 220,71 55,210.6 -225.7,330.6 -148.7,547.1zm10651.9 40874.8c-265,116.2 -604.7,-89.7 -843.9,183.3 -32.3,37.1 -180.6,-4.9 -188.4,74.6 -17.7,179.9 -85,329 -261.5,209.9 -190,-129.3 19.8,-242.7 85,-365.4 54.5,-103.5 -47.7,-246.6 60.5,-357.8 170.4,-174.9 182.9,-280.9 -108.2,-340 -168.3,-34.7 -116.6,-285.4 -244.7,-404.7 199.1,-106.9 405.7,-45.4 601.7,-45.4 728.7,0 931.3,241.3 899.5,1045.5zm12532.8 -5818.5c215.3,-24.5 337.1,-38.6 456.2,-51.9 88.9,-177 38.6,-354.2 38.1,-530.2 -167,-161.8 -399.2,17.7 -601.6,-126.6 -111.1,-450.5 538.4,-554.7 459.8,-1004.4 413.4,288.5 598.5,682.2 732.3,1106.3 109.7,346.9 63,507.9 -285.4,721.4 -108.3,66.6 -98.9,146.5 -149.2,211.5 -149.6,193.8 -304.6,145.2 -458.3,-109 -38.3,-63.9 -99.7,-114.1 -191.9,-217.1zm6999.8 -27870.7l0 398.8c-269.7,123.5 -580.1,-7 -869.3,67 -116.9,158.5 -60.1,344.4 -45.2,511.2 9.6,106.6 216.4,127.6 232.7,62.6 100.9,-396.4 379.2,-286.8 631.5,-262.8 197.2,309.5 -112.5,495.6 -159.7,742.6 -157.7,-44.6 -38.8,-250.1 -169,-289.3 -140.1,-42.3 -194.8,18.5 -250.2,175.5 -67.5,189.9 -228.3,176.1 -284.8,-31.9 -56.4,-210.3 -279.5,-262.5 -335.4,-479.3 -47.2,-183 -182.9,-345.3 -138.9,-554 44.3,-211.7 147.2,-357.8 389.9,-370.7 28,-1.8 44.5,-126.9 74.8,-191 29.4,-61.2 44.3,-117.6 145.8,-44.5 359.6,259.8 364.5,252.6 777.8,265.8zm-25289.1 -11602.8c-149.6,-884.9 -132.5,-1066.5 159.4,-1914 145.6,132.3 -76.1,491.7 317.6,492.1 67.9,0 190.7,273.2 186.8,359.1 -14.7,354.3 127.8,462.2 530.3,328.4 -110.4,368.3 -276.7,626.8 -187,914.3 -279.2,107 -464.7,103.3 -518.8,-210.7 -11.3,-66.1 -102.6,-120.4 -108.4,-184.1 -18.7,-190.2 -132.1,-198.8 -258.7,-139.6 -122.9,58.1 -15.4,191.3 -121.2,354.5zm2376.4 41453.9l1326.5 0c120.9,-107.9 51.1,-219.5 78.2,-312.6 42.3,-144.2 246.7,-206.3 252.9,-113 11.4,165.4 278.3,248 93.6,490.4 -173.9,228 -147.9,620.1 -594.5,578.3 -74.2,-7.1 -93.5,157.4 -57.9,190.8 224.2,208.2 88.8,248.5 -112,284.1 -125.6,22.2 57.7,271.2 -163.5,239.4 58,-236.7 -329.7,-227.2 -258.2,-421.7 49,-133.6 99.9,-230.1 -23.8,-318.9 -112.9,-81.3 3.1,-310.6 -244.5,-312.8 -243.1,-2.3 -21.2,308.3 -238,293.4 -98.7,-163.6 -27.2,-345.3 -58.8,-597.4zm26076.3 -57263.4c-236.9,442.9 -331.9,829.6 -68.6,1232.9 47.3,72.5 -29.8,140.3 -109.9,158.1 -78,16.9 -182.9,-6.3 -188.9,-79.8 -18,-224.2 -6.2,-450.6 -6.2,-690.4 -371.4,125.4 -621.9,-6.5 -620.1,-274.8 0.9,-152.2 0,-286.9 128.9,-415.6 67.9,-68.4 37.2,-234 59.1,-424.6 152.9,140.5 254.2,222.2 293,413.9 26,126.4 242.2,133.3 280.7,-13.4 38.7,-146.5 57.7,-222 225.4,-218.8 432.6,8.6 865.4,2.8 1280.9,2.8 98.4,235.1 45.2,423.7 30.5,693.8 -139.2,-233.3 -148.3,-449.7 -444,-394.8 -273.7,50.6 -564.4,10.7 -860.8,10.7zm11168.5 29237.8l-58.4 -2.5 0 -1034.6c23.7,-3.8 42.9,-4.3 58.4,-1.8l0 1038.9zm-1636.8 -23356.2c-152.2,49 -391.1,-130.5 -453.9,121.8 -41.5,167.5 -108.9,226.9 -245.8,175.7 -113.6,-41.9 -71.5,-174.4 -72,-271.4 0,-46.1 7.2,-106 35.9,-136.9 109.8,-118.5 224.9,-262.1 6.4,-341 -124.4,-44.5 -374.2,-113.3 -364.9,212.9 2.7,94.9 -148.1,110.9 -246.4,56.6 -85.6,-47.2 -77.5,-168.4 -44.4,-201.5 162.3,-161.5 196.9,-383.2 298,-572.7 37.6,-70.6 59.4,-147.8 149.8,-124.9 407.4,101.1 281.7,-228.9 346.2,-411 10.7,-29.6 83,-37.6 126.9,-55.7 64.1,429.3 101.3,457.4 619.2,464.3 73.9,218.2 -184.8,336.6 -159.4,548.4 21.2,176.3 4.4,356.6 4.4,535.4zm-27008.1 -1239.7c-70.8,-48.3 -56.8,-129.8 -82.3,-197 -61.5,-161.7 -242.7,-164.1 -273.3,-42.8 -37.1,144 -308.6,311.1 -31.1,480.2 -188.6,248.1 -94.7,574.3 -230,831.7 -39,75.2 -104.9,188.5 -234.7,166.9 -165.9,-28.2 -265,-143.5 -304.6,-291.6 -32.9,-124.9 54.1,-172.4 176.4,-174.8 84.1,-1.3 128.9,-51.4 130.7,-146.1 3.5,-146.3 -85.6,-161.8 -196,-160.9 -51.8,0.6 -105.1,8.9 -154.1,-2 -80.1,-17.6 -122.9,-65.7 -118.9,-159.5 3.6,-94.4 48.6,-150.5 131.6,-145.3 361.8,23.3 517.7,-143.5 492.1,-499.3 -5.4,-73.4 -0.7,-153.4 22.9,-222.1 120.5,-350.5 380.1,-589.6 535.1,-501 165,94.4 164.9,307.7 280,421 207.1,204 -5.9,301 -60.9,446.6 -25.2,66.9 -12.3,148.1 -82.9,196zm-13225.9 43415.6c-22.7,-304.9 -325.4,-457.8 -168.2,-708.3 -225.1,-143.1 -453.5,31.9 -643.6,-158.8 102.6,-279.6 158.5,-598.9 599.6,-530.7 60.1,9.5 128.9,-53.2 195.7,-75.1 258,-83.9 450.2,-2.6 447.1,258.1 -2.7,263.8 115.8,468 193.5,692.6 86.1,249.4 -25.9,494.6 -271.9,520.8 -99.7,10.3 -201.7,1.4 -352.2,1.4zm25885.2 -31212.1c-71.9,-177 -85.7,-333.1 67.1,-480 83.4,-80.2 71.7,-200.6 -29.4,-254.5 -86.2,-46.1 -220.9,-36 -232.9,94.4 -37.2,404.6 -302.4,83.7 -409.5,217.1 -165.2,-310.1 253.4,-436.2 100.2,-688 -6.9,-11.6 66.2,-102.2 87.8,-97.3 401.8,98.9 431.7,-253.8 512,-467.5 67.5,-180.2 166.1,-151.4 282.2,-155 79,-2 188.5,-11.6 188.8,-80.9 1.5,-209.4 91.2,-306.8 266,-190.1 137.4,92.4 8.2,203.1 -58.8,312.8 -97.7,159.4 -147.4,348 -225.5,520.2 -19.8,44.1 -69.7,74.3 -106,110.4 179.7,177.2 188.4,430.4 113.8,611.2 -70.6,170.5 -412.2,147.4 -443.5,417.2 -9,77.7 -15.6,134 -112.3,130zm-21354.3 23550.2c-356.5,-417.5 -3.8,-807.1 51,-1238.2l1341.9 0c-111.3,364.7 -541,667.7 -202.1,1120.2 91,121.1 -142.5,153.2 -115.6,296.7 26,137.4 -114.9,154.4 -206.8,125.4 -114.3,-35.6 -140.8,-182.8 -71.5,-236.2 180.3,-138.3 111.3,-309.1 136.5,-464.9 -386.6,-200.4 -603.9,-49.5 -754.1,288.8 -25.7,57.6 -83.6,132.7 -179.3,108.2zm3052.6 -22784.4c-29.2,658.8 -210.2,1210 -317.5,1773.1 -15,79.1 -88.7,165.2 -152.6,111.6 -242.8,-203.9 -479.1,103.5 -734.5,-20.9 -6,-150.1 142.3,-262.5 127,-436.6 -12.7,-148.3 -136.8,-424.6 104.2,-447.4 253.5,-23.6 160.7,-214.1 242.9,-310.3 107,-125.4 238.2,-279.3 246.9,-427.7 18.5,-327.3 244,-169.1 483.6,-241.8zm19338.6 12876.4c15,-315.3 -54.9,-642.9 153.2,-935.2 117.6,-165.6 409.2,-217.9 452.2,-48.3 33.6,133.1 174.1,216.9 160.8,315.5 -71.3,528.6 328.8,1009.3 112.9,1567.3 -131.9,87 -313.8,8.9 -483.8,32.2 -72.6,-46.1 -86.7,-113.7 -85.5,-193.5 3.1,-205 18.2,-411.6 -3.8,-614.5 -21,-196.4 -195.3,-95.5 -306,-123.5zm-10211.5 -17836c-20.4,-438.4 357.9,-559.5 508.2,-833.6 77.6,-142.1 328.4,-40.3 511.4,-51.3 86.8,190.9 174.3,385 264.2,583.4 102.5,27.2 98.7,-46.3 108.1,-117.5 43.1,-327.1 290.5,-39.5 378.2,-185.5 130.7,187.5 94.4,347.1 78.4,489.2 -23.8,205.4 -263.8,392.5 -428.1,298.5 -447.2,-256.7 -933.8,-63.4 -1420.4,-183.2zm21681.2 -5083.2c-352.9,44.4 -679.9,-34.5 -971.4,159 -104.6,69.7 -285.5,44.3 -291,-204.4 -5.6,-239.1 -222,-459.6 2.5,-720.7 160,-186.1 320.1,-223.6 461.5,21.6 114.5,199.2 264.5,202.6 305,43.2 121.4,-477.2 440.9,-369.8 793.3,-342 -214.8,329.5 -378.3,642.1 -299.9,1043.3zm-32053.2 24959.5c0,-102.4 -31.6,-221.3 5.2,-248.2 262.7,-196.6 518.1,-383.7 695.8,-679.8 45.4,-76.1 324.3,-11.5 507.6,-11.5 158.5,604.5 -393.5,1059.1 -270.7,1640.4 -215.1,72.8 -405.3,60.4 -591.4,20.7 -76.6,-259.5 -59.2,-487.1 116.6,-721.6l-463.1 0zm-8564.5 -21119.6c158.3,230.7 104,403.9 0,564l-185.3 -294.2 185.3 -269.8zm39059 50910.1c-0.1,-74.4 -4.3,-148.6 -4.3,-220.9 216.4,-18.9 124.3,140.5 183.5,220.9l-179.2 0zm270.6 0c154.4,-335.1 -302.2,-633.3 -82.3,-959 186.8,20 272.5,-238 493.4,-229.8 199.5,6.9 254.1,71.2 251.6,267.8 -2.4,151.2 -134.9,202 -163.6,319.5 -48.4,200.3 -250.3,391 -129.8,601.5l-369.3 0zm-9994.3 -59527.6c262.3,-25.9 376.1,114.2 425.5,285.4 32.9,115.1 59.6,178.1 185.4,174.6 202.6,-4.5 76.9,-213.8 178.8,-279.9 496.3,400.8 58.1,867.7 85.8,1301.8 1.5,17.6 -81.7,61.5 -122.3,57.3 -199.3,-19.8 -310.4,22.7 -358,256.4 -26.3,128.5 -193.9,72.6 -273.9,-96.3 -91.2,-193.1 -148,-318 -33.6,-582.3 135.1,-312.8 108.9,-751 -87.7,-1117zm4502.4 40448.5c-192.8,146.3 -192.1,220 -203.5,296.3 -12.2,79.7 -72.8,119.2 -163.8,112.5 -91.3,-7.4 -137,-49.2 -141.6,-137.2 -2.9,-51.2 2.7,-103.1 -1.2,-154.5 -13.5,-174.4 435.8,-443.3 -103.3,-510.6 -41.4,-279.2 -208.1,-371.1 -498,-255.8 16.2,-250.5 342.8,-120 301.7,-368.7 -22.8,-135.6 -75.1,-307.2 77.4,-443.7 90.9,200.8 179.1,395 271.3,598.4 165.6,114.3 398,-67 568.4,104.3 -387.5,305.4 94.8,337.7 131.6,490.9 104.6,435.5 457.9,69.5 618.5,263.9 -65.9,132.9 -134.1,271.3 -217.5,438.4 -41,-118 -51.2,-226.1 -108.9,-292.8 -75.3,-87.1 -186.2,-67.5 -255,27.8 -25.1,34.1 1.6,101.5 -13.6,148 -45.8,139.7 138.1,419.1 -184.8,389.5 -230.2,-21.6 -89.2,-246.9 -119.9,-378.5 -16.7,-73.5 -2.7,-153.9 42.2,-328.2 15,-20.7 -27.3,-2 -42.7,29.2 -31.2,64.9 0.5,97.2 65.2,65.4 31.4,-15.4 52.2,-57 70.4,-90.8 2.9,-5.4 -30,-30.8 -92.9,-3.8zm107.8 -26833.4l-845 0c-64.3,-223.1 -359.8,-442.6 -217.2,-643.9 167.1,-236.9 81.9,-478 162.3,-703.3 167.8,-91.8 440.4,-102.5 497.4,-27.7 113.1,148.1 183.9,311.5 388.3,352.9 -187.5,109.8 471.6,371.4 -79.7,432.7 -94.2,10.6 -99.8,175.7 -7.6,247.8 124,95.7 106.2,216.9 101.5,341.5zm-10048.3 -18591c15.2,-66.6 51.9,-120.2 99.8,-166.5l454.8 0c-126.6,160.5 -285.4,218.1 -554.6,166.5zm11894.8 54436.4c-92.2,111.1 -228,58.6 -346.9,59.3 -281,1.3 -440.9,138.2 -406.8,412.1 30,240.2 -76.6,383 -289.9,558.8 -4.5,-322.1 -58.1,-570.6 87,-877.7 206,-437.7 260.1,-939.5 180.2,-1468.8 207.7,35.4 391.6,-171 500.1,182.4 75.9,247.1 413.9,402.7 144.4,740.3 -85.7,107.3 246.3,193.9 131.9,393.6zm-9435.8 -14946.2c-54.5,632.4 310.1,1188.6 124.3,1809.6 -120.5,73.6 -377,68.8 -377.4,-7.4 -0.1,-216 -465.9,-396.5 -49.9,-623.9 -225.6,-240.2 -544.6,26.5 -792.7,-187.5 102.9,-286.7 160.4,-598.6 602.8,-534.5 336.2,48.5 134.7,-426.4 492.9,-456.3zm2614.2 -15327.3c66.5,357.3 -78.8,706 319.2,1030.9 -391.4,17.8 -677.5,241.8 -806.6,-216.7 -7.1,-25.1 -166.6,-48.7 -193.3,-18.2 -59.4,67.2 -56.1,203.2 -121.5,248 -80.6,55.2 -106.7,-41 -101.8,-116 10.2,-152.1 -96.6,-141.1 -199,-158.5 -57.5,-10 -145.5,-36.1 -50.6,-138 168.3,-180.9 171.2,-308.2 -127.1,-327.8 -73.9,-4.7 -102.2,-102.6 -86.6,-182.4 15.8,-80.1 56.7,-125.3 154,-123.7 384.8,5.7 769.5,2.4 1213.3,2.4zm-8373.3 -24329.4l-2.3 23.2c-321.7,149.6 192.4,327.5 87.6,392.1 -212.4,191.7 -348.3,141.5 -466.1,132.6 -72.1,-5.8 -253.8,102.2 -218.1,-65.7 35.4,-168.7 -214.5,-230.8 -101.3,-370.6 30.4,-37.7 53,-74.2 68.1,-111.6l632.1 0zm-1218 0c9.7,57.2 51.8,115.1 121,169.6 276.3,217.1 280.8,364.6 -81.9,498.4 -75.1,27.6 -47.3,326.4 -265.5,224.8 -124.2,-57.8 -101.5,-255.4 -210.4,-374.3 -85.2,-92.8 -13.3,-233.5 169.3,-232.8 79,0.4 128.7,-54.6 122.8,-151.9 -2.5,-40 -3.6,-85.4 -3.9,-133.8l148.6 0zm17430.6 45995.6c78.4,148.6 178.8,288.4 225.5,444.3 32.8,109.5 58,154.7 178.9,181.9 595.8,134.6 594.4,141.1 555.5,768.8 -385.4,-215.6 -426.8,502.9 -884.4,248.5 50.3,-367.7 -66.3,-721.9 -368.3,-1014.2 -176.1,-170.3 -165.2,-297.3 128.1,-331.8 65.4,-7.6 109.9,-193 164.7,-297.5zm-22799.6 -11445.4l680 0c68,151.2 157.9,315.7 217.3,490.7 122.1,358.1 155,389.3 387.7,595.7 111.7,99.5 354.7,190.6 189.9,416.3 -125.3,171.5 -164.3,510.8 -547.1,303l0 -596.2c-134.9,-237.1 -474.9,-30.8 -473.3,-210.6 4.4,-416.8 -590.9,-495.5 -454.5,-998.9zm28520.9 774.6c152.5,70.4 41.6,286.2 213.1,366.7 102.2,47.5 197.2,147 187.2,303.7 -4.4,70.8 87.7,109.4 171.9,97.1 85.1,-12.5 127.6,-52.8 132.7,-145.8 8,-134 -73.2,-354.7 185.3,-311.7 229.3,38 79.9,251.1 123.7,378.7 7.6,21.2 35.4,35.9 59,58.1 172.4,-52.3 76.4,-197.9 90.4,-299.2 12.5,-91.1 49.3,-136.5 135,-143.9 124.4,-10.6 149.1,58.1 185,172.1 145.8,465.2 -249.4,670.4 -452.4,955.7 -155.4,218.8 -405.1,91.9 -625.7,87.5 36.3,-179 151,-126 235.8,-131.2 101.3,-5.1 207.9,10.5 216.9,-137.8 7.8,-130.2 -57.7,-176.5 -180.2,-174.3 -177.4,3.8 -354.9,0.9 -525.6,0.9 -314.6,-705.4 -314.6,-705.4 -152.1,-1076.6zm-10260.9 22020.8c-210,-106.9 -140.5,-248.1 -212,-307.8 -190.6,-159.8 -142.7,-286.5 19.2,-430.1 105.5,-93.3 291.9,-220.6 109.9,-357.4 -165,-123.8 -270.1,-6.4 -255.8,196.2 1.4,16.5 -33,50.3 -51.6,51 -69.3,3.6 -143,9.3 -205.8,-12.5 -27.8,-9.6 -59.6,-105.8 -44.1,-124.9 242,-291.4 171.2,-602.3 -16.2,-975.4 311.3,105.7 534.3,165.4 629.2,409 49.4,127.3 145.8,117.8 243.3,108 157.2,-15.8 221.2,38 228.9,206.4 8,167.9 -125.5,411 232.1,447.3 81.7,8.2 -68,301.4 -145.9,384.3 -79.7,84.8 -333.7,170.1 -398.1,-104.2 -16.5,-72 -14.5,-133.6 -133.1,-135.6l0 645.7zm129.3 -48181.2c6.5,-75.7 -10,-142.8 -100.6,-127.6 -24.3,4.4 -44.3,78.1 -51.9,122.4 -13.1,74.2 8.2,142.3 98.9,126.9 24.2,-4.2 36.7,-79.4 53.6,-121.7zm-464 -312.4l695.3 0c157.3,142.7 61.5,331.1 73.7,497.2 12.1,161.6 -6,314.5 233.6,282.1 21.4,-2.5 57.3,70.3 79.3,112.2 9.8,20.4 10.4,54.8 0,75.2 -22,41.6 -61.2,115.3 -79.7,111.3 -430.9,-90.6 -44.5,501 -393.4,468.7 -95.3,-9.1 -224.1,53.9 -276.6,-60.7 -57.2,-126.5 -24,-202.2 145.2,-257.4 326.6,-106.5 -215.5,-234 -13.1,-369.4 -250.5,-160.1 -111.6,89.1 -156.1,147.1 -121.1,156.6 -277.9,21.7 -462.9,135.7l0 -986.9c106.8,3.4 158.5,-48 154.7,-155.1zm-31584.3 2614.4l0 447.9c-95.9,95.8 -791.5,100.9 -1000.3,40.1l0 -669.5c171.2,-87.9 245.5,-277.6 381.4,-221.6 -66.6,544.4 401.4,184.6 618.9,403.1zm33905.9 326.1l-725.2 0c-111.7,-279.6 33.2,-545.3 -103.7,-757.7 -207.5,-116.9 -250.7,162.2 -409.2,138.8 25.3,-157.7 -248.1,-194.8 -160.4,-367.9 66.4,-118 168.6,-94.4 263.7,-96.6 408.8,-9.3 408.8,-9.3 670.3,-309.3 21.9,109.8 -72.1,275.2 118.5,306.2 166.1,26.5 337.6,20.3 597.8,33.8 -321.7,356.1 -238.7,712.1 -251.8,1052.7zm3276.1 -2736.3c380.1,-3.9 549.5,-387.9 855.2,-59.1 191.3,205.6 369.9,-239.8 660.8,-101.5 -257.1,473.8 -512.5,943.8 -768.3,1413.9 -40.1,73.7 -105.6,104.6 -186.4,89.2 -81,-15.5 -138.3,-55.4 -123.5,-153.8 64.1,-415.7 -91.4,-771.1 -437.8,-1188.7zm-25112.7 2878.8c-430.1,51 -675.7,-128.4 -840.5,-448.4 -134.7,53.9 -6.5,252.9 -195.9,304.6l0 -1077.2c165.9,75.5 115.3,379.2 385.8,313.9 191.5,-46.3 402.8,-9.1 572.5,-9.1 116.9,-68.5 77.5,-153.8 93.2,-224 29.9,-133.6 -94.4,-314.4 111.8,-391.8 39.4,-14.9 112.5,-4.5 139.4,23.3 121.8,127.9 34.1,290.1 53.4,436.7 5.2,41.1 -27.8,89.5 -50.3,130.9 -257.3,481.6 -257.4,481.6 -269.4,941.1zm-1556.5 21935.3c-18.1,-32.3 -36.6,-66 -55,-100 -17.4,17.4 -51.2,38.3 -48.4,51 8.1,36.5 31,69.5 48.4,104.2 17.1,-17.4 34.2,-34.7 55,-55.2zm-132.5 -1028.5l0 584.9c350.2,-95.3 508.1,219.6 708.7,391.9 173,148.1 54.1,462.5 60.1,709.2 -198.6,-21.9 -108.7,-169.3 -160.8,-217.3 -143.3,-133.4 -117.5,18.4 -145.6,97.5 -69.9,193.2 -409.2,157.6 -378.9,439.7 -161.5,-37 10.5,-334.6 -238,-303.5 -9.8,-276.9 94.1,-598.5 -305.3,-721.6 -20.2,-6.5 -43.8,-239.1 44.3,-347.5 183.7,30.7 32.8,243.3 184.1,278.5 20.1,-25 71.9,-59.5 72.8,-95.3 7.4,-231.1 -1.5,-463.1 6.7,-694.2 3.1,-80.2 54.3,-139.9 151.9,-122.3zm-9989.5 -12570.9c-92.2,-543.3 -548.2,-219.8 -844.5,-379.9l0 -509.8c0,-102.2 -538.9,-303.5 -690.7,-244.7l0 -249.4c145.6,-59 55.7,-790.2 78.1,-688 61.5,283 1053.2,506.1 1254.3,509.9 171.6,2.4 275.4,520.1 404.9,653.9 85.8,88.9 54.1,269.6 291.5,244.1 75.3,-8.3 -194.8,382.7 -264.3,396.5 -358.5,70.3 -60.6,23.2 -229.3,267.4zm34028.6 -14656.1c169.2,109.1 92.3,391.4 404.5,405.9 138.9,-55.6 -103.8,-309.9 81.7,-408.8 15.6,10.7 42.3,18.8 50.6,35.9 153.2,309.9 180.8,321.7 335.9,67.4 69,-113.7 147.9,-138.2 236.9,-103.7 44.3,17.3 87.5,173.7 74.4,182.3 -441.5,293.9 -258.1,768.6 -318.8,1181.7l-547.5 0c-170.8,-427.1 -530.2,-818.1 -317.7,-1360.7zm-6435.6 11286c80,-338.8 315.5,-560.1 126.2,-891.4l1265 0c165.2,321.7 -58.8,586.2 -169.1,870.3 -190.1,-11.4 -22.9,-232.7 -160.5,-274.3 -166.8,32.3 -21.6,239.5 -179.2,281 -41.9,-91.1 -89.3,-193.8 -139.2,-301.7 -165.2,307.4 -165.2,307.4 -743.2,316.1zm-23853.4 -16406.5c-156,0 -308.6,5.6 -460,-1.4 -192.1,-8.6 -419.9,-292.7 -318.1,-455.5 7.8,-12.5 14.4,-24.9 19.9,-37.4l1071.1 0c-121.1,152.1 -274.6,277.1 -312.9,494.3zm18323.2 23370.6c2.2,-293.4 -70.1,-600 187.4,-789.5 -142.7,-244.2 -390.5,-24.7 -519,-291.4 416,45 792.3,-109.1 1183.9,127.3 140.9,85.1 239.3,100.5 234.7,287.7 -6.5,264.1 -358.5,657.9 -627,665.5 -153.7,3.6 -307.3,0.4 -460,0.4zm12589 -23864.9c170.7,161.6 53.3,182.1 -94.4,182.8 -116.1,0.5 -276.6,46.5 -266.6,-161 0.4,-7.2 0.4,-14.5 0.3,-21.8l360.7 0zm-26146.5 40969.7l-601.6 0c-52.8,-349.7 19.8,-637.9 338.2,-765 167,-66.6 104.6,-386.5 194.8,-269.9 113.1,147.2 359.2,270.4 354.9,352.9 -19.6,357 120.7,671.4 175.9,1005.6 12,72.3 23.8,187.7 -14.2,215.9 -84,63.5 -111.4,263.7 -257.7,173.3 -76.5,-47 -235.5,-73.8 -195.4,-251.6 27.1,-121 5.1,-252.8 5.1,-461.2zm27017.5 -14766.2c424.6,-44.8 780.4,132.4 848,-335.6 184.9,210.6 124.1,562.9 482.5,659.3 129.2,34.9 107.1,270.8 18.1,396.1 -96.5,136.9 -443.5,-122.7 -428,261.2 2.5,69.9 -73,73.2 -591.5,63.4 -61.7,-346.9 105.5,-748.1 -329.1,-1044.4zm-18722.9 -13618.1c-56.5,-193.5 132.1,-312.2 147.5,-474.7 14.9,-156.7 207.7,-211.9 167.4,-398.1 -67.2,-307.2 413.5,-245.1 390.5,-539.2 77,0 165.4,-24.5 228.9,4.6 267.6,121.8 232.4,441.8 396.6,639.5 112.8,135.8 -157.7,201.7 -112.1,370.7 18.5,69.2 -84.8,30.7 -137.3,-26.1 -285.2,-307 -276.8,-287.9 -490.8,30.6 -124.6,184.8 -196.6,381.1 -281.6,578 -32.3,75.2 -81.9,115.3 -170.5,107 -89.1,-8.6 -135.7,-49.8 -138.5,-138.9 -1.8,-50.8 -0.1,-102 -0.1,-153.4zm-4233 20090.6c207.9,36.7 395.4,237.8 685.1,153.3 -26.1,343 -241.3,532.7 -313.5,774.9 -36.3,121.6 -102.9,125.8 -187,176.5 -143.4,86.7 -273.2,23.4 -398.8,44.1 -180.3,29.6 -159.8,285.3 -278.3,406.1 -25.4,25.7 -101.1,-5.3 -149.9,6.1 -79,18 -101.7,-1.6 -78.6,-79.7 6.5,-23.6 10.7,-57 -0.4,-76 -221.3,-371.6 343.8,-204.4 324.2,-476 -10.7,-149.4 -186.4,-416.3 192.3,-464.5 233.8,-30 -2.2,-335.9 204.9,-464.8zm21593.5 5433.8c-17,-288.4 -19.7,-362.5 -26.8,-436.7 -7.7,-81.6 33.2,-196.6 86.6,-179.6 307.7,97.5 133.9,-362.3 401.7,-322.6 417.5,61.8 282.8,-215.8 262.3,-431.1 -152.7,10 -233.4,216.9 -395.6,93.7 -53.5,-36.5 -26.5,-56.7 15.7,-111.8 201.3,-264 281.7,-563.7 253,-898.8 -14.3,-168.1 12.9,-339.1 26.5,-609.2 183.5,315.3 92.8,549.6 126.4,769.8 25.6,168.5 -128.2,437.7 238.9,434.3 75.7,-0.6 68.8,120.3 68.4,196 0,277.8 0,555.9 0,815.6 -210.6,100.8 -503.6,-33.2 -533.7,332.2 -6,72.5 -364,-25.7 -523.4,348.2zm-4360 1542.1c337.5,7.8 713.6,-94.5 819.3,416.1 28.8,140.5 302.9,-42.7 397.2,111.1 56.2,91.7 -4.8,258 192.9,249.1 146.7,-6.6 153.2,111.1 134.2,209.1 -15.5,76.6 -88.2,107.8 -173.2,98.9 -294.3,-32.7 -575.1,21.4 -825.6,183.5 -144.3,-328.2 -64.6,-713.6 -489.6,-845.3 -126.9,-39.3 -35.2,-276.9 -55.2,-422.5zm-497 7212.6c243.6,273.2 176.1,551.2 -26.9,817.8 -340.7,-220 -188.8,-615 -317.8,-913.2 -81,-186.8 131.7,-455.5 322.9,-461.1 179.9,-5.3 360.2,-1.5 540.1,-0.6 153.5,0.6 325.6,29.6 290.8,-220.4 -2.8,-17 38.6,-57.5 42.1,-55.3 143.6,78.9 143.9,306.6 373.2,321.1 81,5.1 77.5,176.1 -18.3,246.5 -75.5,55.2 -126.7,271.4 -270.7,68.5 -56.4,-80.3 -184.2,-72.3 -201.5,-43.8 -170.6,282.3 -493,43.2 -733.9,240.5zm-442.6 -26129.6c62.1,-705.6 -219.6,-1192.8 -454.9,-1692.1 25.8,-43.5 40.3,-107.4 75.7,-122.1 490.7,-204.1 490.3,-201.9 740.8,263.7 67.9,125.8 130.5,258.7 220.8,367.6 59.3,72.6 69.8,186.3 42.4,205.2 -312.2,212.4 -353.6,613.5 -624.8,977.7zm-29859.9 189.5c-20.5,146.5 47.7,304.3 -53.2,442.2 -244.5,-237.8 -281.8,-535.5 -257.6,-853.5 7.4,-102.8 6.2,-205.3 -145.4,-209.5 -213.3,-5.7 155,-312.6 301.3,-307.7 0,247 0,494.1 -0.2,741.2 0,105.8 15.3,197.7 155.1,187.3zm7196.2 32111.5c110.4,23.2 272,-73.9 307.9,121.6 21.6,118.9 -30.3,245.4 81.3,355.1 62.5,60.8 77.4,170.8 127.5,291.7 229.3,-14 480.7,79.5 708.5,-68.6 55.2,-36 34.3,-264.5 97.1,-198.8 120.4,125.6 150.5,336.8 218.6,512.3 -358.7,177 -238.6,569.6 -382.9,842.8 -5.8,10.6 -48.6,1.1 -74.2,1.1l0 -533.3c-106.8,-191.3 -364,22.1 -459.3,-163 -104.4,-201.5 -391,77.7 -486.1,-228.6 -65.2,-209.1 -151.8,-403 -139.4,-627 5.6,-101.3 1,-203.3 1,-305.3zm31951.8 -37465.8c205.3,-94.4 398.1,-74.2 602.1,-32.5 15.1,131.3 29.6,253.1 44.1,378.2 161.6,116.3 345.7,31 520.5,56.8 187.1,171.5 15,380.3 82.2,523.5 -83.9,125.8 -169.7,77.5 -239.3,96.4 -129.2,34.9 -330.9,-108.9 -376.1,128.2 -22.1,117.6 -48.8,188.2 -179.2,179.9 -149,-9.6 -139.9,-117.8 -134.8,-219.3 19.6,-401.7 -248,-724.5 -319.5,-1111.2zm-23972.9 18974.3c7.6,-342.4 -97.7,-646.1 147.2,-895.2 -98.9,-244.9 -248.7,-480.8 -121.2,-765.9 163.2,-84.7 340.3,-26.6 511.9,-38.3 24.7,41.1 70,81.4 70.4,122.2 5.8,356 28.5,714.3 -7.6,1066.5 -17.6,176.3 -128.9,354.2 -236.4,502.9 -34.8,48.2 -192.9,7.8 -364.3,7.8zm-14276.2 11901.7c6.7,-75.1 -10.3,-142.5 -100.7,-127.2 -24.2,4.1 -44.3,78 -52.1,122.3 -12.7,73.9 8.7,142.2 99.3,126.4 24.3,-3.9 36.1,-78.8 53.5,-121.5zm-558.2 601.6c-137.1,-145 12.3,-351.4 -163.9,-498.1 -99.3,-82.1 126.5,-574.7 256.3,-557.3 340.4,45 322.2,-142 315.9,-368.2 -1.5,-76.2 72.4,-118.3 163.2,-111.1 91.1,6.9 140.1,49.1 141,137.5 2,309.3 6.9,618.8 -1.3,927.8 -9,370.3 -96.7,451.6 -501,482.7 -72.8,5.6 -147.6,-8.9 -210.2,-13.3zm7608.7 -41431.1c175.7,28.3 32.7,327.5 320.1,313.1 253.9,-13.4 362.8,337.7 156.8,420.6 -185.9,74.8 -231.6,128.6 -225.8,299 3.2,98.2 19.9,253.6 -31.8,287.4 -383.9,249 -263.4,627.4 -273.4,970.8 -3.4,132.5 -65.3,181.2 -184.6,169 -83.3,-7.8 -133.6,-52.3 -128.5,-147.9 5.8,-102.2 -39.4,-233.1 8.7,-303 235.1,-346.2 152.1,-730.1 138.1,-1095.9 -13,-336.2 168.5,-604.5 220.4,-913.1zm33708.6 40462.1c-130,345.6 -377.6,608.1 -349.8,983.5l-543.1 0c-19.1,-39.9 -54.9,-81.7 -57.4,-125.8 -7.3,-153.7 -23.4,-312 2.9,-461.2 30.9,-175 -363.1,-262.7 -99.5,-445 114.2,-78.9 268.9,-57.9 269.6,-272.3 0,-87.8 236.2,-98.5 236.5,-31 2.6,378.3 328.6,211.1 540.8,351.8zm-37503.1 -37384.1c17.8,193.4 86.7,397.4 -55,570.2 -273.1,333.7 115.6,267.6 251.2,405.9 -279,115.3 -552,38.9 -812.7,58.1 -152.5,11.5 -324.2,-27.9 -293,222.8 2.2,18.1 -62.3,44.1 -95.5,66.2 -18.3,-43.5 -40.1,-86.4 -54.1,-131.4 -74.4,-240.5 235.8,-392.7 151.9,-629.6 -108.7,-307.1 200.6,-272.3 311.9,-398.8 168.8,-192.8 168.8,-192.4 595.3,-163.4zm30371.6 3698c-38.1,-57.3 -64,-96.6 -89.8,-135.8 -25.8,64.1 -64.8,127.1 -72.1,193 -4,35.9 46.3,77.9 72.1,116.7 31.4,-60.8 63.2,-122.1 89.8,-173.9zm451.9 -592c0,197.2 9.2,349.1 -2,499.6 -20.2,270.5 -65.7,513.6 -398.3,600.7 -177.5,46.3 -202.8,264.1 -321,524.8 -25,-340.5 -226.3,-480.5 -389.9,-674.2 275.9,-405.2 317.9,-1032.4 1111.2,-950.9zm-27859.1 -8.1l413.3 0c-159.5,335.6 -84.2,690.7 -108.7,1030 -232.6,47.4 -392.3,198.6 -623.9,228.2 -186.8,23.7 -305.4,-279.6 -506.5,-59 -61.9,68 -110,-40 -100.9,-111.7 13.8,-111.4 -35.1,-215.6 105.2,-322.6 342.4,-260.3 360,-293.7 771,-327.3 96.9,-136.3 31,-291.5 50.5,-437.6zm31220.7 4135.6c-11.1,11.8 -80.4,56.8 -103.5,118.6 -64.6,174.2 108.4,469.8 -123.6,526.9 -336.2,83.7 -240.2,-308.9 -325.5,-468.3 -95.3,-177.7 -258,-98.4 -352.5,-217.8 -170.9,-216.1 -184.7,-531.9 -13.5,-741.6 125.8,-153.4 277.6,-83.9 420.4,-103.1 -12.3,399.4 440.3,505 498.2,885.3zm-25069.7 27863.5c-146.3,92.2 -328.4,32.5 -500.5,34.8 -149.9,2 -241.8,21.8 -238.7,202.1 2,76.6 -68.3,126.7 -159.6,112 -196.6,-30.7 -405,61.3 -649.9,-84.1 244.6,-269.2 250.6,-744.6 781.5,-691.8 45.4,4.6 116.2,-2.3 137.5,-31.8 83.8,-114.5 130.5,-458.5 290.9,-217.1 126.4,190.1 566.2,281.6 338.8,675.9zm24338.3 -30686.1l0 461.3c-37.4,27.4 -73.7,75.7 -114.2,79.8 -226.2,23.1 -510.8,-89.6 -573.3,287.4 -4.5,28.5 -224.7,20.9 -369.4,32.3 -100,-375.2 341.8,-552 272.7,-871.9 -178.8,-147.9 -406.7,18.5 -583.7,-115.6 18.7,-33.6 31.4,-91.7 57.8,-99 206,-54.6 517.7,152.2 579.1,-264.4 13,-88.3 231.2,-80.1 239.6,13 27.6,319 286.2,362.5 491.4,477.1zm-11248.6 -11369c-405.9,-372.3 -677.3,-655.1 -1086.7,-413.1 -22.5,-451.3 -20.8,-466.8 416.8,-821.6 47,-38.3 112,-57.4 159.8,-118 191.9,-245.1 151,-209.9 316.7,24.3 270.3,383 75.7,766.2 193.4,1328.4zm8301.8 57449.7c108.7,-17.8 158.5,-20.4 204.4,-33.8 377.4,-108.4 553.7,125.8 750.4,390.7 121.8,164.3 151.8,490.5 512.9,396.3 82.6,-21.7 110.2,224.5 65.7,226.9 -343.1,19.9 -266,285.9 -317.9,480.8 -7.2,27.3 -82.6,50.3 -126.3,50 -43.8,-0.4 -124.2,-30.7 -125.1,-51 -30.3,-607.5 -496,-886.5 -904.9,-1206.1 -78.1,-61.4 -42.2,-138.2 -59.2,-253.8zm-26408.9 -59186.2c48.5,188 119.7,376.4 230.2,560.4 126.5,210.6 -160.5,361.1 -234,550.9 -4.5,11.3 -101.5,5.7 -137.6,-19 -33.4,-22.7 -57.9,-79.5 -61,-123.5 -15.9,-223.1 48.7,-419.7 134.5,-631.5 58.6,-143.4 -140.2,-212.4 -239.2,-337.3l307.1 0zm34075.9 27259.7c137,277.5 248.8,504.6 362.1,733.9 -104,103.7 -238.9,23.1 -361.8,51.8 -144.3,116.3 -78,282.6 -70.6,421.6 17.8,308.3 -333.3,154.7 -400.3,343.5 -78.4,-105.5 -183.9,-146.3 -314.6,-168.1 -84.6,-13.8 -57.9,-123.1 -65.5,-195.9 -24.5,-241.4 9.4,-452.7 267.8,-558.2 24.3,-10.1 553.1,-579.1 582.9,-628.6zm-10600.8 -27229.7c-1.9,-9.6 -2.8,-19.6 -3.2,-30l344.5 0c-48,64.5 -107,127 -186.2,184.8 4,-107.3 -47.8,-158.8 -155.1,-154.8zm-11122.8 56595.7c109,-210.2 291.4,-402.1 278.7,-638.5 -13.4,-267.4 88.8,-375 317.7,-489.4 191.7,-95.3 338.2,-300.2 -61.4,-374.5 -120.9,-22.5 -100.2,-161.9 -88,-258.3 8.9,-68.6 31,-164.6 78.9,-191.5 51.1,-28.7 140.2,-29.6 207.5,43.6 112.2,122.1 269.8,709.7 224.4,904 -16.3,70.4 -34.1,140.7 -49.5,211.1 -25.8,119.6 58.4,344.4 -59.8,346 -360.5,5.1 -216.2,455.5 -483.4,492.3 -114.9,15.4 -255.4,59.9 -365.1,-44.8zm-8223.5 -26722.7l872.2 0c111.1,217.4 25.1,407.3 85,725.5 -342.5,-512.8 -307.7,-466.7 -679.6,-186.9 -192.1,143.9 -279.1,558.9 -718.9,332.2 -15.1,-179.9 -77.9,-387.2 98.6,-637.9 92.2,-130.4 253.2,-310.3 190,-533 -20.3,-71.3 9.6,-159.8 96.6,-137.1 94,25.1 49,130.4 54.8,202.4 4.6,50.7 1.3,102.8 1.3,234.8zm23680.1 -15479c251.6,0 430.9,-3.1 609.9,0.7 272.3,5.8 512.5,335.1 478.3,617.2 -17.2,146.3 -95.1,151.6 -201.6,157 -73.4,3.6 -161.1,-4.5 -215.9,32.5 -103.6,70.1 0,335.3 -257.9,277.2 -174,-39 -27.3,-358.7 -321.9,-327.3 -138.7,15.1 -80.6,-204.4 -88.8,-321.3 -9,-125.1 -2.1,-251.4 -2.1,-436zm-25336.4 -5576.7c489.8,67.7 562.6,119.1 570.2,448.6 7.8,345.2 48.6,698.9 -152,1015.1 -44.4,70.8 -106.9,102.6 -187.3,87.7 -73.3,-13.5 -458.2,-665.9 -411,-707.1 260.7,-226 58.3,-535.1 180.1,-844.3zm18906.3 -8360.2c-80.5,-184.5 -134.4,-353.9 -131.5,-487.1l428.2 0c-105.5,154.7 -185.4,336.9 -296.7,487.1zm6628.3 28314c-169.6,-435.3 96,-786.6 136.3,-1183.1 186.8,-91.8 393.9,-4.1 588.2,-40.3 261.9,-48.6 103.4,527.6 470.5,311.4 -18,43.7 -42.3,127 -52.8,125.4 -296.8,-50.1 -246.4,499 -618.5,350.7 -97.8,-39.6 -67.3,163.9 -118.7,223.1 -91.1,105.5 -163,276.5 -405,212.8zm-17867.8 -11903.6c-387.4,-46.1 -769,307.2 -1211.4,106.4 414.5,-204.2 484.4,-555.5 461.5,-984.5 233.8,-94 480.3,-36.8 749.9,-40.1l0 918.2zm8073.8 -10212.4c-94.6,-19.8 -222.2,57.7 -281,-54.7 -87,-166.6 -115.3,-371.7 -226.7,-515.7 -126.4,-161.9 -155.6,-440.2 -67.2,-451.3 284.3,-35.6 290.6,-568.7 726.8,-305.9 -117.2,336.4 217.5,638.3 157.8,1017.9 -253.4,-47 -356.5,56.3 -309.7,309.7zm-3484.9 32346.7c9.8,-267.2 -297,-261.2 -377.9,-438 -47.2,-102.6 26.7,-240.4 -88.4,-344.9 -127.6,-116 -120.7,-300.5 -29.4,-401.6 96,-106.2 277,-100.5 400.8,9.8 106.6,95 198.6,143.3 317.5,28.7 30.5,-29.6 95.8,-76.6 102.9,-69.9 149.4,138.2 -36.8,403.9 209.1,528.1 62.3,31.8 -32.1,165.2 -85.6,253.1 -101.2,166.8 -450.6,68.2 -396.9,383.9 1.8,13.4 -33.4,33.4 -52.1,50.8zm17104.8 -27548.7c-50.4,0 -101.3,-3.8 -151.4,0.8 -251.4,22.7 -485.4,35.5 -550.2,-303.7 -12.1,-65 -99.5,-179.9 -227.1,-161.2 11.5,-138 -65,-339.9 197,-305.6 98.2,12.6 681.3,6 690.9,-48.6 81.3,-468.9 407.4,-190.1 611.6,-277.2 141.8,321.3 -204.1,403.7 -207.7,626.5 -31.2,-89.3 -62.6,-178.5 -97.3,-277.8 -218.4,207.3 -296.3,457.1 -265.8,746.8zm-23085 304.7c78.8,-315.2 -83.8,-597.1 158.7,-842.4 67.5,-68.2 8.7,-256.3 201,-235.9 145.7,15.4 90.5,150.1 136.1,219.4 136.9,208.4 381.4,18 568.6,119.5 94.5,103.3 26.3,236.7 41.5,358 19.5,153.9 -103.6,45.5 -152.8,76.4 -489.8,306.4 -490.2,306.4 -953.1,305zm25006.9 29102.2l475.8 0c138.2,84.9 126.4,258.7 199,382.1 149.2,254.9 -76.8,656.4 -386.1,686.9 -240.4,23.6 -159.4,212.4 -293.6,341.1 -26.9,-271.7 -392.6,-426.2 -75.1,-763.1 122.5,-129.7 -46.1,-439.5 80,-647zm2242.1 8694.8c80.6,375.6 -273.9,655.5 -122.7,998.8 -258.7,128.7 -553.7,-56.3 -760.6,264.3 -63.7,-486.3 -73.7,-892.2 280.8,-1212.3 182.3,-165 391.6,-60.2 602.5,-50.8zm-16725.9 -33379.8c66.9,758.2 -3.5,1369.4 -394.3,2062.3 -85,-440 -22.4,-762 -177,-1068.6 -90.2,-178.8 16.3,-459.7 99.1,-709.1 123.3,-371.1 322.4,-99.3 472.2,-284.6zm-26015.7 6623.7c95.3,20.7 235.8,-61.2 279.8,57.2 53,143.7 54.6,259.2 274.2,265.7 217.2,6 332.8,320.8 172.3,400.7 -442.6,220.5 -297.9,454 -121.8,761.3 52.1,91.1 98.4,207.3 159.8,307.7 -243.1,220 -383.4,-220 -609.4,-90.2 0,-247.1 -0.4,-494.3 0,-741.6 0,-105.3 -15.3,-197.1 -154.9,-186.8l0 -774zm27287.7 33848.3c222.1,0 375.9,0 529.7,0 27,38.9 71.3,75.6 78,118.2 30.3,190.6 -59.3,392.7 129.6,567.9 88.1,81.8 46.9,240.1 -141.7,242.7 -148.7,2.5 -153.3,112.5 -137.3,212.2 47.6,302.2 -165.4,267.4 -333.6,245.8 -131.1,-16.9 -240,-352.4 -179,-489.6 181.9,-409.9 181.9,-409.9 54.3,-897.2zm-14272.4 -37868.5c445.6,-171.2 696.5,330.4 1108.2,0 0,364.9 19.3,591.6 -6,813.6 -19.6,165.2 270,308.1 13.7,495.4 -71.6,52.1 65.5,163.4 120.1,244.7 60.7,89.7 48,212.6 -61.9,246.2 -149.2,46.1 -230.3,-29.1 -222.7,-199.4 15.4,-350.3 -103.3,-659.8 -294.5,-951.4 -46.4,-69.8 -6.1,-255 -119.6,-226 -371.8,97.2 -341.1,-268.8 -537.3,-423.1zm-7112.4 7042.1c-190.8,-50.6 -343.8,44.9 -425,-86.6 -67.2,-108.1 -163.6,-288 -120.2,-357.9 149.1,-241.5 166,-362.9 -167.5,-353.1 -104.2,3.4 -200.2,-1.5 -201,-151.8 -0.2,-146.5 89.9,-156.3 196.8,-157.2 97.1,-1.1 212.8,28.3 267,-81.5 42.3,-84.9 -90,-257.2 156.5,-234.7 202.6,18.5 104.6,218 187.2,258.7 212.4,103.8 410.6,135.8 156.8,443.8 -113.6,138 -37.7,431.7 -50.6,720.3zm160.1 13815.9c326.2,-110.6 561.5,211.6 905.3,138.5l0 1041.6c-495.4,6.7 -546.2,-14.9 -575.5,-413.7 -14.7,-197.3 -40.5,-293 -259.6,-358.4 -151.7,-44.8 -5.4,-280.2 -70.2,-408zm33211.4 8807.3c-17.5,17.4 -51.4,38.1 -48.7,50.8 8.4,36.7 31.2,69.6 48.7,104.2 16.8,-17.2 51.2,-38.3 47.9,-50.8 -7.8,-36.8 -31.1,-69.7 -47.9,-104.2zm232.1 -17.2c186.8,15 307.9,24.8 400.5,32.5 64.6,61.1 51.7,130.7 -7.3,128.1 -322.4,-14.3 -264.5,298.5 -382.3,451.1 -62.1,79.7 -1.8,248 -14.5,374.4 -7.8,78.7 -66.3,135 -157.4,113.2 -45.2,-11 -102.5,-25.6 -127.2,-59 -206.3,-277.7 -86.1,-669.5 -323.9,-938.7 143.2,-190.9 268.3,-388.8 314.6,-632.1 15.6,-80.4 122.7,-85.6 194.8,-67.7 77.9,19.6 109.3,83.7 104.2,170.5 -7.1,125.8 -1.5,252.1 -1.5,427.7zm-13735.5 14411.4l533.1 0c139.1,486.7 -1.1,956.9 -108.9,1428.8 -18.3,78.6 -59.9,122.4 -155,122.4 -96.6,0.3 -134.5,-45.8 -153.2,-124.5 -108.4,-452.2 -232.6,-903.3 -116,-1426.7zm9888.5 -2601.9c-9.8,121.5 -4.3,247.4 -35.2,363.6 -22,82.4 -124.5,87 -195.5,67.4 -69.5,-19.3 -123.6,-67 -32.7,-144.4 188.6,-158.6 19.4,-389.9 123.6,-598.1l696.4 0c29.2,19.2 32.7,89.7 43,166.6 29.1,215.2 -67.3,435.9 117.5,649.7 90.4,105 27.6,341.9 34.3,518.1 4.5,116.9 -31.4,193.2 -167.9,186.8 -91.2,-4 -134.2,-47.9 -141.6,-135.2 -32.7,-390.1 -234,-723.6 -441.9,-1074.5zm-32545.9 -57914.5c-218.2,0 -418.8,2.1 -619,-1.3 -87.3,-1.3 -129.6,-49.9 -135.8,-141.6 -6.3,-91.3 39.2,-130.2 111.5,-168.1 237.1,-124.9 469.8,-154.3 1084.1,-123.3 62.3,141.5 102.2,301.4 -20.1,413.4 -214.1,196 19.4,296.2 56.2,443.1 27.4,109.6 69,284.1 -72,344.7 -183.4,78.6 -306.5,-100.2 -356.6,-216.5 -64.2,-150.2 -34.8,-340.4 -48.3,-550.4zm32368.6 53526.9c-182.8,-494 -614,-201.1 -899,-315.9 -106.5,-331.5 100.2,-556.7 256.9,-798 87.3,-133.8 225.8,-117.4 344.9,-94.6 153.9,29.6 282.1,137.8 291.9,298.7 18.7,302.2 5.3,606.5 5.3,909.8zm-13620.2 -24894l0 1043.8 -743.5 0 0 -1030.3c207.3,27.9 56.4,240.7 193.7,287.5 163.5,-284.8 163.5,-284.8 549.8,-301zm-13166.8 -8796.6c114.5,365.2 -128.9,685.8 -203,1041.4 -138.1,-35.9 -97.8,-149.2 -92.5,-234.5 10.7,-166.5 -72.5,-183.2 -216.8,-224.8 -223.5,-64.8 -273,259.1 -496.5,158.2 -143.6,-221.9 -11.1,-474.6 -89.3,-740.3l1098.1 0zm24728.2 21471.9c120.6,-209.7 -59.2,-439.5 192.6,-657.2 -46.1,546.5 153.2,1042.2 -134.7,1516.4 -42.1,69 38.3,223.8 -110.2,209.6 -91.3,-8.9 -20.8,-149.9 -60.4,-197.6 -137.8,-167.4 -334.8,-54.9 -504.9,-78.8 -118.1,-17.3 -269.5,35.2 -264.4,-169.8 3,-151 111.6,-152.8 212.5,-140.1 207.2,26.5 270.1,-63.2 254.5,-260 -26.8,-334.7 238,-161.2 415,-222.5zm-24054.7 8232.1c298.8,226.5 240.1,601.4 406.2,882.8 147.1,248.7 -66.4,521.1 -181.7,757.3 -58.4,119.3 -232.1,31.4 -358.3,45 -170.1,-198.9 70.4,-523.7 -209.5,-690.5 -24.1,-14 -17.2,-138 -8,-140.5 500.1,-121.1 213.7,-576.7 351.3,-854.1zm29006.7 -2159.5c33.2,463.6 425.3,204 625.2,325.1 142.3,204.8 -122.2,515.7 200.1,649.3 -236,310.8 -384.7,-285.7 -604.4,-10.1 -156.6,196.9 -378.8,61 -624.4,105.1 202.4,-351.6 81.8,-763.2 403.5,-1069.4zm-16949 -19212.2c-42.9,-297 -92.3,-553.5 157,-721.8 141,-94 83.5,-281.9 211.7,-371.6 117,-81.3 34.3,-432.4 306.4,-275.7 190,110.2 -5.1,236.3 -70.5,362.3 -62.9,121.3 -8.1,230.9 171.8,240 76.4,4 317.5,-77 207.1,107.1 -68.8,114.9 12.9,346.7 -158.8,339.3 -261.6,-11.5 -405.6,64.8 -479.6,316.7 -8.2,27.8 -190.5,3.7 -345.1,3.7zm-683.7 32973.7c124.4,456.3 -79.9,794.8 -164,1176.1l-52.3 0c-101.1,-166.5 -120,-409.1 -347.3,-398 -198.8,9.6 -367.1,261 -620,103.6 126,-249.2 247.5,-489.2 382.9,-756.4 39,114.3 69.7,202.9 122.9,358.3 109.6,-422.6 471.8,-290.2 677.8,-483.6zm-9091.3 -23687.3c320.8,0 579.5,-18.5 832.9,8.9 110.6,11.4 121.3,149.2 66.3,244.7 -65,113.3 -274.5,1.8 -307.4,253.1 -25.8,200 -260.5,371.9 -37.6,596.8 31.6,31.8 65.4,91.5 56.5,127.8 -38.5,156.7 133.1,416.5 -114.5,458.2 -324.3,54.5 -160.7,-239.1 -185.2,-381.7 -25.8,-150.4 -14.3,-309 -3.3,-463 11.1,-158.3 -68.8,-177.5 -201.5,-241 -214.4,-102.4 -78.8,-352.9 -106.2,-603.8zm-1037.8 24645.6c-125.6,-390.8 62.1,-628.8 234.4,-853.4 144.1,-188.2 473.6,-154.6 808.2,43.1 136.8,80.6 222.5,423.3 102.5,570 -84.2,102.5 -191.1,75.5 -275.2,-84.3 -118,-224.7 -194.9,-233 -284.8,-22.3 -74.4,173.6 -168.5,160.3 -282.7,151.4 -130.7,-9.4 -205.3,85.3 -302.4,195.5zm-5002.6 -46004.4c97.6,17.8 146.5,-41.6 151.7,-121.8 7.8,-114.9 30.5,-194.4 169.2,-189.4 92.4,4.2 112.2,59.2 147.2,133.1 190.7,400.5 393.2,794.9 305.9,1262 -43,-17.6 -113.1,-24.1 -124.3,-53.5 -49,-126.8 -30,-253.8 -255.8,-271.4 -290.1,-22.7 -184.4,240.3 -356.2,347.1 -78.2,-380.4 -18.8,-746.5 -37.7,-1106.1zm-3868.5 -17332.8c195.7,-40.5 413,79.3 591.3,-59.8 65.7,-51.5 -4.6,-198.9 114.3,-237.4 8.8,-3.3 67.9,80.6 63.6,119.3 -25.8,248.1 267.6,114.9 297,249.8 16.5,74 -137.4,115.8 -143.4,239.6 -11.1,230.3 -433.5,141.9 -370.4,449.1 -274.4,58.6 -548.9,117.8 -954.1,204 519.4,-392.4 586.2,-598.8 401.7,-964.6zm36061.5 43799.3c220.7,-63.3 326,-202.7 311.8,-439.8 -10,-168.6 -53.2,-359.3 240.7,-356.9 85.9,0.6 100.2,-160.1 24.7,-248.9 -127.6,-148.3 -336.5,-249.9 -267.6,-502.3l382.9 0c162.5,104.6 25,286.7 106.6,413 194.2,298.3 265.2,570 -162.5,730.1 33.6,268.9 -300.8,324.1 -324.8,554.1 -20.1,190.9 -136.7,191.5 -257,130.3 -112.6,-57.2 -34.9,-185.3 -54.8,-279.6zm-26144.6 6055c-26.7,-51.5 -58.3,-112.5 -89.7,-173.5 -25.6,38.8 -75.8,80.6 -72,116.5 7.2,66.3 46.4,128.9 72,192.8 25.8,-39.2 51.8,-78.2 89.7,-135.8zm-479.2 419.2c19,-321.9 6.9,-660.2 -140,-992.6 -40.3,-91.2 -118,-323 116.2,-370.7 187.9,-37.8 142.7,203.1 198.2,226.7 536.3,230.9 443.9,680.8 441.3,1136.6l-615.7 0zm-4429.4 -37262.6c-212,-25.8 -348,-171.6 -343.6,-235.8 19.6,-284.5 -106.4,-523.6 -173.6,-780.4 -24.7,-94.8 -26.3,-213.5 115.5,-231.3 110.4,-13.6 199.5,17.4 191.7,159.7 -4.4,76.5 -10.6,156.5 8.3,227.7 8.9,33 74.3,61.3 118.7,72.2 80.8,20.2 144.9,-17.2 179.8,-92.4 9.9,-21 1.4,-50.4 1.8,-76 0.9,-149.1 -30.2,-358.4 210,-283.4 181.2,56.6 144,312.4 71.5,381.8 -185.5,178.2 -75.1,388.1 -136.7,566.3 -43.3,125.1 -178.9,217.9 -243.4,291.6zm-8355.9 49989.8c128.4,-95.9 309.7,-22.5 481.4,-43.6 147.6,-18 193,36.3 247.5,191.2 96,272.6 419.8,1.9 615.2,206 -237.3,136.9 -488.2,28.3 -716.4,78.8 4.8,45.5 -2.6,85.3 -17.5,121.9l-676.4 0c0.1,-55.2 30.6,-114.7 116.7,-182.4 108.9,-85.3 -278.9,-181.9 -50.5,-371.9zm13215.9 -47525c-178.5,0 -353.3,0.4 -528.1,-0.4 -75.9,-0.1 -179.9,-9.9 -195.7,71.9 -25,127.1 -18.3,275.4 -200.8,233.5 -228.9,-52.1 -83.3,-252.2 -122.1,-382 -44.7,-151.9 132.3,-220.5 143,-322.4 22.3,-212.9 221.8,-410 294.1,-353 157.2,123.8 499.7,-21.8 497.4,334 -0.2,111.8 196.4,165.7 112.2,418.4zm8088.1 16251.1c-60.1,203.3 120.2,456.5 -120.9,617 -230.2,153.4 -395.9,497.2 -814,248.9 -4.2,-232.9 208.6,-449.7 176.7,-728.3 -16,-137.6 105.4,-422.6 381,-146.9 63.7,63.7 246,9.3 377.2,9.3zm14556.8 15320.7c513.4,13.4 513.4,13.4 732.7,421.3 -108.7,101 -243.4,14 -370.5,53 -155.8,160.5 4,384.2 -94.9,567.1 -160.5,91 -339,24 -505.6,43.8 -409.2,-464.7 343.8,-643.2 238.3,-1085.2zm6823.1 -21975.8c102.5,0 274.3,-51.4 347.3,11.4 116.9,101.5 196.7,269.9 240.5,424.8 70.4,249 -148.5,603.6 293.3,715.7 56.9,14.2 -128.3,500.2 -232.9,547 -38.8,17.2 -96,-5.8 -145,-10.2 71,-230.5 -365.4,-314 -133.3,-644.2 206.8,-293.9 106.2,-383.4 -369.9,-457.5l0 -587zm-27264.8 19810.8c0,50.5 -1.3,101.5 0,152.2 16.5,456 15.6,459.4 503.6,620.1 181.3,59.7 94.4,201.5 115.4,311.3l-1238.2 0c22.9,-110.2 -74.6,-279.2 121.5,-306.1 178.9,-23.9 215.8,-41.5 77.5,-202 -180.7,-209.8 160.4,-316.2 149,-522.6 -5.4,-98.8 176.6,-32 271.2,-52.9zm136 -45967.5l-715.6 0 14.4 -30 711.9 0c-4.1,9.9 -7.7,19.9 -10.7,30zm18.9 8976.9l-774.1 0c166.1,-157.6 89.1,-556.6 506.9,-472.6 189.1,37.6 24.6,-301.7 234.3,-300.2 148,1.4 399.2,-28.7 424.6,31.4 72.3,170.5 254.7,299.3 228.7,502.5 -151,241.4 -519.9,-119.7 -620.4,238.9zm2914.3 46591.3c73.7,390.5 -59.2,749.7 170.8,1073.2 81.7,114.6 -12.2,276.5 -138.9,398.7 -140.7,135.9 218.2,559.4 -202.6,508.4 -237.8,-29 -74.4,-394.4 -109.8,-605 -48.6,-288.8 92.4,-604.5 -150.1,-870.8 -51.4,-56.5 -10.9,-212.4 140.7,-198.1 247.4,24.2 84.7,-266.8 289.9,-306.4zm-11581.9 3555.1c-210.2,0 -384,7.8 -556.1,-2.3 -160.2,-9.8 -212.5,48.6 -225.6,211.4 -9.8,119.5 -147.9,132.7 -234.5,81.7 -99.9,-58.4 -85.9,-157.4 -26.2,-257.6 96.8,-162.1 204.6,-324.2 262.7,-501.4 80.6,-247.7 250.5,-335.6 475.8,-299.3 179.3,29.4 310.1,149.8 304.6,361.6 -2.9,122.4 -0.7,244.9 -0.7,405.9zm17122.9 -21992.2l-878.8 0c30,-308 151.6,-467.6 458.8,-448.3 90.6,5.8 153.2,-31.8 163.7,-111.1 13.6,-102.6 2.7,-211.2 -149.6,-199.9 -150.5,11.2 -174.8,-95.9 -151.7,-197 41.4,-182.6 202,-94.5 314.6,-112.2 241.4,-37.9 70.6,285.2 316.7,330.3 319.5,58.6 71.7,230.3 -9.8,369.4 -58.4,100 45.6,251.6 -63.9,368.8zm14718.1 -1084.6c73.7,322.6 3.2,529.3 -151.1,795.1 -160.8,277.6 -337.6,657 -147.7,1035.6 -167.9,83.5 -344.4,32 -535.2,35.6 -16.7,-168.4 -209.1,-374.8 121.1,-455.6 84.6,-20 125.4,-52.9 138.1,-141.1 23.8,-166.8 -89.8,-366.3 94.4,-496.1 163.2,-114.6 -77.3,-427.3 170.1,-432.6 246.2,-5.4 152.3,-258.3 310.3,-340.9zm-12598.7 -36054c-3.7,-7.6 -7.7,-15.1 -12,-22.5l318.4 0c7.6,8 15.8,15.9 24.7,23.4 64.5,54.3 93.3,120.6 0.9,156.5 -66.2,25.4 -219.2,-85.3 -332,-157.4zm18122.1 45986.7c60.9,15.8 118.1,86 179.9,172.3l0 610.1 -20.1 0.1c-85.9,-1.4 -111.1,169.4 -28.2,246.8 18.5,17.2 34.5,34.8 48.3,52.6l0 751.2c-32.9,15.1 -74.7,20.2 -112.9,10.3 -44.1,-11.2 -82.9,-44.8 -124.3,-68.6 342,-309.3 -12.4,-509.4 -126.2,-738.3 -75,-150.5 34.3,-213.8 75.2,-322.6 60.8,-160.8 184.9,-405.5 -179.2,-421.8 -72.3,-3.1 -98,-103.7 -85.3,-183.2 22.5,-141.2 130.1,-126.4 372.8,-108.9zm-36590.4 -6357.3l-629 0c43.6,-392.6 -90,-759.9 164.7,-1083.5l464.3 0 0 1083.5zm4317.2 -3560l0 564.6c-256.1,161.7 -557.5,-68.8 -808.9,156.5 -80.6,72.2 -229.8,-110.4 -256.1,-258 -19.6,-112.4 281.2,-459.8 394.3,-461.8 204.4,-3.8 409.3,-1.3 670.7,-1.3zm-3626.3 -17175.2c313.2,-66.6 226,425.3 529.4,364.7 -5.6,69.1 -0.9,195.8 -18.7,198.9 -287,51.6 -328.8,305.5 -423.2,507.2 -46.4,99.7 62.7,267.1 -113.1,315.4 -254.6,70.2 -154.6,-196.5 -250.7,-279.8 -19.2,-16.7 -53.7,-38.5 -51.3,-53.5 25.6,-158.5 -287.9,-450.8 175.7,-445 68.3,1.1 74.2,-110.5 82.8,-187.5 17.2,-142.9 -70.1,-306.2 69.1,-420.4zm24249.6 31416.5l360.1 0c26.5,36.9 77.4,74.8 78.4,114.2 7.5,257.6 4.2,515.8 3.7,773.4 -0.4,110.5 15.2,200.4 161.2,196.9 43,-0.5 124.5,37.6 123.8,55.9 -3.5,88.6 -77.4,85 -148.9,99.1 -175.3,35.6 -365.2,-160.8 -456.5,-319.5 -162.3,-283.1 -159.8,-564.5 -121.8,-920zm-5299.3 -35108.3c-54.3,223.1 208.9,301.9 169.7,494.8 -761,390.9 -798.3,374.5 -1068.8,-494.8l899.1 0zm-2445.6 11581l0 -1058.7c263.2,97.6 37.2,423.5 281.7,529.1 45.2,19.8 21.3,244.7 204.6,218 140.3,-20.3 82.3,-160.8 128.9,-229.2 83.9,-124.2 224,-129.6 291,21.2 37.9,85.5 -2.2,212.8 148.3,208.4 137.8,-4 179.2,71.9 166.1,188.3 -15.6,145.5 -129.4,123.8 -230.2,123 -309.3,-1.2 -619,-0.1 -990.4,-0.1zm-3502.1 -19666.6c-267.8,-46.9 -113.6,-505.6 -476.3,-477.6 -75.7,5.4 -75.4,-126.4 -58.5,-193.9 62.6,-247.4 345.1,-580.9 458.7,-556.6 240.7,51.8 317.2,213.7 312.3,659.9 -3.3,280.1 -3.3,280.1 -236.2,568.2zm-8403.8 9677.6c266.8,527.9 -153.1,789.1 -254.3,1138.7 -16.7,57.4 -345.7,97.9 -372.6,-63.7 -26.5,-162.3 -190,-229.6 -177.7,-394.8 15.1,-202 264.5,-74.1 273.1,-179.5 32.6,-393.6 458.3,-184.5 531.5,-500.7zm-11989.6 11948c-196.3,118.9 -527.9,-42.8 -512,332.4 0.4,6.6 -136.8,42 -196.4,22.5 -84.2,-27 -69.3,-122 -65.5,-195.5 1.3,-20.8 24,-41.2 39.2,-59.5 177.5,-212.8 191.2,-359.1 -147.4,-344.7 -189.2,7.9 -51.6,-177.8 -51.6,-359.5 46.2,-80.8 41.6,-147.2 152.9,-100 322.2,137.6 765.5,155.9 780.8,704.3zm8215.4 18459.4c196.7,374.5 -292.3,673 -93.9,1013.7 -165,102.8 -386.7,87.9 -395.9,52.5 -50.5,-189.5 -334.4,-386 -220.6,-503.2 261.1,-268 28.5,-596.9 204.8,-883.4 111.1,220.6 211.8,420.6 311.3,619.2 150.3,-48.2 22.9,-246.7 194.3,-298.8zm-3610.9 6093.5c-282.8,-470.2 9.1,-901.7 -309.5,-1197.4 128.9,-153.2 45.4,-451.6 324.2,-496.1 144.3,-23.1 109.1,-126 147.4,-210.6 69.4,-154.1 133.4,-92.4 145.2,38.9 6.6,74 36.2,174.8 93.7,137.2 64.6,-42.5 77.9,-163.7 116.9,-260.3 209.7,142.9 23.1,358.9 117.7,493.9 -126.4,208.8 -426.8,-6.7 -464.6,190.3 -37.2,193.3 -224.5,318.2 -179.2,545.5 40.2,198.6 8.2,411.5 8.2,758.6zm14015 -47716.1l0 -815.8c249.8,144.7 11.8,590.2 395.7,523.9 65.4,-11.1 87.7,126.7 62.1,191.9 -43.2,108.9 -110.4,255.8 -164.5,306.2 -255.2,242.7 -353.4,524.6 -341.3,884.3 -147,-289.6 -71.5,-626.7 -378.3,-846.7 -145.6,-104.2 -11.6,-263.8 193.5,-244.3 50.5,4.7 102.2,0.5 232.8,0.5zm5118.1 798l0 -1205.4c135.9,-102.9 142.3,87 219.8,95.3 100.2,10.6 203,2.8 306.2,2.8 292,374.5 -113,680.5 -115.9,1030.9 -1,112.4 -224.8,21.8 -410.1,76.4zm-11142.4 21561.4c53.5,-529.5 -293.2,-935.8 -137.8,-1420.5 213.3,-39.9 62.8,187.9 161.7,222.1 64.3,22.5 196.1,36.8 198.1,28.1 53.7,-200.8 235.2,-263.1 358,-386.3 90,-90.2 90.9,-294.6 275.3,-186.1 145.6,85.5 48,208.4 -43.5,311.3 -42.1,47.2 -17.3,158.9 -61.4,199.5 -123.2,113 -330,106.1 -419.7,274.5 -66.2,125.1 -143.9,248.4 -185.3,382.1 -49.8,161.1 67.1,353.7 -145.4,575.3zm-3643.7 -22049.7c225.2,-19.6 344.3,124.9 371.2,301.7 34.3,226.4 18.5,462 2.2,692 -4.7,75 -100.4,88 -181,91.9 -209.7,10.3 -22.7,-318.6 -229.1,-273.1 -109.8,24.2 21.4,277 -181.2,268.2 -115.2,-4.8 -272.6,67.5 -326,-99.2 -29.6,-92.7 -0.4,-171.9 136.5,-214.5 372.1,-116.6 226.6,-534.8 407.4,-767zm14651.6 5053.8c97.1,403.2 97.1,403.2 -282,844.5 57.9,361.4 -365.9,443.7 -426.7,737.2 -174.3,-22.9 -52.9,-206.4 -160,-283 -175.5,-124.9 -111.8,-290.8 39.6,-360.3 257.6,-118.6 450.6,-325.9 468.2,-564.6 23.9,-317.5 474.7,25.1 360.9,-373.8zm-13090.3 20313.2c304.6,48 561.5,-39.2 804.6,67.2 -38.9,367.4 570.2,230.5 475.4,682.6 -254.7,48.6 -519.9,200 -674.6,-234.6 -24.3,-68.6 -324,-39.6 -492.8,-55.7 -137.3,-136.5 21.6,-304.3 -112.6,-459.5zm16687.3 -26143.1c-255.4,-322.9 -248.9,-667.4 -211.3,-1017.8 264.1,-240.9 446.4,105.3 683.1,99.5 127.4,-3.5 356.7,-116.4 377,115.4 28.7,322.8 -248.8,165.2 -390.6,177.9 -159.2,14.2 -204.8,58.5 -229.5,219.1 -20.5,131.7 -135.4,248.7 -228.7,405.9zm-16840.5 32040c244.9,493.6 -207.5,713.4 -318,1046.2 -23.6,71.1 -273.8,95.8 -395.2,-32.7 -30.7,-119.3 13.9,-199.9 101.1,-270.7 248,-200.7 334.5,-379.4 -75,-484.8 -20.9,-5.7 -35.2,-91 -29,-136 11,-80.6 54.8,-128.7 152.3,-124.2 179.5,8 359.8,2.2 563.8,2.2zm-7859.6 4296.5c22.7,205.3 36.3,326.2 47.4,428 48.3,68.7 108.6,63.9 114.9,-4.1 12.7,-132.9 68.3,-227.5 163,-316.8 82.1,-77.5 162.7,-110 262.9,-59.7 87.8,44.3 32.5,139.7 59.7,203.3 88.4,208.9 -185,265.4 -181.5,471.4 2.3,136 -262.9,82.3 -402.1,70.1 -247.4,-21.8 -150.1,211.7 -303.5,341.5 8.7,-411.6 -248.6,-803.3 239.2,-1133.7zm22485.8 -21221.2c-126.9,-299.7 172.1,-460.8 178.6,-806.8 203.1,438.6 275.8,471.8 407,229.9 130.3,-239.8 326.8,-183.6 420.8,-91.7 98.7,96.6 131.1,273.6 -79.9,424.4 -377.6,270.7 -357.6,298.3 -926.5,244.2zm-16145.6 -18673.6c-250.9,-7.5 -564.8,91.1 -695.3,-304.1 -18.3,-55 -242,47 -348.5,-65.3 582.7,-395.4 582.7,-395.4 1043.8,-379.1l0 748.5zm27136.4 52436.8c-139.2,-339.1 207.9,-473.6 125.6,-742.1 214.6,0 364.5,-9.3 513,2.9 141.6,11.4 342,-82.8 411.7,81.5 122,287.7 -206.5,197.5 -310.7,300.6 -384.3,379.6 -392.9,370.4 -739.6,357.1zm-22931.1 -40677.6c74.5,261.1 -234.1,421.9 -173.3,703.3 22.3,101.6 -211.7,77.8 -329.1,69.9 -138.9,-9.1 -139.4,-136 -112.8,-228.6 69.6,-240.3 195.9,-459.4 8.6,-721 -61.6,-86.3 144.3,-178.8 214.7,-278.9 91.5,79.4 165.8,179.9 316.2,152.9 150.9,-26.5 53.6,98.9 72.5,150.8 16.3,45.1 3.2,100.6 3.2,151.6zm18418.2 1861.6c147.8,251.6 147.8,251.6 128.2,722 -53.9,83.1 -137.6,48.6 -209.3,50.3 -100.4,2.5 -208.2,-18.4 -228.2,125.2 -11.4,81.2 13.6,156.5 90.6,181.7 67.2,22.4 163,-19.2 200.4,67 41.6,96.6 38.8,218.2 -81.1,240.2 -146.7,27.2 -302.5,6.5 -451.2,6.5 -156.8,-326.9 -87.1,-587.4 188.1,-798.4 102.4,-79.1 32.7,-190.8 52.7,-285 253.4,46.9 356.7,-56.4 309.8,-309.5zm-18346.4 -9909.8c231,730.9 -175.2,1220.1 -658.5,1684.8 -27.9,-204.2 -114.9,-424.2 65.8,-611.9 133.7,-139.8 -85.4,-508 309.3,-469.8 75.3,-209.5 235.8,-378.3 283.4,-603.1zm10025.4 11521.3c-186.1,134.3 -312.6,77.5 -434.6,83.3 -160.7,-168.5 12.3,-395.9 -103.3,-570.6 -35.9,-45.5 -90.4,-40.1 -104.2,27.5 -24.1,120.1 -8.3,273 -194.8,237.4 -178.1,-33.6 -177.5,-169.4 -76.6,-272.1 137.8,-140.3 129.8,-233.6 1.1,-379.2 -99.6,-112.8 -87.3,-274.1 18,-432.8 92,172.4 140.5,449.6 310.2,445.1 289.2,-8.3 216.2,228 307.5,339.3 116.8,142.1 178.5,329.5 276.7,522.1zm-7620.7 33278.2c0,97.1 33.6,232.5 -7.6,338.9 -62.7,159.2 248.7,303.1 81.8,342.5 -202.5,48.5 -210.7,147.4 -258.8,283 -31.4,90.1 -148.5,73.2 -198.8,44 -47.7,-28.2 -87.3,-175.4 -76.2,-182.5 387.7,-241.1 243.9,-560.7 156.4,-887.3 -44.8,-168.3 192.5,-430.8 357.3,-445.3 61.7,-5.6 418.6,253.1 408.4,303.9 -47,240 -241.4,96.7 -365.7,137.9 -21.8,7.1 -40.2,26.2 -96.8,64.9zm11284.7 9081.4c28.2,1330.1 28.2,1330.1 -295.9,1913 0,-316.9 -93.5,-653.7 17.6,-746.8 333.9,-280.3 -71.3,-444.2 -33.5,-656.8 24.6,-139 -441.5,102.2 -186.5,-290.6 148,-228.8 247.8,-243.8 498.3,-218.8zm-17069 5248.5c469.2,-428.1 -3.8,-782.2 58.4,-1153.8 166.3,-199 378.7,-15.1 547.9,-102.8 34.8,83.7 74.4,132 67,171.4 -42,215.6 83.8,439.5 -95.3,659.5 -132.7,162.8 -139.6,432.9 -578,425.7zm13139.8 -61797.9c-117.5,484.9 -420.8,336.9 -810.9,334.2 282.3,-308.1 277.4,-603.8 258.7,-957.9 187.1,169.1 172.2,434.9 450.7,362.8 168.6,-43.7 333.1,-37 362.5,238.6 12.7,118.7 231.7,264.8 38.1,361.9 -255.6,128.9 -203.3,-191.5 -299.1,-339.6zm-14475 50961.9c199.5,0 350.7,19.8 494.3,-4.4 218.2,-37.5 337.5,104.4 427.3,241.1 121.9,185.7 -196.7,251.1 -167.7,463.3 14.7,109.1 -241.6,111.3 -320.9,63 -161.1,-97.9 -188.6,-357.1 -431.4,-393 -14.3,-2.2 -1.6,-188.8 -1.6,-370zm-8467 -21536.7c-193.5,28.3 -448.9,-110.8 -508.1,254.7 -16.5,100.3 -258.1,80.7 -391.7,7.9 -138.9,-210 186,-283.5 126,-466.1 297.1,-82.1 -12.4,-519.6 329.4,-565.9 76.8,-9.9 378.5,536.8 444.4,769.4zm4907.2 25715.7c0,488.5 0,488.5 309.7,773.9 -101.9,0 -211,24.3 -304.1,-4.5 -298.2,-93.2 -306.1,155.2 -439.5,404.4 12.4,-441.8 -291.7,-740.6 -139.2,-1173.8l573.1 0zm-951.4 -51699.8l0 882.1c-156.7,105.8 -352.9,45.7 -543.7,33.2 -173.2,-343.5 29.8,-615.8 173.2,-883.5 29.9,-55.9 226.2,-22.7 370.5,-31.8zm2032.6 52009.3c-49,0 -100.9,6.2 -150.9,-1.2 -95.1,-15.1 -213.5,54.4 -283.2,-51.8 -61.7,-94.4 -43.7,-203.6 55.4,-257.4 218.2,-118.7 314.4,-369.6 352,-541.5 73.9,-339.1 257.8,-220.5 442.6,-210.2 103.4,108.9 31.6,242.9 49.2,363.1 21.8,144.5 -11.5,253.9 -191.9,234.3 -439.5,-47.5 -219.1,287.6 -273.2,464.7zm-6188.8 -21358.6c22.5,-110.2 -73.7,-278.5 120.9,-305.5 150.5,-20.5 307,-6.9 460.7,-2.9 79.7,2 133.8,-29.1 194.6,-81.7 134.4,-115.8 141.3,-108.6 218.1,68.2 160.4,-38.8 27.9,-239.8 162.4,-292.9 27.3,37 76.1,73.1 77.9,111.4 8.2,179 20.5,360.7 -0.7,537.2 -23.8,194.8 -195.3,98.5 -305.4,120.9 10.8,-139.8 -81.6,-154.7 -187.1,-154.7 -247.3,0.4 -494.1,0 -741.4,0zm38074.2 -25537.7c74.7,260.2 -322.9,474.2 -140.5,684.2 207,237.5 99.2,474.4 140.5,708.7 -76.2,0 -200.5,29.1 -221.1,-4.9 -96.7,-159.7 -208,-330.5 -233,-508.8 -38.3,-271.8 -10,-552.6 -10,-812.2 163.5,-111.6 318.6,-47.9 464.1,-67zm-20430.2 18288.6c0,358.9 15.8,664.6 -8.2,967 -8.5,108.6 -205.7,132.4 -230.9,67.6 -73.2,-191.7 -180.5,-312.8 -376.1,-367.8 -13.8,-3.8 9.9,-99.1 -6,-144.3 -63.4,-180.5 136.7,-243.8 166.1,-391.1 27,-136.3 59.7,-129.8 455.1,-131.4zm-7661 -7299.7c170.4,19.2 347.8,-44.7 564.5,72 -186.4,288.5 -197.1,619.6 -173,956.9 -258.6,52.8 -105.8,-201.9 -232.9,-259.4 -407.1,-183.6 -401.9,-192.8 -237.6,-574.6 18.3,-42.8 13.3,-95.3 27.1,-140.7 6.9,-21.6 33.7,-36.3 51.9,-54.2zm-10448.4 -8409.9c-186.8,0 -277.2,26.6 -334.2,-6.1 -99.7,-55.9 -118,-221.1 -34.3,-244.4 348.1,-98.2 340.5,-287 174.2,-530.9 -85.3,-125.1 -107.8,-235.1 51.9,-288.9 92.6,-31.5 210.6,-5.4 197.2,144.2 -8.2,93.8 39.6,135.2 117.1,159.2 122.3,38.1 335.4,146.1 223.6,304.8 -135.9,191.8 -81.3,251.2 -226.2,420 -49.9,58.5 -183.1,44.9 -169.3,42.1zm6558 39562.8c-259.6,-68.4 -464.6,122.9 -680.2,169.4 -144,-122.3 -75.5,-259.4 -93.9,-379.2 270,-26.7 258.3,-444.8 575.5,-410.3 263.4,28.7 187.9,-169.9 198.6,-308.4 253.2,164.7 196.6,401.2 84.6,594.3 -68.5,116.4 -81.9,216.6 -84.6,334.2zm-6622.3 -18227c96.9,61.7 133.6,177.4 57,306.1 -21.1,35.2 -40.3,68.6 -57,99.1l0 -405.2zm-625.2 3965c43.2,31.8 56.3,44.1 148.5,70.5 67.2,18.5 114.5,395 -75.3,399l-73.2 78 0 -547.5zm14307.6 3538.6c44.1,17.8 127.8,38.1 126.3,51.9 -35.5,457 150.2,850.7 338.6,1245.5 19.8,42.1 15.6,106.2 -1.3,151.2 -15.2,39.6 -58.4,82.5 -98.4,95.7 -43,13.3 -135.9,3.6 -139.9,-13.2 -92.6,-366.6 -668.2,-618.5 -264,-1104.3 109.5,-131.4 -2.1,-214.8 -73.5,-320.2 -59.4,-87.3 40.1,-104.6 112.2,-106.6zm2638.7 -5073.1c-121.8,-221.8 -355.6,-364.5 -307.3,-625.7 29.6,-159.9 116.9,-312.8 201,-455.3 19.4,-32.8 176.8,-37.7 194.4,-8.9 86.6,141.4 179.7,292.5 209.5,451.3 48.8,258 -171.6,414.3 -297.6,638.6zm-6426.4 -3723.2c-111.8,-239.2 -201.8,-432.2 -292.4,-625.9 -169.4,26 -33.6,238.4 -162.5,274.8 -61.5,17.3 -159.9,8.6 -201.7,-31 -60,-56.6 112.2,-528.3 193.7,-571.8 99,-52.8 477.1,35.9 540.3,119.6 204.9,272.7 92.4,524.5 -77.4,834.3zm32268.9 18640.2c451.1,388 518.3,789.1 440,1265.8l-712.5 0c191,-262.8 642.3,-434.2 279.4,-878.4 -47.9,-58.4 -6.9,-189.5 -6.9,-387.4zm513.9 -10436.2c142.2,-21.1 381.1,-93.9 393,50.8 22.4,275.2 506.3,267.2 323.9,615 -743.4,136.7 -773.7,109 -716.9,-665.8zm-32755.5 -41999.7c-89.8,154.2 -332.6,249.4 -321.7,477.8 -69.2,-6.5 -198.1,-9.3 -199.1,-20.9 -11,-155.1 -196.1,-282.1 -121,-456.9l641.8 0zm19228.7 2351.6l0 629c-322.8,-122.2 -549.7,285.3 -887.5,98.5 101.8,-294 366.9,-469.8 529.2,-720.8 29.2,-45.9 191.5,-6.7 358.3,-6.7zm-23956.2 0c331.9,0 632.3,-2.2 932.4,1.2 83.7,1.3 138.7,51 127.6,142 -5.1,45.6 -38.3,128.5 -41,128 -417,-110 -426.5,358.5 -655.9,497 -165.4,-131.6 27.9,-344.5 -130.7,-426.2 -124.5,-63.9 -316.2,-30.2 -232.4,-342zm36025.3 33338.2c-8,18.4 -13.6,50.3 -24.3,52.7 -358,63.7 -340.7,408.8 -483.8,634.2 -17.2,27.1 -95.8,31.8 -139.9,21.6 -79.2,-17.7 -158,-103.4 -105.2,-158.1 220.1,-226.7 65.6,-428.6 1.9,-649.3 -28.2,-99.7 -62.5,-277.8 148.3,-269.8 95.6,3.7 268.6,-56.2 273,52.3 10.7,239.5 206.9,228.4 330,316.4zm-10209.7 -22109.8c93,-411.7 314.8,-645.3 703.3,-702.5 96.7,-13.8 219.4,-23.1 230,111.4 8.9,115.9 58.8,323 -69.4,332.4 -242.5,17.8 -416.2,48.5 -477,320.1 -3.7,17.9 -230.9,48.1 -386.9,-61.4zm-8347.9 -2561.2c277.2,-8.7 602.7,94.6 713.6,-308.1 2.7,-10.5 103.7,-12 142.9,10.4 35.4,20.7 79.7,96 67.5,118.3 -104.9,193 -161.6,399.6 -185.7,628.7l-678.2 0c-109.1,-144.7 -39.2,-302.8 -60.1,-449.3zm12711.2 15890.5c163,-393.9 393.8,-728.6 674.8,-979 -23.8,172.1 410.4,372.7 183.9,492.3 -263.1,138.4 -253.1,478.2 -528.1,531.6 -112.4,22.1 -254.7,53.7 -330.6,-44.9zm-33178.9 35741c510.9,-109.2 510.9,-109.2 800.6,820.4 -172.1,-46.5 -385.8,197.5 -465.6,-181.2 -47.4,-223.3 -216.1,-421 -335,-639.2zm21086.9 398.1c-24.5,41.8 -46.5,117.7 -73.1,118.9 -258.9,14.7 -553.2,-54.4 -635.9,318.5 -1.9,8.8 -104.1,13.7 -144.2,-7.7 -36.3,-19.8 -81.9,-92 -70.4,-118 113.4,-262.3 232.7,-522.6 366.9,-775.1 13.6,-26.3 186.8,-13.6 193.1,7.6 50.1,173.2 136.9,291 326.4,322.2 19.2,3.1 25.2,87 37.2,133.6zm-5260 -26269.7c-57.9,155.2 -316.4,0.1 -320.1,253.2 -3.4,246.3 -238.9,155.2 -349.2,131.4 -156.9,-33.4 -143.6,-171.2 -42.2,-283.7 46.5,-51.8 122.9,-134.3 17.1,-156.3 -497.6,-103.5 -105.8,-420.8 -143.8,-476.2 9.8,79.5 344,140 346.6,231.8 12,379.4 308.8,158 491.6,299.8zm4963.8 -19131.1c-75.9,-358.2 416.8,-273.9 358.8,-577.5 139.5,1.3 364.9,-96 383.1,87.4 17.2,177.7 287,257.5 130.9,490.1l-872.8 0zm-787.2 6325.3c-263,148.6 -314.4,-89.9 -463.8,-118.2 -207.3,-39.9 -244.5,-230.5 -99.8,-258.1 297.5,-56.3 246.9,-239.5 257.9,-432.3 6.6,-120.1 -66.2,-259.6 53.6,-357.6 32.3,-26.3 96.9,-31.4 140.9,-20.9 38.4,8.8 69.1,52.5 103.4,80.6 -332.2,193 -0.7,376.7 6.6,565 6.5,176.1 1.2,353 1.2,541.5zm612.7 26792.2c82.2,-156.3 -189.5,-448.7 265.4,-437.3 66.3,1.5 191.3,-44.3 191.7,-69.3 5.4,-356.4 241.8,-234 423.9,-207.2 23.8,3.8 64.1,103.9 49.5,122.6 -115.4,149.4 -68.8,462 -314,451.4 -218.6,-9.4 -334.2,225.7 -616.5,139.8zm18787.4 -12970.4c-327.6,382.1 -360.5,778.8 -513.3,1122.6 -55.8,126.1 -138.9,125.6 -237.5,114.2 -179.9,-20.4 -69.5,-160.2 -69,-227.9 0.4,-342 383.4,-563.4 313.5,-938.8 -2.9,-15.5 74.8,-62.1 118.2,-67 95.9,-10.6 193.7,-3.1 388.1,-3.1zm-28201.8 -29712.9c-45.6,-428.6 -41.6,-781 405.4,-981.7 150.5,-67.6 249.7,-229.5 244.3,-430.6 91.7,469.8 91.7,469.8 -649.7,1412.3zm21969.3 25383.2l0 -709.3c142.7,-194.2 681.1,205.2 408.3,-487.9 260.1,232.7 241.2,423.9 161,512.8 -120.9,134.5 -131.6,268.1 -113.6,412.8 43.5,354.9 -207.7,256.3 -455.7,271.6zm-3597.4 -26777.9c-175.9,14.5 -438.4,-100.8 -474.3,258.1 -8,82.4 -146.5,70.1 -196.1,37 -47.7,-31.4 -93.3,-147.4 -71.2,-189.1 112.8,-209.5 233.7,-409.7 313.5,-640.1 64.3,-185.3 266.5,-27.8 428.1,-136.5l0 670.6zm-20924.4 28596.6c15.6,315.2 -161.8,1155.5 -251.4,1315.1 -39.2,68.9 -70.3,117.4 -163.1,115 -149.2,-3.6 -131.6,-104.7 -151.9,-203.8 -61.5,-297.7 111.8,-527 260.7,-729.2 105.1,-143.3 190.4,-303.7 305.7,-497.1zm2583.7 12090.4c-57,-745 -57,-745 724.5,-735.2 -111.6,188.8 -277.4,350.4 -297.5,528.6 -41.4,360.2 -262.3,189 -427,206.6zm3353.5 -40688.8c-146.5,-20.9 -304.5,49.2 -486.5,-87.9 288.9,-374.9 123.8,-837.6 200.7,-1289.4 285.8,449.6 285.8,449.6 285.8,1377.3zm4966.7 4024c289.1,0 541.6,-5.3 794,3.4 79.7,2.2 117.8,57.6 125.4,152.1 11.1,134 -24.9,165.8 -158.8,157.8 -279,-16.5 -565.5,-36.5 -624.9,357.3 -18.3,124.1 -149.7,135.9 -237,84.9 -100.2,-58.3 -111.9,-183.9 -20.4,-252.7 170.9,-128.3 75.5,-328.6 121.7,-502.8zm310.7 25692.1c-41.9,-286.8 64.5,-527.7 -158.8,-712.3 -28.7,-23.8 -124.9,-301.3 67.9,-363.8 224.7,-72.4 190.1,118.9 243.4,262.3 73.7,196.3 59.9,489.1 386.3,523.4 83.3,8.9 79.5,128.3 60.7,196.8 -21.3,77.8 -96.6,98.9 -178.7,95.3 -125.6,-5.3 -251.6,-1.7 -420.8,-1.7zm3034.7 3394.5c-476.5,-269.8 -324.9,-809.6 -551.7,-1182.9 301.6,43.4 565.3,277.6 589.3,577.1 15,193.3 61.2,403.2 -37.6,605.8zm12892.7 -4761.2c202.4,163.9 81.5,379.2 167.2,502.5 109.1,156.8 170.7,294 123.5,489.9 -368,202.2 -600.2,36.9 -735.8,-349.4 90.2,-128 270.1,6.9 445.1,-107.7l0 -535.3zm-19192.7 -9425c250.6,364.2 89.1,810.2 550.2,905.2 99.1,20.3 106.7,167.3 26.5,250.7 -97.1,100.7 -189.2,281.3 -363.3,165.3 -116,-76.9 -236.7,-173 -219.8,-366.7 24.7,-278.8 6.4,-561.3 6.4,-954.5zm-4958.2 -20317.5c-199.2,0 -412.6,37.2 -606.3,-8.5 -300.3,-71.4 -309,156.6 -394.9,317.5 -19,-18.9 -51,-35.6 -53.2,-55.6 -13,-119.8 -19.6,-240 -30.1,-387.2l552.8 0c97.3,-215.3 184.6,-409 281.9,-623.9 188.8,224.9 298.6,463.2 249.8,757.7zm13267.4 18238.5c-426.4,0.7 -431,-22.2 -423.7,-355.3 4.7,-226.9 268.8,-366 171.2,-620.7 -17.3,-45.5 97.8,-95.6 177.5,-81.6 80.1,13.8 125.8,53.9 125.8,147.5 0,134 -244.1,238.8 -16.7,419.6 70.1,55.2 65.7,330 -34.1,490.5zm4815.5 14595.1c108,397.6 -62.8,648.6 -207,904.2 -12.5,22 -100,-6.2 -148.8,4.7 -79,18.2 -91,-0.3 -81,-79.3 13.3,-101.5 -39.4,-257.1 11.3,-299.2 167.2,-139.4 135.8,-309.8 152.3,-485 12.5,-129.3 -111.3,-356.5 127.4,-367.3 320.2,-15 121.6,261.3 145.8,321.9zm-26280.7 -14952.4c21.6,370.2 -260.7,696 -160.3,1079.8 3.8,14.5 -71.5,62.6 -115.1,73.5 -77.7,18.9 -146.5,-11.1 -187.1,-83 -10.9,-19.2 5,-51.9 -2.8,-74.8 -74.8,-218.7 185.7,-333.8 161.1,-546.4 -23.3,-200.4 -9.9,-405.9 0.1,-608.3 1.5,-27.8 71.9,-64.6 115.7,-75 77.5,-18.8 152.5,8.7 185,83.4 19,42.6 3.8,99.6 3.4,150.8zm13310.8 -301.5c-184.6,-215.9 -283.4,-412.6 -296.1,-613.4 -7.2,-121.6 111.7,-260.3 198.1,-373.1 25.6,-33.5 169.9,-33.5 195.7,0 86.4,112.4 205.1,251.1 197.8,373.1 -12.3,200.8 -111.2,397 -295.5,613.4zm9615.2 27711.5c-72.3,-414.4 399.3,-514.3 534.2,-883.2 53.9,236.4 266.5,374.2 220.2,631.1 -324,-132.7 -364.9,575.2 -754.4,252.1zm15701.7 -44269.1c-26.7,-127 -55.1,-252.4 -74.4,-379.7 19.1,34.8 44.8,57.7 74.4,73.4l0 306.3zm-19900.2 36742.6c78.4,-215.6 -175,-330 -158.6,-534.8 17.6,-223.1 9,-448.7 3,-673.3 -7.2,-255.2 179.8,-169.7 310.3,-184.8 73.3,238.9 -224.9,383.8 -155.6,623.6 26.7,91.8 -46.6,204.6 54.7,283 193.5,-8 17.4,-234.9 185.5,-263 27.6,143 191.1,249.4 151.7,436 -306.4,-114.7 -143,355.6 -391,313.3zm2588.5 10215c170.8,-402.8 -172.5,-690.4 -97.3,-1076.7 309.7,243.1 331.8,691.8 721.4,813.5 24.1,7.4 37.6,88.4 35.2,134.1 -4.5,84.6 -50.5,133.8 -145.6,130 -129.1,-4.4 -257.9,-0.9 -513.7,-0.9zm11466 11398.1c95.9,-245.6 197.7,-237.6 623.1,-203.4 -22.7,78.2 -42.2,145.6 -60.6,203.4l-562.5 0zm-32727.2 -12496.9c-101.5,-123.8 -56.4,-257.3 -46.3,-374.3 6.4,-71.2 -100.4,-253.6 65.2,-217.3 214.9,47.3 274.5,-279.8 467.4,-158.2 97.5,61.6 183.8,174.7 225.1,283.2 42.5,111.3 -42.1,173.6 -166.8,174.3 -145.9,0.9 -101.6,131.3 -142.7,209.7 -77.5,149.4 -137.9,79.3 -145.2,-48.7 -4,-74.8 -14,-157.7 -101.8,-133.9 -123.8,33.4 16.7,205.1 -154.9,265.2zm28268.8 -41773.3c-7,-341.9 34.2,-652.3 411.6,-806 111.4,-45.8 33.2,-183.6 53,-277.2 201.8,-14.2 114,176.2 181.5,253.9 82.1,93.9 187.7,177.7 98.6,311 -53.8,81 -168.5,212.4 -207.1,197.5 -331.7,-128.3 -321,284.1 -537.6,320.8zm-17619.6 35493.5c205.5,349.9 193.9,676.8 539.7,756.3 57.9,12.9 -181.9,407 -300.6,428.2 -69,12.2 -143.4,-8.1 -239.1,-15.4l0 -1169.1zm26581.3 -6082.7l0 564.9c-371.2,73 -371.2,73 -567.8,386.1 -28,-254.7 -26.2,-443.4 42.1,-675.6 88.4,-299.6 248.5,-287.4 525.7,-275.4zm-23638.3 -10359.8l410.4 0 0 745.7 -410.4 0 0 -745.7zm13465.1 33417.2c97.5,274.7 269.6,351.1 526.4,311.5 99.7,-15.2 210.1,-17.1 220.8,130.9 9.1,126.9 -62.6,149.4 -175,184.4 -180.1,57 -329.5,224.4 -572.2,106.4l0 -733.2zm3014.9 -39956c-164,-278.5 -75,-597.4 -232.6,-904.9 -136.8,-266.9 265.6,-560.1 115.7,-888.8 80.7,-10.9 114.5,-16.7 114.9,-15.3 122.7,596.4 18.9,1195.8 2,1809zm-23566.1 -4514.5c-592.3,61.9 -592.3,61.9 -792.6,367.4 -44.8,-215.1 -100.2,-412.1 11.1,-593.4 52.7,-85.7 273.4,20.9 257.1,-187.9 280.6,-40.3 396.6,130.7 524.4,413.9zm12410.6 -5354.6c53.2,104.3 99.3,214.9 163.2,314.4 111.1,173.2 90.8,272.3 -132.3,295 -79.9,8.5 -139.5,58.1 -119.5,153.5 28,132.7 -20.7,169.2 -154.7,158.5 -93.8,-7.4 -152.8,-46.5 -151.5,-124.3 3.8,-228.4 -95.3,-512.5 284.8,-566.8 49.2,-7.4 -13.6,-189.9 110,-230.3zm-22304.4 3979.3c17.6,99.3 37.6,148.3 32.1,193.9 -17.4,143 80.8,342.7 -79.9,415.9 -214.5,97.8 -210.5,-116.9 -259.2,-248.2 -10.9,-29 -82,-45.4 -127.1,-50.3 -136.5,-15.2 -342.1,59.8 -300.9,-197.5 29.4,-183.9 197.3,-102.2 308.7,-111.2 126.2,-10.6 253.8,-2.6 426.3,-2.6zm36468 46438.3c-76.4,-357.6 416.5,-273.4 358.4,-577.4 69.5,8 200,17.2 200,23.6 -4.2,198.6 287.7,298.2 167.6,553.8l-726 0zm-19669.5 -27678.1l0 619c-324.5,-73.1 -578,-441.8 -423.1,-708.3 70.4,-120.9 51.5,-293.2 190.8,-373.1 205.7,90.3 -91.9,431.2 232.3,462.4zm-10720.3 -5911.2c-159.9,80.8 -247.8,-10.7 -326.8,-107.1 -108.9,-133.4 -106.2,-375.4 -363.9,-367.6 -12.6,0.2 -36,-82.4 -40.5,-128 -9.3,-89.5 44.5,-137.2 128.5,-139.8 146.9,-4.7 293.9,-1.4 423.5,-1.4 107.7,165.4 79.9,324 55.9,460.9 -23.9,137.4 214.2,147.6 123.3,283zm3543.1 -22887c-85.8,-231.6 -182.4,-335.1 -400.6,-300.9 -143.8,22.5 -171.6,-81.9 -158.1,-191 9.8,-80.8 64.4,-134.3 158.1,-116.4 216.9,41.2 314.8,-67.5 350.7,-365.8 110.4,218.2 214.9,362 254.3,522.1 44.9,183.2 -321.3,209.9 -204.4,452zm22547.5 32849.3c-103.3,306 -353.4,403 -500.3,584.5 -31.8,39.8 -207.7,12.5 -277.4,-38.5 -89.6,-65.9 -66.9,-184.8 27.4,-253.8 95.9,-70 69.8,-178.2 116.8,-292.2l633.5 0zm-4845.8 -31600.3c103.3,-183.2 265.4,-356.5 297.2,-551.1 71.5,-431 301.5,-160.3 475.8,-191 7.2,385.9 -281.2,528.6 -463.3,742.1l-309.7 0zm-10050.1 31952.8c-126.4,282.1 -142.3,636.3 -541.2,717.4 -257.9,-303.1 44.5,-508.1 114.8,-734.5 32.3,-103.8 256.3,-80.7 426.4,17.1zm8657 -8570.6c0,-176.3 0,-275.1 0,-373.6 -0.3,-96.4 -26.5,-219.5 91,-252.2 147.4,-41 195.3,38.9 228.7,194.4 44,203.7 247.3,96.6 379.2,105.1 149.6,9.1 57,105.5 70.1,156.7 9.1,37 -24.1,121.8 -44.6,123.6 -218.6,20.9 -439,30.3 -724.4,46zm11585.7 -1733.1l-714.8 0c72.8,-430.8 323.8,-524.7 714.8,-405.9l0 405.9zm-36873 -26925.9c232.2,18.7 369.8,-6 465.3,46.1 130.3,70.8 93.8,288.9 47.3,337.1 -176.4,184.8 -193.3,323 5.7,494.2 30.3,26.1 36.8,152.3 -50.5,195.5 -41.4,20.7 -96.6,30.8 -140.9,21.9 -76.9,-16.5 -118.5,-65.1 -114.9,-157 7.1,-201.7 -5.2,-403.9 4.9,-605.4 5.8,-126.2 -102,-161.6 -216.9,-332.4zm-2915.9 56468.9c238.3,138.1 350.3,230.9 348.7,428.4 -0.7,117.2 -59.7,249.6 46.1,356.5 115.4,116.7 208.6,255.4 -17.1,328.6 -166.3,54.2 -137,-150.9 -200.2,-212.6 -271.8,-267.8 -76.1,-557.9 -177.5,-900.9zm40819.1 -5372.1c-110.5,-134 -74.2,-321.7 -234,-394.5 209.4,-183.7 228.2,-473.6 383.8,-685.8 19.1,-25.8 102.7,-24.1 145.2,-7.1 76.6,30.3 122,114.9 85.5,181.7 -82,151.6 -159.4,288.1 -162.6,476.9 -2.4,126.5 -122.6,251.4 -217.9,428.8zm-34129.5 -3412.6c0,-179.7 -14,-361.4 6.9,-539 8.5,-74.2 170.6,-108 181.7,-76.6 93.1,264.7 562.6,309.7 411.7,718.9 -142.7,112.9 -156.3,-155.2 -293.4,-109.1 -92.5,31.2 -204,5.8 -306.9,5.8zm24661.4 -23067.6c-120.2,21.8 -196.8,-19.8 -202.2,-96.6 -13.5,-185.1 320.7,-582.5 495,-632.4 138.2,-39.2 140.5,102.2 218.8,140.8 90.2,45.1 49.9,135.6 52.6,208.3 0.4,17.2 -37,54.2 -51.6,51.3 -284.1,-52.4 -389.9,181.2 -512.6,328.6zm-10570.8 35295c-232.1,0 -406.2,0.2 -580.1,-0.4 -103.3,-0.3 -199.5,-0.9 -202.8,-149.4 -1.5,-92.5 44.6,-163 115.8,-153.7 152.5,19.9 199.1,-130.9 316.4,-162.1 221.1,-60.1 318.6,46.8 350.7,465.6zm6804.7 -23092.3c-408.4,-121 -408.4,-121 -609.5,-675.8 127.8,-117.1 269.4,-71 409.9,-33.8 140.8,221.9 -115.1,521.6 199.6,709.6zm8657.8 13407c25.3,-204 136.5,-386.8 288.3,-518.6 59.2,-51.7 242.2,-58.4 348.2,77.7 -25.1,204.2 -136.2,386.9 -288.1,519.2 -59,51.4 -242.2,57.9 -348.4,-78.3zm-25266.8 -40336.4c-117.6,-359.3 -158.7,-712.5 -58.8,-860.9 64.2,-94.4 142.7,-219.4 295.7,-190 43.2,8.5 116.2,52.4 114.2,74 -11.8,120 70.4,330.2 -45.2,346.2 -455.7,60.8 -142,455.3 -305.9,630.7zm-2673.2 15814.1c-102.4,-181 -128.2,-411.9 -23.6,-553.7 96.5,-130.9 323.8,-165 509.3,-248.9 82.6,274.9 207.4,535.7 -242.8,494.5 -248.2,-22.5 -76.6,266.1 -242.9,308.1zm15914.7 -6484.9l388.3 0c58.9,202.6 61.3,392.1 -0.6,592.9l-388.1 0c-59,-202.6 -61.4,-391.9 0.4,-592.9zm19617.9 8330.3l-436.2 0c-122.8,-257.7 253,-426.6 135.8,-683.4 -17.7,-38.7 106.7,-90.6 183.8,-74.3 77.9,16.5 122.8,61.2 118.9,155.4 -7.6,196.1 -2.3,392.5 -2.3,602.3zm-16502.7 19825.5c-18.1,-3 -95.1,-3 -159.4,-31.3 -30.1,-13.8 -49.9,-81.8 -49.5,-125.4 0.3,-43 24.1,-116.9 50.8,-123.8 116.7,-29.1 256.7,-6.2 352.4,-62.5 111.4,-65.9 24.6,-392.8 314.7,-248.7 86.4,43.2 64.7,190.3 48.9,196.1 -199.2,75 -77.2,495.8 -427.5,396.6 -23.8,-7 -50.3,-1 -130.4,-1zm-17702 -23371c-386.3,16 -386.3,16 -551.5,305.6 -219.1,-296.5 81.5,-496.9 146.8,-736.2 9.3,-34.4 185.7,-37.9 283.4,-30.3 144.1,11.3 123.6,129.1 121.6,229.5 -1.8,77.3 -0.3,154.3 -0.3,231.4zm11450.4 10980.7c123.3,-244.2 242.6,-423.9 303.7,-621.6 41.1,-131.8 107.5,-154.3 207.5,-140.3 76.1,10.7 105.9,69.5 114.2,157 35.6,382.5 5.3,418.5 -625.4,604.9zm-20333.9 2368.1c-186,0 -330.9,-1.8 -476.1,0.5 -90.6,2.2 -130.5,-46.1 -142.5,-128 -11.8,-80 26.7,-184.2 86.6,-174.4 238,39.4 192.2,-154.3 259.2,-264.9 25.2,-41.9 128.7,-43.2 197.9,-51 150.3,-17.2 66.4,100.4 70.2,148.9 12.7,143.4 4.7,288.4 4.7,468.9zm43087.8 -23230.2c2.9,122.8 -378.5,587.4 -478.1,593.9 -90.4,6.2 -164.3,-58.1 -135.1,-131.6 87.7,-218.9 192.8,-432.9 312.1,-636.3 19.6,-33.7 152.4,-23.9 220.2,0.4 74,26.9 94.9,109.3 80.9,173.6zm-30097.5 4623.6c118.5,88.7 112.5,269.5 60.8,331.6 -115.7,138.3 -62.7,395.6 -300.6,434.4 -39.1,6.4 -120.9,-28.7 -123.1,-50.3 -21.4,-212.7 -105.9,-434.2 96,-619 79.7,-72.8 152.1,-124 266.9,-96.7zm-237.7 14698.9c-248.3,-29.6 -77.7,265.6 -273,313l0 -889.7c127.8,-86.2 282.8,-23.4 427.9,-42.1 -0.4,123.1 26.3,249.4 -102.9,338 -103.5,71 -32.7,187.2 -52,280.8zm-2785.7 -4797.7c0,-122.9 -26.7,-249.6 102.9,-338.2 103.5,-70.8 32.7,-186.9 51.9,-281 72.6,0 147.2,10 217.8,-1.6 275.6,-45.6 250,140 246.2,311.1 -25.1,0 -72.1,-3.6 -73.2,0.6 -59,322.4 -283.3,348.5 -545.6,309.1zm26332.4 -16872.8l0 -598.8 383.7 0c148.3,172.8 5.3,369.4 67,531.1 -176.3,111.7 -327.8,52.7 -450.7,67.7zm1684 -8823.5c130.4,262.3 172.3,374.1 236.8,471.8 101.2,152.7 140.3,283.4 -99.3,302.3 -201.5,15 -86.3,212.5 -181.2,270.1 -54.5,33.2 -143.4,43.7 -203.3,23.8 -85.7,-28.4 -91.9,-141.5 -60.3,-194.3 137.4,-224.4 309.9,-430.8 307.3,-873.7zm-30338.2 15248.6c0,26 6.7,54 -0.9,76.8 -47.1,141.1 -474.2,466.6 -596.2,466.9 -126,0.8 -214.2,-63.1 -170.3,-176 72.5,-185.9 390.9,-175.6 381.8,-444.4 102.9,0 206.9,9.4 307.9,-3.3 79.3,-10 103.6,3.3 77.7,80zm3689.8 32904.6c-291.6,-361 -363.5,-711.4 -60.7,-1095.7 181.2,174.1 -0.9,431 143.6,598.7 192.8,224.2 -274.1,269.2 -82.9,497zm25969.1 5548.5c-50.2,372.7 268.5,661.5 204.5,1033.7 -155.8,114.2 -164.5,-141.8 -301.6,-102.6 -134.7,38.9 -200,-132.5 -147.4,-175.2 252.4,-205.6 68.3,-523.7 244.5,-755.9zm-5643.2 4369.1c167.9,-18.7 361.6,-107.1 422.2,57.4 38.5,104.2 150,396.1 -174.8,375.1 -189.4,-12.3 -80.6,186 -141.6,259.3l-105.8 0 0 -691.8zm185.3 -52185.7c-305.9,237.6 -153.6,513.3 -248.9,745.7 -188.8,6.4 -64.6,-194.4 -157.3,-245.1 -112.8,-61.1 -360.8,-24.5 -259.8,-253.4 72.6,-164.6 215.3,-323.5 452.5,-248 23.5,7.3 50.7,0.8 213.5,0.8zm8146.6 31264.4c72.4,-216 -187.1,-334.5 -157.7,-542.8 13.4,-96.2 -18,-211.4 120.1,-228.3 104.6,-13.1 147.4,37.2 204.4,146.7 105.9,204 160.5,401 142.9,624.4l-309.7 0zm-5204.5 -30167.6l331.8 0c92.6,46.3 96.1,94.9 20.4,115.3 -142,38.1 -292.1,34.6 -260.7,263 27.2,199.3 17.2,406.3 -0.7,607.6 -6.2,72.4 -104.6,98.4 -182.8,83.1 -78.6,-15.6 -135.1,-55.2 -121.3,-152.1 24.7,-165.6 206.4,-265.2 164.3,-470.3 -27.2,-135.1 -53.7,-297.8 49,-446.6zm-11920.3 -9763.7c33.3,32.9 94.2,65.7 95.5,99.7 12,326 -248.7,560.9 -538.4,524.6 -150.9,-18.7 -79.9,-144.1 -70.4,-154.7 139,-161.9 287.7,-316 438,-468.1 12.7,-12.9 49.6,-1.5 75.3,-1.5zm-11189.8 2122.8c-11.9,264.4 -4.7,436.8 -33.5,602.9 -15.1,87.9 -171.8,83.7 -189,55.6 -97.1,-156.7 -236.4,-329.2 -234.7,-495.1 2,-241.1 242.9,-63.7 457.2,-163.4zm25188.8 2838.7l0 900.9c-88.4,7.3 -162.6,21.8 -235.1,16.9 -120.5,-8.4 -315.6,59.9 -339.2,-77.9 -31.8,-185.2 218,18.3 273.5,-128.2 72.6,-190.9 158.1,-376.5 300.8,-711.7zm-14363.7 1229.5l227.9 0c-6,217.3 328,311.1 218,565.8 -147.1,95.7 -300.5,34.7 -445.9,53l0 -618.8zm3095.7 3714.5l-390.1 0c-100.6,202.7 -203.3,407.9 -339.5,680.5 -47.4,-312.4 -135.4,-564.4 108.2,-749.3 214.2,-162.9 430.2,-102.2 621.4,68.8zm6059.9 4282.8c-48.7,-146.6 -30,-283.5 4.9,-388.3 256.1,-132.5 306.2,236.6 513.7,130.4 25.4,64.8 72.8,130.7 71.2,195.3 -2.4,76.1 -61.7,127.6 -154.1,114 -144,-21.8 -298.5,44.5 -435.7,-51.4zm-24168.4 7626.7c0,-292.8 -9.4,-566.2 6.5,-838.5 4,-70.8 107.3,-98 184.3,-79.5 43.4,10.7 110.7,47 114,77 29.6,297.3 11.6,586.7 -304.8,841zm-8819 601.4c-25.2,40 -34.7,491.4 -74.6,571.7l0 -708 18.9 5.1c28.1,8.7 35.9,80.8 55.7,131.2zm3567.7 319c-322.6,36.5 -431.4,-116.9 -470.9,-326.8 -23.8,-124.5 -5.1,-257 -4.2,-385.9 0.7,-104.9 3.4,-222.6 154.5,-197.7 288.6,47.7 26.1,138.3 18.5,216.9 -26.3,261.8 166.5,434.8 302.1,693.5zm39458.2 325.7c-152.1,0 -303.3,8.7 -452.9,-2.8 -128.4,-9.2 -340.9,80.4 -317,-170.8 22.2,-236.7 230,-109.5 355.6,-132.5 97.2,-17.8 203.7,-20.5 299.6,0.4 181.1,39.3 90.5,197.1 114.7,305.7zm-37274.4 4808.4c-4.4,-211 -157,-403.8 120.9,-475.1 366.3,-94.6 319.3,250.7 449.6,416.6 -193.3,105.5 -381.7,11.1 -570.5,58.5zm11553.7 1872.5c131.6,259.7 -235,309.5 -129.9,517.5 -65,25.2 -131.5,72.6 -195.7,70.1 -75.7,-2.8 -120.6,-63.2 -114.6,-154.9 8.7,-125.6 2,-252.5 2,-379.2 154.1,-172.8 309.5,-35.4 438.2,-53.5zm6690.7 10498.8c-211.6,0 -360.8,7.5 -509.2,-2.9 -78,-5.8 -123,-55.5 -123,-151.6 0,-94.9 60.1,-170.8 119.8,-148.4 290.6,109.1 322.6,-164 440.7,-319.4 107.9,196.1 43.4,374.5 71.7,622.3zm16087.4 0c-253.5,47 -356.4,-56.2 -309.9,-309.7 25.8,0 72.2,4 73.3,-0.3 58.8,-322.2 283.6,-348.6 546.1,-309 -21.6,109.8 70.8,293.5 -117.3,301.7 -258.9,11.6 -179.7,181.9 -192.2,317.3zm-3961.1 3687.8c-26.5,-232.5 -225.8,-274.8 -357.9,-378.6 144.6,-136.5 491.7,71.5 487.4,-316.6 -1.5,-99.5 177.5,-32 271.6,-51.8 0,76.3 31.2,175.4 -5.3,224.8 -129.8,175 -340.9,291.2 -395.8,522.2zm-19831 1405.6c-51.2,-190 -97.5,-386.3 6.7,-571.4 67.7,-118.9 164.3,-266.3 333.9,-182.8 139.4,68.8 78.7,227.4 75.8,347.1 -2,77.8 -68.2,124.7 -160.1,112.3 -238,-31.7 -57,277.2 -256.3,294.8zm20495.1 4514.4c-328.4,-15.3 -500.9,-7.3 -667.3,-36.3 -87.5,-15.3 -83.3,-171.8 -55,-189.2 156.3,-97.3 328.9,-236.3 494.5,-234.5 235.1,2.5 51,246.7 227.8,460zm-29850.5 -42874.9c88,-150.1 164.8,-225.6 175.2,-309.7 31.4,-258.1 222.2,-145.6 349.2,-158.4 76.5,-7.8 107.9,59.9 127.1,148.8 38.9,179.2 -128.9,180.5 -197.1,260.3 -94.3,110.6 -237.7,30.2 -454.4,59zm31358.1 41823.6c-90.8,-256.3 -97.3,-405.5 48.8,-561.6 86.1,-92.4 29.8,-310.6 271.4,-262.2 69.4,13.6 101,5.8 76.5,83.4 -41.4,128.5 105.4,359 -122,375 -238.4,16.3 -155.6,216.7 -274.7,365.4zm3507.4 -37415.1c-34.7,231.8 -247.3,411 -250.7,675.3 -79,-226 -157.8,-452 -237.5,-680.9 163.2,-123.3 317.5,-123.3 488.2,5.6zm-8704.1 1729.1c216.2,-435.8 208.2,-416.4 567.1,-275.6 129.6,50.7 55,113.3 67.7,165.8 9.3,37.2 -21.6,117.3 -49.7,125.6 -170.1,47.9 -343.8,47.2 -585.1,-15.8zm-12380.6 10722.5c-99.3,0.6 -219.9,24.2 -315.9,-96.4 -76.4,-96.9 -182.6,-174.1 -102.9,-312.6 45.4,-78.6 352.9,-88.7 403.9,-4.7 59.9,98 57.7,220 152.7,316.1 57.3,58.1 -40.2,102.9 -137.8,97.6zm9794.3 26594.2c325.9,211.1 325.9,472.9 254.7,748.8 -6.5,26.7 -81.7,49.4 -125.1,49.2 -43.5,-0.5 -123,-30.3 -123.8,-50.1 -9,-220.7 -5.8,-442.2 -5.8,-747.9zm-5285.8 -36189c235.6,53.2 209.5,215.3 65.5,296.4 -115.1,65 -296.4,13.3 -469.8,13.3 -96.4,-204.2 -86.8,-409.7 -4.3,-620 174.8,46.2 5.6,338.4 253.7,310.3 17.1,43 26.9,116.9 52.3,122.9 92.6,21 107.9,-47.8 102.6,-122.9zm-24523.3 -14240.6c-234.5,43.9 -244,-93.1 -244.3,-266.3 -0.8,-176.1 86,-191 233.1,-202.8 227.4,-17.6 238.5,101.8 238.5,273.8 0.2,174.6 -80.4,220.3 -227.3,195.3zm36545.6 56360.6c96.7,116.2 57.3,250.9 42.5,365.4 -18,139.8 135.7,424.3 -180.8,374.9 -251.1,-39.6 -99.9,-292.4 -113.7,-445.3 -13.8,-152.3 117.6,-235.6 252,-295zm-19915.8 -14570.3l-464.4 0c49.7,-178.6 -167.7,-506.4 270.7,-466.3 373.9,34.3 126.7,312.4 193.7,466.3zm17626.7 -35598.6c-354.6,-14.9 -354.6,-14.9 -564.1,-427 144.2,-43.2 283.2,-82.4 419.7,31.4 126.9,106 215.9,220 144.4,395.6zm-7492.7 48772.2c-129.3,-316.4 -128.9,-340.2 22.6,-1093.9 6.8,346.5 280.1,681.5 -22.6,1093.9zm14901.3 -9536.2c112,416.1 -12.9,707.6 -200.2,1026.9 -188.1,-408.2 23.2,-679.5 200.2,-1026.9zm-30765.4 -203c-10.2,135.3 -126.9,249.8 -316,276.5 -144,20 -138.2,-97.1 -146.3,-198.4 -14.2,-175.9 18.8,-296.6 237.4,-264.1 93.5,13.6 212.6,-35.1 224.9,186zm16345.8 -1044.7c32.7,293.2 234.2,409 220.4,635.8 -6.5,98.9 15.8,209.4 -126,223.1 -111.4,10.7 -200.6,-24.7 -184.8,-161.2 22.9,-194.8 -51.7,-397.6 90.4,-697.7zm13529 -25153.9c0,85.3 17.3,166.7 -4.9,235.8 -23.7,75.9 -106.5,102.4 -183.9,83.3 -43.9,-10.7 -107.1,-42.4 -115.2,-75.7 -18,-71.8 -10.7,-151.5 -4.6,-227.6 11.1,-133.2 -70.8,-339.3 187.7,-309.3 195.4,23.2 96.1,194.2 120.9,293.5zm-15039.1 7728.9l0 641.4c-123.6,0 -225.5,17.7 -317.7,-4 -143.2,-34.2 -179.4,-254.4 -68.1,-264.2 229.1,-20.3 233.3,-230.5 385.8,-373.2zm-2638.6 965.7l645.2 0c-81.3,166.2 -127.8,323.2 -226,433.9 -52.7,59.7 -232.9,31.1 -220.8,-94.2 16,-158.1 -141.4,-169.6 -198.4,-339.7zm16594.2 -943.6c322.2,-79.3 305.9,119 316.9,347.7 12.9,261.6 -109.8,299.5 -316.9,271.4l0 -619.1zm-5900.3 13465.3c98.7,0 177.9,-12.3 249.6,5.3 33.7,8.5 65.1,71.9 76.2,115.6 19.1,77.7 -7.6,160 -83.5,184.3 -69.5,21.4 -151.9,12.5 -226.9,2.5 -109.8,-14.7 -278.8,75.4 -302.4,-118.7 -31.8,-261.6 179.3,-168.6 287,-189zm-22268.3 -25382.6c-122.9,0 -248,-14.7 -367.8,2.9 -273.4,40.1 -261.8,-133.3 -251.4,-312.8 122.5,0 247.4,14.7 367.6,-2.9 273.4,-39.9 261.9,133.1 251.6,312.8zm-464.6 15118.5c-161.4,-153.2 -345.4,-309 -314,-559.5 16.1,-125.6 66.8,-172.3 182.6,-164.7 83.9,4.8 131.4,49.6 131.4,137.1 0,195.9 0,391.4 0,587.1zm32966.7 -29663.9l0 305.9c-74.8,0 -173.5,30.8 -219.8,-5.5 -121.8,-95.6 -133.3,-488.1 -19.3,-595.4 32.7,-30 180.3,-6.4 190.3,22.3 38.4,110.9 43.2,234 48.8,272.7zm-31573.6 31060.2c2.7,-22.1 12.2,-118 28.5,-212.6 3.6,-19.2 30.7,-41.5 52.3,-49.9 73.1,-28.3 93.8,-2.7 75.1,73.5 -51,205.9 213.2,314.3 160.3,534.1 -28.5,119.5 -67.7,171.6 -184,164.7 -84.1,-4.9 -131.5,-49.8 -131.8,-136.9 -0.8,-99.3 -0.4,-198.6 -0.4,-372.9zm942 -175c-44,201.3 -147.1,376.2 -290.5,526.8 -18,18.5 -102.5,1.5 -133.2,-25.4 -88.3,-77.5 -98.4,-199.7 1.2,-247.6 157.4,-75.7 13.7,-393.4 292.7,-340 42.1,8.2 77.7,50.3 129.8,86.2zm15356.1 -30300.1c-75.4,-168.7 -150.1,-337 -219.9,-493.8 146.5,-151.4 291.4,-90.4 439.5,-67.5 167.8,253.6 -224.7,348.5 -219.6,561.3zm-4436.1 165c87.9,220.7 59.4,408.2 28.7,614.3 -75,9.1 -152.5,40.1 -211.3,19.4 -75,-26.7 -204.8,106.9 -224.9,-69 -10.9,-96.2 -15.1,-240.7 106.5,-226 256.3,30.7 162.5,-239.6 301,-338.7zm-21329.8 38831.4c197.2,-2 30.3,222.9 157.2,258.1 137.6,37.6 342,42.1 247.1,254.7 -77.5,173.2 -267.2,26 -365.8,86.6 -135.4,-111.5 -84.6,-220.4 -84.9,-314 -0.6,-93.9 -48.2,-202.3 46.4,-285.4zm4979.4 -6955.2c-119.8,-192.1 -333.1,-305.7 -311.8,-518.8 9.6,-98.2 -17.5,-210.6 123,-225.7 108.4,-11.6 193.9,16.5 190.1,157.4 -5.4,195.9 -1.3,391.4 -1.3,587.1zm15737.5 -417.9l972.1 0c-5.4,208.8 -426.6,92.9 -317.1,373.2 18.9,48.7 -113.3,77.4 -109.8,18 21.2,-396.5 -353.5,-167 -545.2,-391.2zm17699.4 572.6c-61.2,143.4 -113.5,299.3 -194.6,437.8 -25.1,42.5 -145.3,68.6 -193.9,45 -46.3,-22.7 -93.7,-135.2 -74.8,-181.9 59.9,-149.2 145.4,-289.7 234.7,-424.8 14.9,-23.4 102.8,-18.6 143.2,1 36.2,17.9 53.6,74.2 85.4,122.9zm-20590.8 -30614.1l0 305.9c-74.8,0 -173.5,30.7 -220.2,-6 -121.8,-94.7 -133.2,-487.6 -19,-595 32.6,-30 180.2,-6.2 190.4,22.5 38.5,111.1 43.2,233.8 48.8,272.6zm23132.9 52732.6c21.5,-183.4 -262.3,-268.1 -226.7,-491.2 115,-160 330.5,-128.6 398.8,-53.1l0 294.6c-71.2,83.3 -172.5,157.7 -172.1,249.7zm-8893.9 -19769.3l0 -619.3c205.3,-14.8 118.9,174.7 182.6,258.5 76.4,101.5 361.2,-1.6 275.9,246.2 -81.3,236.5 -305.5,68.6 -458.5,114.6zm309.9 7526.2c5.8,80.3 20.7,192.7 -118.4,209.9 -106.6,13.1 -199,-11.8 -192.6,-155.8 5.8,-126.8 -6.4,-254.6 6.7,-380.8 2.9,-30 69.9,-66.8 113.3,-77.2 76.6,-19 166.8,5.1 185.1,80.8 23.5,96.1 5.9,201.7 5.9,323.1zm-4024.4 7894.5c0,-173.9 -0.6,-348.2 0.3,-522.1 0.4,-103.8 4.4,-200.8 152.9,-196.6 205.5,5.3 176.1,165.4 149.2,267.2 -46.6,177.2 -137.4,342.9 -209.5,513 -31,-20.7 -61.9,-41 -92.9,-61.5zm-15013.2 -717.4c80.6,-217.9 -208.1,-336.6 -146.7,-549.5 128.3,-148.1 279,-11.6 387.9,-77 99.5,154.3 99.5,154.3 -241.2,626.5zm618.3 -1934.1c6.3,94.1 21.8,203.5 -110.4,229.9 -130.5,26.1 -337.3,-159.4 -352,-309.9 -14.5,-147.2 90.2,-147.2 193.3,-153.6 166,-10 313,-4 269.1,233.6zm19005.8 -585.9c-191.2,155.4 -260.2,-99.2 -388.7,-104.8 -178.2,-7.1 -206.4,-88 -202.9,-238.9 1.8,-76.6 3.8,-98.2 82.4,-77.9 118.5,30.4 314.8,-72 346.7,58.3 33.4,138.5 156.9,226.4 162.5,363.3zm-16682.9 -37112c0,85.3 17.6,167.2 -5.1,235.8 -25.1,76.1 -109.3,99.9 -185.9,81 -43.2,-10.7 -105.3,-44.1 -113.5,-78.2 -17.2,-71.9 -10.1,-151.4 -4.5,-227.1 10.2,-134.9 -67.7,-340.8 190.2,-306.7 192.3,24.7 94.2,195.6 118.8,295.2zm11767.2 48783.9c19.4,72.6 -56.3,113.6 -108.9,158.1 -97,81 2.7,351.3 -232.4,279.6 -233.6,-71 -123.8,-262.9 -88.9,-437.7l430.2 0zm-6659.7 8c0,221.4 11.1,444.4 -6.5,664.6 -5.8,70.8 -108,95.1 -185.5,79.5 -77.9,-16.2 -164.5,-81.5 -112,-149.6 139,-181.2 131.6,-401.9 304,-594.5zm-12587.4 -52360.1c103.9,-110 195.7,-162.6 197.5,-217.4 4,-147.4 28.2,-252 201.9,-226.6 136.5,20.2 111.5,132.2 117.5,230 8.8,143.6 -14.4,248.5 -192.3,233.1 -73,-6.5 -145.8,-8.9 -324.6,-19.1zm11859.7 2939.6c149,-120.4 251.6,-164.1 254.7,-213 7.6,-141.7 21.6,-252.8 198.9,-230.5 139.4,17.6 116.4,128.3 121.1,226.9 6.3,139.2 -7.3,251.1 -189,236.7 -72.8,-6 -146.1,-7.6 -385.7,-20.1zm-18104 -8823c-176.3,11.1 -248.7,14.2 -320.6,20.9 -175.3,16.3 -208.2,-80.6 -196.6,-228.9 7.5,-97.2 -19.4,-211.5 113.8,-233.3 169.1,-27.6 202.6,71.2 206.1,222 0.9,55.7 94.2,108.9 197.3,219.3zm28610.6 48234.7c-34.4,264.5 -16.7,402.5 -73.5,492.9 -63.5,99.7 -397,59.4 -417.7,-27.8 -49.2,-208.4 88.8,-232.9 245.8,-257 54.8,-8.2 100.2,-81 245.4,-208.1zm-4850.5 -23621.2c-412.1,-159.2 -248.3,-466.7 -244.7,-727.9 137.3,220.2 365.6,413.7 244.7,727.9zm-4928.4 -14377.8l0 -464.4c126,-20.5 152.9,143.4 238.9,147 149.4,7.7 257.4,36 221.5,205.3 -38.3,180.1 -198.4,94.6 -309.2,110.8 -49.7,7.2 -101.1,1.3 -151.2,1.3zm-18700.6 46563.7l0 -1046c57.2,28.3 122.7,45 123.1,63 6.3,325.5 4.5,651.3 4.5,977.2 -42.5,2 -85.1,3.8 -127.6,5.8zm16507.7 -49140.2c-194,49.4 -278.4,202.4 -346.7,383.9 -8,20.9 -150.5,26 -190.4,-8.7 -43.4,-37.2 -71.2,-142.1 -49.8,-195 50.5,-125.6 268.9,-194 586.9,-180.2zm-2628.9 -8947.7l0 853.4c-295,-492.9 -295,-492.9 0,-853.4zm2500 56279.8c0,221.7 10.9,444.1 -6.5,664.4 -5.3,71.4 -105.3,97.3 -183.3,81.7 -77.9,-15.8 -152.7,-62 -116.6,-150.6 80.1,-195.4 252.9,-357.5 114.9,-628.3 63.9,11.1 127.6,21.9 191.5,32.8zm-108 -27451.7c-179,-293 102.2,-481.8 160.5,-727.2 147.2,450.9 143.8,450.4 -160.5,727.2zm-5463.9 -12512.8c-171.5,12.7 -292.4,26.2 -303.5,-100.9 -9.6,-112.7 -65.7,-260.9 62.3,-339.3 82.4,-51.2 208.2,-36.3 235.4,77 27.6,117.2 5.8,246.1 5.8,363.2zm-5735.1 -452.2c504.5,-33.6 175.9,156.3 167,263.4 -13.8,165.8 -3.8,333.1 -52.8,499.6 -174.7,-244.9 -63.9,-515.4 -114.2,-763zm13939.4 -16919.6c-4.5,106 -5.1,204.6 -154.5,200 -206,-5.8 -148.4,-157.4 -154.8,-269.7 -5.8,-103.9 2.7,-201.4 151.8,-197.2 206.7,5.1 141,159 157.5,266.9zm-5062 62105.4c-91.5,12.7 -197.8,-15.8 -192.8,-79.7 10,-129.6 -110.5,-315.5 111.7,-380.2 75.5,-21.7 190.2,21.5 179.9,79.7 -24.5,128.4 129.8,318.8 -98.8,380.2zm7383.8 -17177.3c97.5,0 196.6,3.1 295.7,-0.9 126.2,-5.1 173.4,59.4 167,176.5 -7.6,140.1 -110.7,122.1 -208,136.7 -269.2,40.1 -274.1,-123.7 -254.7,-312.3zm-21353.5 16715.4c-12.7,-171.3 -26.2,-292.2 100.9,-303.3 112.9,-9.8 260.9,-65.9 339.3,61.9 51.2,82.6 36.3,208.8 -76.8,235.6 -117.6,27.6 -246,5.8 -363.4,5.8zm2083.6 -620.8c-142,19.8 -253.1,-9.1 -231.5,-187.7 16.9,-140.9 128.6,-116.5 227.9,-121.8 141.9,-8 255.9,11.1 233.8,191.3 -17.6,140 -127.5,126.4 -230.2,118.2zm30567 -18106.5l309.3 0c-17,42.8 -24.5,114.4 -53,124.2 -166.1,55.5 -35.6,500.8 -352.5,305.3 -261.4,-160.6 132.9,-266.8 96.2,-429.5zm-2792.9 16715.4c12.5,171.8 26,292.3 -100.9,303.4 -112.7,9.6 -260.9,66 -339.3,-61.8 -50.8,-82.9 -36.5,-208.5 77,-235.4 117.2,-28 246.3,-6.2 363.2,-6.2zm-26156.7 -1238.2c12.7,171.4 26.3,292.3 -100.9,303.3 -112.7,9.8 -260.9,65.9 -339.3,-61.7 -50.6,-82.6 -36.5,-208.7 77,-235.6 117.4,-27.6 246.3,-6 363.2,-6zm1298.9 285.2c-69.5,-147.1 -147.2,-291.7 -205.3,-442.8 -34.3,-89.3 38.5,-134.5 116.2,-150.6 77.3,-15.5 175.3,8.9 183.7,80.6 19.7,168.6 6.3,341.4 6.3,512.2 -33.6,0.2 -67.2,0.6 -100.9,0.6zm32043.6 -44237.6c121.4,-9.1 231.2,-23.4 248.7,116.9 22.5,179.7 -91.9,199.1 -233.5,191.5 -99.1,-5.6 -212.4,18.9 -227.6,-121.8 -18.9,-173.7 80.8,-218.6 212.4,-186.6zm-20877.1 8691.4c-123.6,-218.8 -72.8,-396.1 -69.1,-565.2 1.4,-68 105.4,-95.3 182.8,-79.8 77.5,15.9 150.3,61.3 116.2,150.3 -58.5,151.7 -136,296.1 -229.9,494.7zm-19571.2 -2503.7c-12.4,-171.6 -26.4,-292.5 100.9,-303.4 112.7,-9.4 260.7,-65.9 339.3,62.1 51,82.6 36.3,208.4 -77,235.5 -117.6,27.4 -246.2,5.8 -363.2,5.8zm16708.8 13309.3c0,-98 2.8,-197.1 -1,-296.1 -5.1,-126.1 59,-173.1 176,-167.2 140.5,8 122.6,111.3 136.9,208.3 40.1,269 -123.4,274.3 -311.9,255zm-10527.3 -13820.3c12.5,91.5 -16,197.6 -79.9,192.7 -129.4,-9.8 -315.3,110.4 -379.8,-111.4 -22.1,-75.5 21.5,-190.4 79.4,-179.9 128.3,24.3 318.9,-129.8 380.3,98.6zm-538.5 3788.5c-93.8,-198.9 -171.1,-342.9 -229.8,-494.5 -34.5,-89.1 39.1,-134.7 116.4,-150.5 77.1,-15.8 181.5,11.8 182.8,79.9 3.4,168.8 54.3,346.6 -69.4,565.1zm13210.5 -13183.2c58.6,6.4 330.3,358.7 302.9,407.9 -18.3,32.9 -82.7,53.2 -127,54.1 -158.5,4.4 -353.3,-249.7 -296.8,-390.3 14.3,-34.4 79.3,-48.2 120.9,-71.7zm-15458.5 -6750.6c9.6,121.8 23,231.5 -116.8,248.9 -180.2,22.5 -199.3,-91.7 -191.5,-233.8 5.3,-98.9 -19,-211.9 121.8,-227.3 173.4,-18.9 218.6,80.8 186.5,212.2zm5382.4 -218.5c240.9,10.3 184.4,163.7 191.5,276.3 6.2,106 -9.8,198.9 -155.4,193.8 -207.5,-6.9 -141.8,-161.9 -151.8,-273 -10.1,-109.3 18,-197.1 115.7,-197.1zm2360.8 30804.2c97.3,0 196.8,3.3 295.5,-0.9 126.4,-4.7 173.6,59.4 167.4,176.3 -7.8,140.7 -110.9,122.7 -208.2,136.9 -269.1,40.4 -274.1,-123.5 -254.7,-312.3zm5596.8 -67.3c243.2,323.8 251,574 0,887.1l0 -887.1zm13593.6 21426.3c-309.7,-28.7 -309.7,-28.7 -309.7,-464.3 309.7,28.7 309.7,28.7 309.7,464.3zm-16553.8 -46741.6c-12.6,-171.6 -26.4,-292.3 101.1,-303.4 112.7,-9.4 260.6,-65.9 339.2,61.9 50.7,82.6 36.4,208.6 -76.9,235.5 -117.7,27.8 -246.5,6 -363.4,6zm17954.9 32038.5c-150.3,9.4 -178.8,-88.8 -159.6,-192.4 35.2,-188.1 194.8,-102.4 305.2,-116.2 144.6,-17.4 171.5,88 152.4,190.8 -34.8,189.5 -196.2,93.8 -298,117.8zm-6818.2 -6346c206.2,-28 329.9,8.9 316.8,270.5 -12.9,259.4 -180.6,181.3 -316.8,193.5l0 -464zm-24146.2 -9983.9c20,142 -9.3,253.3 -187.9,231.7 -140.9,-17.1 -116.4,-128.7 -122,-227.9 -7.4,-141.9 11.5,-256.1 191.7,-233.8 139.8,17.6 126.4,127.3 118.2,230zm24146.2 10447.9c49.6,255.8 -165.7,401.2 -244.1,662 -62.8,-605.2 -62.8,-605.2 244.1,-662zm-20771.5 -10337.3c-58.5,135 -106.8,277.4 -183.2,403.2 -18,30.1 -135.2,22.3 -194.4,0 -90.4,-33.8 -79,-161.2 -48.7,-192.3 109.1,-110.3 179.7,-318.7 426.3,-210.9zm13030.5 27625.3c12.5,91.5 -16.2,197.8 -80.3,192.9 -129,-10.1 -314.9,110.4 -379.4,-111.8 -22.3,-75.5 21.5,-190.2 79.2,-179.7 128.3,24.5 318.8,-130 380.5,98.6zm24295.3 -16204.4c12.3,171.5 26.1,292.4 -101,303.5 -112.9,9.4 -260.8,65.9 -339.4,-62.1 -51.1,-82.2 -36.5,-208.4 76.9,-235.4 117.3,-27.6 246,-6 363.5,-6zm-40663.8 15951.9c177,165.2 84.4,347.4 98.9,509.2 12.7,138.5 -106.2,152.6 -201.3,131.6 -123.3,-26.9 -146,-188.8 -93.5,-223 153.6,-98.7 96.9,-292 195.9,-417.8zm6041 -7593.5l0 -945.2c198.9,155.5 93.8,337.4 111.1,493.7 17.4,152.7 4.1,309 4.1,463.3 -38.6,-3.8 -76.9,-7.8 -115.2,-11.8zm-9782.9 -19036.5c1.2,22.2 -31.1,38.1 -79.2,46.1l0 -356.3c42.5,31.4 73.5,179.7 79.2,310.2zm35639.7 11345.7c115.2,270.9 200.6,437 253,612.3 18.7,62.1 -57.2,133.3 -149.2,111.9 -45,-10.7 -116.4,-25.6 -124.5,-53.8 -56.7,-190.6 -35.4,-379.6 20.7,-670.4zm3432 752.7c-123.1,-218.8 -72.8,-396.3 -69.2,-565.1 1.7,-68.5 105.5,-95.3 182.8,-79.6 77.7,15.7 150.9,60.9 116.2,150.2 -58.1,151.5 -135.8,295.7 -229.8,494.5zm-16795.3 13032.8c9.6,122 23.4,231.5 -116.3,249.1 -180.3,22.3 -199.6,-91.9 -191.7,-233.8 5.2,-99.3 -18.9,-212.2 121.6,-227.5 173.5,-18.7 218.4,80.6 186.4,212.2zm22169.2 -831.9c165.9,194.4 112.2,370.7 112.5,540.2 0,26.3 -120.7,73.5 -185.5,72.1 -75.5,-1.3 -115.8,-58.3 -118.3,-151.2 -5.7,-188.8 339.1,-200.4 191.3,-461.1zm-32772.1 -11760.4c154,112.6 115.3,307.7 66.6,404.3 -74.7,148.5 352.4,303.5 14.2,348.2 -287.2,38.5 -120.4,-259.4 -146.7,-403.2 -20.1,-111.1 -55.5,-251.1 65.9,-349.3zm26012.8 -11315c120.1,200.4 65.7,378.5 63.5,547 -0.5,68.9 -100.8,98.5 -179.5,84 -79.5,-14.2 -153.3,-60.8 -118.9,-146.3 63,-159.6 148.3,-309.7 234.9,-484.7zm-29490.6 22601.9c9.5,150.2 -88.7,178.7 -192.9,159.4 -188.1,-35.2 -102,-194.4 -115.3,-304.8 -18.2,-144.6 87.5,-171.7 190.4,-152.6 189.4,34.5 93.5,196 117.8,298zm26237.2 -31412.2c-83.4,-73.7 -75,-114.2 -10.4,-145.6 143.6,-68.9 11.3,-402.1 318.6,-323.6 65.9,17 88.9,4.5 77.5,83.7 -37.2,250.3 -135.6,415.3 -385.7,385.5zm-3177.6 -19500.1c-98,0 -197.1,-2.9 -296.1,0.6 -125.8,5.4 -173.5,-58.9 -166.8,-175.8 7.5,-140.5 110.9,-122.5 207.9,-136.8 269,-40.3 274.3,123.4 255,312zm10363.7 40771.1c16.7,130.3 -8.6,238.9 -72.3,234.9 -130,-8.7 -314.4,108 -382.3,-108.9 -23.2,-73.9 9.1,-181.9 78.2,-183.7 132,-4 299.8,-74.8 376.4,57.7zm-1540.3 8292l0 -309.7c244.3,25.6 73.5,-268.1 247.8,-297.2 135.6,139.6 64,327.3 53,490.9 -12.2,186.2 -191.2,94.9 -300.8,116zm-465.7 -48444.1c-97.8,0 -197.3,-3.2 -296,0.9 -125.8,5.1 -173.6,-59 -166.9,-176.4 7.8,-140.1 111.1,-122.2 208.1,-136.7 268.8,-40.1 273.9,123.8 254.8,312.2zm-2287.6 41644.8c-5.7,-77.7 -9.8,-110.2 -7.8,-110.4 204,-39.2 21,-460.3 355.6,-361.2 35.6,10.7 84.6,76.4 79.3,108 -35.9,207.9 -145.2,348.9 -427.1,363.6zm3062.8 -12.1c0,-97.7 2.9,-197.2 -0.9,-295.9 -5.1,-126 59,-173.2 176.1,-167 140.5,7.8 122.1,111.2 136.6,207.8 40.5,269.2 -123.2,274.1 -311.8,255.1zm-7473.1 -11453.2c105.8,4.7 204.4,4.9 200,154.5 -5.8,205.8 -157.4,148.4 -270.1,154.8 -103.5,5.6 -200.8,-2.5 -197.1,-151.9 5.4,-206.8 159.3,-140.7 267.2,-157.4zm6234.8 -20119.2c77.7,-152.5 156.2,-305.5 233.5,-457.1 144.9,59.4 -11.8,328.8 230.9,302.1 -72.4,298.6 -311.9,96 -464.4,155zm-5481.5 14566.7c46.9,181.9 177.4,364.8 -69.5,444.5 -76.6,24.5 -146.5,-17.9 -173.5,-88.2 -83.2,-217.5 165.7,-239.2 243,-356.3zm10071.4 -25734.5c37,98.9 56.3,123.5 51.2,141.8 -32.3,122.2 100.7,319.5 -147.2,343.8 -41.8,4.2 -107.7,-15.8 -126.7,-46.6 -110.8,-179.9 54.2,-257.6 145.9,-361.8 16.3,-18.6 35,-35.3 76.8,-77.2zm-15497.2 45686.4c-41.5,-41.6 -59.9,-59 -77.1,-77.3 -95.3,-103.3 -259.1,-189.7 -106.2,-361.1 24.9,-27.8 94,-38.1 134.7,-27.2 221.1,60.6 85.1,245.2 119.6,372.3 3.5,13.8 -27.4,36.9 -71,93.3zm-5694.1 -28811.2c28,100.2 44.1,124.9 38.9,144.8 -29.4,122.6 96,321 -155.2,335.9 -41.8,2.5 -107.5,-20.5 -124.7,-52.1 -99.5,-181.6 66,-257.6 157.2,-361.5 14.7,-16.7 35.2,-28.3 83.8,-67.1zm-6227.8 -4624c-96.2,-257.8 -96.2,-515.7 0,-773.9 96.4,258.2 96.4,516.1 0,773.9zm-14986.1 -1488.5c0,-204.6 5.1,-298.8 -1.5,-392.5 -6.9,-94.4 44.3,-136.5 122.9,-146.5 44.3,-6 117.5,1.1 133.3,27.6 33,58.8 71.8,151.6 47.7,197.8 -45.2,84.6 -134.5,145.3 -302.4,313.6zm10008 39227.5c-27.4,-425.2 -27.4,-425.2 497.6,-380.7 -266.9,100.6 -455.5,179.5 -497.6,380.7zm5383.5 -10219.5l0 -749.9c179.3,457.2 179.3,457.2 0,749.9zm2896.5 13214.7l0 720.2c-177.4,-232 -108.2,-479.5 0,-720.2zm4762.3 -15025.9c-51,-51.4 -85.3,-88.4 -122.2,-121.4 -94.4,-85 -182.8,-175.4 -92.6,-309 20.9,-31 83.7,-47.5 126.9,-47.5 203.7,0.7 144.4,159.3 146,269 0.5,65.7 -35.6,132.3 -58.1,208.9zm-1795.7 18711.6l0 -464.2 309.7 0c24.7,240.2 -65.4,403.7 -309.7,464.2zm-17488.6 -33598.4c6.6,131.2 -63.9,173.7 -177.1,167.2 -137.6,-7.7 -150,-110.4 -129.7,-205.2 26.7,-123.6 137.3,-100.9 232.6,-105.6 149.7,-7.3 37.2,105.3 74.2,143.6zm31948.5 25101.1c-87.5,-181.9 -106,-326.1 -7.5,-449.2 26.5,-33.4 133.6,-19.6 197,-2.3 75,19.6 72.8,70.4 0.5,101.6 -140.1,61.4 -60.6,229.5 -190,349.9zm-22340.6 -14.6c-131.2,6.6 -173.7,-63.9 -167.1,-177.5 7.6,-137.1 110.3,-149.4 205.3,-128.9 123.6,26.2 100.7,137.2 105.6,232.2 7.1,149.9 -105.6,36.8 -143.8,74.2zm5275.4 1054.7l0 -692.5c186.7,303.5 119.2,500.3 0,692.5zm4333.5 2.2l0 -689.3c188.8,297 117.8,494 0,689.3zm-12864.1 -284.3c90.2,-17.9 135.4,42.7 144.2,119.8 11.8,105.7 -10.9,192.5 -153.8,193.7 -95.7,0.6 -141.2,-45 -150.3,-122.7 -12.4,-106.2 12.9,-200 159.9,-190.8zm15941.4 0c90.6,-17.9 136,42.7 144.3,119.8 12,105.7 -10.7,192.5 -153.6,193.7 -96,0.6 -141.2,-45 -150.1,-122.7 -12.5,-106.2 12.7,-200 159.4,-190.8zm-7720 620.9c-96,-2 -183.2,-14.4 -183.9,-158 -1.1,-95.3 44.7,-141.4 122.2,-149.9 105.5,-11.8 192.6,10.9 193.5,153.8 0.4,95.1 -44.1,131.6 -131.8,154.1zm24285.8 -0.4c-131.2,6.7 -173.5,-64.1 -167,-177.5 7.7,-137.3 110.2,-149.6 205.3,-129.3 123.7,26.3 101,137.8 105.7,232.4 7.3,150.1 -105.7,37 -144,74.4zm-20008.2 127.1l-697.4 0c310.9,-183.7 510.1,-95.5 697.4,0zm8363.2 -8487.5c130.9,6.3 174.1,50.8 179.3,134.7 11.5,180.2 -106.5,176.8 -236,179 -148.1,2.5 -61.7,-100.6 -69.7,-150 -20.9,-126.3 61.4,-164.8 126.4,-163.7zm-6965 0c130.9,6.3 174.2,50.8 179.5,134.7 11.6,180.2 -106.6,176.8 -236,179 -148.1,2.5 -61.3,-100.6 -69.7,-150 -20.9,-126.3 61.2,-164.8 126.2,-163.7zm-16690.2 164.4c17.8,90.4 -42.9,135.8 -120.2,144.2 -105.3,11.6 -191.9,-10.7 -193.3,-153.8 -0.8,-95.6 45,-141.2 122.7,-150.3 106.2,-12 199.7,12.9 190.8,159.9zm15025 -32045c-131.3,6.7 -173.9,-64.1 -167.2,-177.5 7.6,-137.4 110.2,-149.6 205.5,-129.3 123.6,26.3 100.6,137.4 105.3,232.7 7.6,149.8 -105.3,36.9 -143.6,74.1zm-7440.1 -180.3c-5.8,130.9 -50.6,174.1 -134.9,179.6 -179.9,11.8 -176.6,-106.6 -178.6,-236 -2.4,-147.6 100.9,-61.4 149.6,-69.9 126.7,-20.9 165.5,61.5 163.9,126.3zm-2013 12.2c6.7,131.4 -64.1,173.6 -177.5,167.4 -137.5,-8 -149.4,-110.4 -129.3,-205.5 26.9,-123.6 137.3,-101.1 232.6,-105.5 149.7,-7.6 37,105.5 74.2,143.6zm-10834.2 0c6.6,131.4 -63.5,173.6 -177.1,167.4 -137.6,-8 -149.8,-110.4 -129.1,-205.5 26.1,-123.6 137.1,-101.1 231.8,-105.5 150,-7.6 37.4,105.5 74.4,143.6zm10834.4 40749.8c-23.4,80.1 -58.1,127.1 -153.8,126 -142.8,-1.1 -165.5,-88 -153.7,-193.3 8.5,-77.7 54.3,-123.4 150.1,-122.7 143.4,1.2 155.6,88.2 157.4,190zm18727.5 -8885.7c-1.8,101.8 -14.2,188.9 -157.6,189.8 -95.6,0.6 -141.6,-45 -149.9,-122.5 -11.6,-105.6 10.9,-192.2 153.7,-193.5 95.9,-1.1 130.2,45.7 153.8,126.2zm-12996.9 9192.9c13.6,68.6 -47,113.8 -124.4,122.5 -105.4,11.8 -192,-11 -193.3,-153.9 -1.1,-95.9 44.8,-140.5 122.5,-150.5 108.9,-14.2 194.4,19.4 195.2,181.9zm4640.3 255.4c-6.6,130.7 -51.4,174.1 -135.1,179.4 -180.1,11.8 -176.6,-106.4 -179,-236 -2.5,-147.8 100.8,-61.7 150,-69.6 126.3,-21.4 165.5,60.9 164.1,126.2zm16102 643.2c90.4,-17.8 135.6,42.5 144.5,119.8 11.6,105.5 -11.4,192.2 -154.1,193.5 -95.7,0.7 -141.2,-45.2 -150,-122.2 -12.3,-106.7 12.4,-200 159.6,-191.1zm-36917.3 -36331.7c-121.8,-238.6 -96.2,-441.7 -23.8,-700 145.9,252.7 128.7,455.4 23.8,700zm10475.4 -6229.3c-102,-1.8 -189.1,-14.5 -190.2,-157.7 -0.2,-96.1 45,-141.5 122.7,-150.2 105.7,-11.8 192.6,10.7 193.5,154 0.9,95.6 -45.7,130.1 -126,153.9zm-6984 34513.9c-131.3,6.9 -173.6,-63.8 -167.2,-177.4 7.8,-137.4 110.3,-149.6 205.1,-129.1 124,26.5 101.3,137.5 106,232.4 6.9,149.8 -106,37.2 -143.9,74.1zm13298.2 -3103.9c9.1,147.3 -84.6,172.1 -190.7,160 -77.6,-9.1 -123.7,-54.5 -122.4,-150.5 1.3,-142.7 87.7,-165.4 193.5,-153.6 77.2,8.4 137.2,53.6 119.6,144.1zm637.6 11920.3c93.1,27.6 140.1,62.5 139,158.1 -1.4,142.7 -88,165.2 -193.5,153.8 -77.5,-8.7 -121.8,-54.5 -122.7,-150.2 -1.1,-146.6 94,-148.6 177.2,-161.7zm21512.4 -12103.2c71,-147.1 135.9,-282 201.1,-417.7 185,91.4 97.7,266.6 78.4,378.3 -29,165.7 -167.5,59.9 -279.5,39.4zm-39607.8 -24726.8c-102.1,-1.8 -189,-14 -189.9,-157.8 -0.8,-95.6 44.6,-141.4 122.5,-149.9 105.7,-11.4 191.9,11.1 193.3,153.9 0.9,95.5 -45.7,130 -125.9,153.8zm35497.4 37925c-145.5,-119.6 -87.5,-270.5 -65.4,-404.3 5.3,-31.7 121.8,-64.6 184.1,-60.2 48.8,3.4 161.7,75.8 42.3,123.4 -175.2,69.7 -6.4,278.5 -161,341.1zm-32271.4 -44890.2c-147.1,9.4 -172,-84.2 -159.6,-190.8 8.7,-77.7 54.3,-123.4 149.9,-122.5 143.3,1.4 165.6,87.8 153.8,193.5 -8.7,77.1 -53.9,137.8 -144.1,119.8zm14153.8 44530c109.1,250.6 109.1,457 0,707.3 -108.8,-250.3 -108.8,-456.7 0,-707.3zm-15408.4 -13137.4c-214.2,-340 -99.3,-529.9 -190.1,-812.7 306.6,260.1 161,464 190.1,812.7zm-602.7 -748.6c90.2,-18 135.4,42.6 144.1,120 11.5,105.4 -10.7,192 -153.7,193.3 -95.7,0.9 -141.3,-45 -150.3,-122.4 -12,-106.3 12.9,-199.8 159.9,-190.9zm23549.5 -774.3c80.1,23.5 127.1,58.1 126.2,153.6 -1.1,143.1 -87.9,165.8 -193.5,154.1 -77.5,-8.9 -123.1,-54.2 -122.4,-150.3 0.9,-143.2 88.3,-155.5 189.7,-157.4zm13743.8 -31100.8c17.6,90.5 -42.8,135.7 -119.8,144.1 -105.7,12.2 -192.3,-10.5 -193.7,-153.6 -1.1,-95.8 44.6,-141.4 122.7,-150.3 106.2,-12 199.9,12.9 190.8,159.8zm-24143.3 -32.2c-6.4,130.7 -51,174.1 -134.9,179.4 -180.1,11.6 -176.8,-106.4 -178.8,-236 -2.7,-148 100.4,-61.7 149.9,-69.5 126.2,-21.1 165,61.3 163.8,126.1zm22895.4 31133c82.6,-153.2 163.6,-302.9 274.3,-508.6 40.9,290.8 171.8,560.2 -274.3,508.6zm-1382 -22620.6c-6.5,130.9 -51,174.1 -134.8,179.5 -180.3,11.8 -177,-106.7 -178.8,-236 -2.9,-147.9 100.7,-61.7 149.7,-69.8 126.4,-20.9 165.2,61.5 163.9,126.3zm-22134.6 40575.2c12.7,-135.2 -65.8,-340.9 192.4,-305.3 189,26.3 96,195.7 117.3,305.3l-309.7 0zm3122.5 -12566.5l0 -697.6c183.3,311.1 95.5,510.1 0,697.6zm2419.6 12875.1c-199.5,-197.5 -86.8,-402.8 -76.4,-605.2 172.1,198 56.8,402.8 76.4,605.2zm469.5 -310.2c130.7,6 173.9,50.8 179.5,134.3 11.6,180.3 -106.9,177.2 -236,179.2 -147.8,2.3 -61.5,-100.6 -69.5,-149.8 -21.4,-126.3 60.8,-165.2 126,-163.7zm11032.4 620.6c-158.3,9.6 -183.2,-83.7 -170.9,-190.2 8.8,-77.7 54.3,-123.3 150.2,-122.2 143,1.1 166.4,87.9 153.5,193.2 -9.2,74.4 -47.9,145 -132.8,119.2zm10668.2 -19656.6c33,-6.5 59.9,-2.6 81.3,8.7l0 286.4c-22.6,11.4 -52.3,17.9 -90.6,18.2 -96,0.8 -141.6,-44.6 -150.6,-122.3 -12,-106.4 12.9,-199.9 159.9,-191zm-16593.2 5880c131,6.2 174.2,51 179.5,134.7 12,180.1 -106.6,177 -236.2,179.2 -147.4,2.2 -61,-101 -69.5,-150 -20.9,-126.5 61.3,-165.2 126.2,-163.9zm954.4 14118.3c-23.6,80 -58.4,127 -153.7,125.8 -143.2,-1.3 -166.1,-87.5 -154,-193.4 8.4,-77.5 54.1,-123 150.2,-122.5 143.2,1.1 155.7,87.9 157.5,190.1zm13947.5 122.7c-158.1,9.8 -183.4,-83.9 -171,-190.3 8.7,-77.5 54.8,-123 150.1,-122.5 143,1.3 166.6,87.9 153.8,193.5 -9.5,74.1 -48,145.2 -132.9,119.3zm910.2 -12704c6.9,131.3 -63.7,173.4 -177,167.2 -137.4,-7.6 -149.8,-110.3 -129.6,-205.5 26.7,-123.4 137.6,-100.9 232.5,-105.4 149.8,-7.3 37.2,105.4 74.1,143.7zm-38410.1 12732.1l0 692.7c-186.8,-303.7 -119.1,-500.4 0,-692.7zm10086.3 107.8c9.4,158.3 -84.1,183.4 -190.7,171 -77.5,-9 -123.2,-54.2 -122.3,-150.3 1.4,-142.8 88.4,-166.4 193.7,-153.5 74.2,9.2 144.7,47.9 119.3,132.8zm24002.2 -14064.8c-130.9,6.9 -173.5,-63.8 -167.2,-177.4 8,-137.4 110.6,-149.6 205.4,-129.1 123.8,26.5 100.9,137.5 105.8,232.4 7.2,149.8 -105.8,37.2 -144,74.1zm-476.9 14547.9c-135.2,-12.7 -341,65.9 -305.3,-192.2 26.2,-189.2 195.7,-95.7 305.3,-117.3l0 309.5zm-27549.5 -41323.1c0,-74.6 0.7,-148 -0.4,-221.7 -1.3,-121 -17.6,-252.1 168.5,-243.8 23.4,1.1 55.9,-4.7 69.3,8 148.9,142.7 -106.6,159.2 -86.2,272.7 18.7,103.5 -16.7,191.9 -151.2,184.8zm4720.3 42141.1c-108.7,-250.4 -108.7,-456.8 0,-707.3 109.5,250.5 109.5,456.9 0,707.3zm17257.5 -663c-12.9,135.3 65.5,340.9 -192.6,305.2 -188.6,-26.2 -95.9,-195.3 -117.1,-305.2l309.7 0zm5108.5 128.6c-1.8,96 -14.2,183.1 -158,184.4 -95.4,0.4 -141.5,-45.2 -149.9,-122.7 -11.4,-105.7 10.7,-192.6 153.9,-193.5 95,-0.4 131.7,44.3 154,131.8zm-31108.5 310.9c-6.4,130.9 -50.9,174.3 -134.9,179.7 -180.3,11.8 -176.8,-106.7 -178.8,-236.3 -2.7,-147.4 100.6,-61.2 149.9,-69.5 126.4,-21.1 165.2,61.3 163.8,126.1zm32068.1 -21797.2c-102.1,-2.2 -189.2,-14 -190.3,-157.8 -0.4,-95.6 44.8,-141.5 122.5,-149.7 106.1,-11.8 192.7,10.9 193.6,153.4 1,95.8 -45.6,130.5 -125.8,154.1zm-11168 -0.4c-146.7,8.9 -172,-84.6 -160,-190.8 9.1,-77.6 54.7,-123 150.3,-122.5 142.9,1.1 166.1,87.7 154,193.5 -8.7,77.2 -53.9,137.4 -144.3,119.8zm-10247.3 -312.4c130.7,6.6 173.9,51.4 179.3,134.9 11.8,180.3 -106.5,177 -236,179.4 -147.9,2.3 -61.7,-101 -69.5,-150 -21.2,-126.5 60.8,-165.2 126.2,-164.3zm-748.7 164.5c17.7,90.6 -42.4,136.1 -119.8,144.3 -105.6,12 -192.4,-10.7 -193.7,-153.8 -0.5,-95.6 44.9,-141.4 122.6,-150.1 106.4,-12.1 199.8,12.9 190.9,159.6zm-10672.2 147.9c-147.2,8.9 -171.7,-84.6 -159.7,-190.8 8.9,-77.6 54.4,-123 150.1,-122.5 143.2,1.1 165.4,87.7 153.7,193.5 -8.5,77.2 -53.9,137.4 -144.1,119.8zm-3566.5 -433.1c-23.6,80.2 -58.3,126.9 -153.8,126.3 -142.9,-1.4 -165.7,-88 -153.9,-193.6 8.3,-77.7 54.2,-123.1 150.1,-122.6 143.8,0.7 155.9,88.1 157.6,189.9zm30462 24266.2c-194,-197.5 -94.9,-402.2 -131.6,-709.9 248.2,302.4 91.5,508.6 131.6,709.9zm-26574.9 1.1c-158.3,9.6 -183.2,-83.7 -170.8,-190 9,-77.7 54.3,-123.3 150.3,-122.4 142.8,1.1 166.3,88 153.4,193.2 -9.3,74.4 -47.9,145.2 -132.9,119.2zm19810.9 0c-157.9,9.6 -182.8,-83.7 -170.8,-190 9,-77.7 54.2,-123.3 150.3,-122.4 142.7,1.5 166.4,88 153.6,193.2 -9.5,74.4 -48.2,145.2 -133.1,119.2zm619 -314.2c93.3,27.4 140.3,62.1 139.2,157.7 -1.2,143.1 -87.8,165.4 -193.5,154 -77.7,-8.6 -122,-54.7 -122.5,-149.8 -0.9,-147.4 94,-149 176.8,-161.9zm15150.1 191.5c-23.2,80.2 -58.1,127.3 -153.8,126.2 -142.8,-1.5 -165.5,-88.1 -153.9,-193.5 8.5,-77.6 54.3,-123.3 150.3,-122.8 143.4,0.8 155.4,88.3 157.4,190.1zm-22830.1 1250.2c-108.8,-250.3 -108.8,-456.4 0,-707.2 108.9,250.8 108.9,456.9 0,707.2zm-19669.3 -57900.7c148.4,182.6 53.9,372.1 122.1,644.6 -294.1,-249.4 -148.3,-453.5 -122.1,-644.6zm24855.3 13314c-23.6,80.3 -58.3,126.9 -153.8,126.4 -143.1,-1.7 -165.7,-88.1 -154.1,-193.5 8.9,-77.6 54.6,-123.3 150.3,-122.9 143.6,0.9 155.9,88.2 157.6,190zm11619.6 17767.8c-131.2,6.7 -173.7,-63.9 -167.4,-177.5 8,-137.5 110.6,-149.5 205.7,-129.1 123.6,26.1 100.9,137.2 105.5,232.2 7.4,149.9 -105.5,37.2 -143.8,74.4zm-11929.5 -168.1c6.7,131.2 -63.9,173.5 -177.4,167.2 -137.4,-7.6 -149.4,-110.2 -129.2,-205.3 26.3,-123.8 137.6,-101 232.5,-105.7 149.6,-7.4 36.9,105.7 74.1,143.8zm129.4 -453.5c131.1,5.8 174.1,51 179.7,134.5 11.5,180.3 -106.7,177 -236.1,179.2 -148.2,2.2 -61.8,-101.1 -69.9,-149.8 -20.9,-126.7 61.5,-165.1 126.3,-163.9zm-16995.3 28045.4c13.6,68.6 -47.1,113.8 -124.4,122.3 -105.3,11.8 -191.9,-10.9 -193.3,-153.7 -1.1,-96.1 45,-140.5 122.5,-150.7 108.9,-14 194.4,19.4 195.2,182.1zm23057 -55.8c-1.6,96.1 -14,183.2 -157.6,184.1 -95.6,0.6 -141.6,-44.8 -150.1,-122.5 -11.8,-105.5 11.1,-192.4 153.8,-193.5 95.3,-0.2 131.9,44.4 153.9,131.9zm-10757.7 -44194.9c-108.8,-250.5 -108.8,-456.9 0,-707.4 109.1,250.5 109.1,456.9 0,707.4zm-19552.6 45150.7c-95.9,-1.8 -183.2,-14 -184.1,-157.6 -0.7,-96 44.9,-141.9 122.6,-150.3 105.6,-11.6 192.6,11.3 193.5,154.1 0.3,94.8 -44.5,131.3 -132,153.8zm35590.3 -315.3c93.3,27 140.4,62.1 139.3,157.7 -1.1,142.9 -87.9,165.6 -193.5,153.8 -77.6,-8.5 -121.8,-54.6 -122.4,-150 -1.4,-147 93.9,-148.6 176.6,-161.5zm3076.8 -17794.1c12.7,-135.4 -65.7,-341.5 192.3,-305.5 189.1,26.3 95.8,195.5 117.4,305.5l-309.7 0zm-24590.1 18412.9c93.2,27.4 140.2,62.1 139.5,157.6 -1.7,143.2 -87.9,165.9 -193.7,154.3 -77.7,-8.9 -122,-54.6 -122.8,-150.3 -1.2,-146.7 94.1,-148.9 177,-161.6zm25828.9 -45665.7c6.9,131.3 -63.7,173.6 -177,167.2 -137.8,-7.6 -149.8,-110.2 -129.4,-205.5 26.5,-123.4 137.6,-100.9 232.3,-105.5 149.8,-7.4 37.2,105.5 74.1,143.8zm-30050.9 14559.4c130.7,6 174.1,51 179.5,134.5 11.3,180.1 -106.7,177.4 -236.3,179.2 -148,2.3 -61.6,-101 -69.6,-150 -20.8,-126.3 60.8,-165 126.4,-163.7zm32449.5 355.4c-109.1,-250.5 -109.1,-457.1 0,-707.2 108.7,250.1 108.7,456.7 0,707.2zm-10438.8 -793.4c213.8,341.2 100,531.1 189.7,813.4 -305.9,-259.4 -160.1,-463.4 -189.7,-813.4zm-21131.4 -12831.6c-122.2,-238.2 -95.8,-441.5 -23.6,-699.6 145.4,253 128,455.6 23.6,699.6zm16206.8 45509c78.3,144.3 103.5,261.7 106.7,364.5l-141.8 0c4.6,-102.3 24.2,-220.8 35.1,-364.5zm13117 364.5c7.3,-96.1 33.8,-193.4 79.4,-298.7 45.8,105.3 72.3,202.6 79.7,298.7l-159.1 0zm-1090.6 -63555.4c446.1,-51.7 315.4,217.8 274.7,508.5 -110.5,-205.5 -191.9,-355.5 -274.7,-508.5zm-35665.8 30533.2c-109.3,-250.3 -109.3,-457.1 0,-707.4 108.7,250.3 108.7,457.1 0,707.4zm13306.8 -12465.2c122.2,238.4 95.8,441.5 24,699.8 -146,-252.7 -128.6,-455.3 -24,-699.8zm12308.6 186.5c9,146.6 -84.5,171.7 -190.8,159.3 -77.9,-8.5 -123.1,-54.2 -122.6,-149.9 1.3,-143.1 87.9,-165.7 193.5,-153.8 77.4,8.6 137.6,53.6 119.9,144.4zm-4951.3 10971.7c-6.6,131.1 -51,174.3 -135.1,179.6 -180.1,11.6 -176.6,-106.6 -178.6,-236 -2.9,-148.2 100.4,-61.8 149.6,-69.7 126.3,-20.9 165.5,61.1 164.1,126.1zm14702.4 -30033.1c-1.6,101.8 -14.2,189.2 -157.4,189.9 -96,0.7 -141.6,-45 -150.3,-122.7 -11.8,-105.5 11.1,-192.1 153.8,-193.5 95.5,-1 130.3,46.1 153.9,126.3zm-22744.8 19223.1c90.2,-17.6 135.4,42.7 143.9,120 11.7,105.5 -10.3,192.1 -153.5,193.3 -95.9,1.1 -141.3,-45 -150.3,-122.5 -12,-106.2 12.9,-199.7 159.9,-190.8zm24602.1 10028.9c-1.9,101.8 -14.4,188.8 -157.4,189.7 -96.1,0.7 -142,-44.5 -150.2,-122.2 -11.8,-105.8 10.7,-192.6 153.8,-193.3 95.7,-0.9 130.2,45.7 153.8,125.8zm-27209.1 -124c80.1,23.8 126.7,58.3 126.2,153.9 -1.5,142.9 -88.1,165.6 -193.5,154 -78.1,-8.4 -123.3,-54.5 -122.7,-150.3 1,-143.1 88,-155.4 190,-157.6zm11607.9 2.2c-101.9,-2.2 -188.8,-14 -189.7,-157.8 -0.9,-95.6 44.8,-141.6 122,-149.9 106,-11.6 192.6,11.1 194,153.7 0.7,95.7 -46.1,130.4 -126.3,154zm-24632.9 -620.7c89.8,-17.9 135.6,42.5 143.7,119.5 12,106.2 -10.3,192.6 -153.6,194 -95.6,0.6 -141,-45 -149.9,-122.5 -12.3,-106.4 12.5,-200.2 159.8,-191zm7607.9 -464.9c80.1,23.8 126.7,58.5 126.2,154 -1.5,142.8 -87.9,165.5 -193.9,153.9 -77.5,-8.5 -122.9,-54.5 -122.3,-150.5 1.1,-143.2 88.2,-155.6 190,-157.4zm-6989.1 311.2c-146.9,9 -171.9,-84.6 -159.8,-190.8 8.9,-77.4 54.5,-123.6 150.2,-122.6 143,1.3 165.7,88.1 153.9,193.6 -8.7,77.3 -53.9,137.9 -144.3,119.8zm28780.9 -7906.6c6.5,131.4 -63.9,173.5 -177.3,167.3 -137.3,-7.8 -149.6,-110.2 -129.3,-205.5 26.1,-123.6 137.4,-100.9 232.2,-105.4 149.9,-7.7 37.2,105.4 74.4,143.6zm5391.9 -143.8c130.7,5.8 174,50.8 179.3,134.5 11.6,180.3 -106.5,177.2 -236.2,179 -147.7,2.5 -61.5,-100.9 -69.5,-149.6 -21.2,-126.7 61,-165.5 126.4,-163.9zm-17464.3 22586c6.7,131 -63.9,173.1 -177.2,166.8 -137.6,-7.6 -149.7,-110.2 -129.4,-205.1 26.5,-123.7 137.4,-100.8 232.2,-105.5 149.9,-7.5 37.6,105.5 74.4,143.8zm17879.2 -31367.1c-121.8,-238.5 -95.8,-441.6 -23.6,-700.1 146,253.2 128.2,456 23.6,700.1zm-16415.7 15466c109.8,185.9 106.4,374.3 25.4,636.3 -156.4,-246.4 -85.1,-443 -25.4,-636.3zm-16554.6 -72.3c109,250.7 109,457.1 0,707.6 -108.9,-250.5 -108.9,-456.9 0,-707.6zm7042.4 -265.4c209.3,195.9 209.3,423.7 0,619.2l0 -619.2zm936.3 17953.5c90.1,-18.1 135.4,42.5 144,119.5 11.9,105.8 -10.6,192.6 -153.6,193.6 -95.7,0.6 -141.2,-45 -150.3,-122.5 -12,-106.2 12.9,-200 159.9,-190.6zm5719.7 142.5c6.5,131.1 -64.3,173.4 -177.5,167 -137.3,-7.4 -149.4,-110.2 -129.5,-205.3 26.5,-123.3 137.8,-100.9 232.6,-105.6 149.9,-7.1 37.2,105.6 74.4,143.9zm8047.8 -1857.2c7.3,131 -63.7,173.1 -177,166.8 -137.6,-7.6 -149.9,-110.2 -129.4,-205.1 26.2,-123.7 137.3,-100.8 232.4,-105.5 149.7,-7.5 37.2,105.5 74,143.8zm-17334.6 -16540.3c18,90.1 -42.5,135.6 -119.8,143.8 -105.5,11.8 -192.1,-10.4 -193.3,-153.6 -1.1,-95.7 44.6,-141 122.7,-150.3 105.8,-11.8 199.5,12.9 190.4,160.1zm-7655.9 -8531.2c125.3,-17.8 59,127.4 70.8,199.3 13.3,81.5 216.2,462.3 97.1,594.7 -24.7,27.6 -58.4,-38.9 -102.5,-47.4 -10.9,-2 -44.5,4.5 -65.4,62.4l0 -809zm37379.7 3571.2c-147.4,9.3 -172.1,-84.6 -159.9,-191.1 9.1,-77.5 54.6,-123.3 150.1,-122.2 142.9,1.3 165.7,88 153.8,193.5 -8.6,77.2 -53.8,137.4 -144,119.8zm-28794.5 4674.3c-23.6,80.4 -58.5,127.1 -154,126.1 -143.2,-1.2 -165.5,-87.6 -153.7,-193.3 8.1,-77.7 54.3,-123.2 150.3,-122.5 143.2,0.9 155.6,88.4 157.4,189.7zm14328.8 94.7c-148.9,-182.8 -54.1,-372.5 -122.2,-644.6 294.1,249.4 148.2,453.5 122.2,644.6zm2695.6 16736.3c9,146.9 -84.4,172 -190.6,160 -77.7,-9.3 -123.5,-54.7 -122.6,-150.7 1.3,-142.9 87.7,-165.6 193.4,-153.4 77.3,8.2 137.7,53.6 119.8,144.1zm13464.9 936.2c-47,-253.6 56.3,-356.7 309.3,-309.9 47,253.6 -56.4,356.9 -309.3,309.9zm-5563.2 -18264.4c-445.7,51.7 -315,-217.7 -274.3,-508.5 110.9,205.7 191.9,355.6 274.3,508.5zm-11045.7 -439.2c98.4,106.8 45.6,239.1 40.5,354.8 -2.9,69.5 -99.1,100.2 -177.4,84.6 -180.8,-35.3 -110.5,-124.9 -20.5,-173.6 114.4,-61.9 -38.8,-261.8 157.4,-265.8zm21716.3 21006.3c9.6,158.1 -83.9,183.2 -190.6,170.8 -77.2,-8.7 -123.1,-54.2 -122.2,-150.3 1.3,-142.5 88.4,-166.2 193.7,-153.2 74.2,9.1 144.7,48 119.1,132.7zm-1230.6 -3386.8c90.6,-17.6 135.9,42.7 144.1,120 12.2,105.6 -10.7,192 -153.4,193.3 -96,0.7 -141.6,-44.8 -150.7,-122.3 -11.8,-106.4 13.1,-199.9 160,-191zm-41454.9 -20892.5c-101.9,-2.1 -188.8,-14.3 -189.9,-157.7 -0.7,-95.9 44.8,-142 122.2,-150.1 106,-12 192.6,10.7 193.8,153.7 1.1,95.7 -45.9,130.2 -126.1,154.1zm31922.3 2193.5c110,186 106.7,374.5 25.6,636.1 -156.5,-246 -85.2,-442.4 -25.6,-636.1zm-21892.9 158.6c-23.6,80.5 -58.3,127.1 -153.9,126.2 -143.1,-1.3 -165.6,-87.9 -153.8,-193.3 8.2,-77.5 54.3,-123.3 150,-122.6 143.5,0.8 155.9,87.9 157.7,189.7zm32688 -185.5c-102,-2.2 -188.8,-13.8 -189.7,-157.7 -0.9,-95.5 44.9,-141.6 122.6,-149.8 105.4,-11.8 191.7,10.9 193.3,153.6 0.7,95.6 -45.9,130.5 -126.2,153.9zm-42848 -1834.2c151.1,10 84.1,129.8 98.4,208 14.4,79.6 216.2,77.9 94.3,209.2 -25.1,27.2 -93.9,30.1 -137.8,20.7 -131.3,-28.2 -117.5,-135.6 -110.2,-232.8 5.2,-70.4 -32.9,-152.6 55.3,-205.1zm5328.7 1848.7c-153,-88.6 -116,-171.2 -121.8,-241.6 -7.2,-84.8 -215.8,-78 -99.1,-210.9 24.3,-28 91.9,-31.6 136.3,-25.1 136.5,21.1 123.8,128.7 116,226.8 -4.9,69.7 -16.9,138.6 -31.4,250.8zm845.6 -1427l-594.2 0c-69.7,-53.5 -58.2,-122.5 0.4,-117.6 189.7,16.1 425.9,-129.5 593.8,117.6zm20754 310.6c-102.4,-117.1 -52.5,-248.5 -46.3,-364.3 4,-69 103.6,-97.7 180.4,-81.3 185.5,39.7 99.5,126.5 15.6,176.2 -104.9,62.6 28.2,253.4 -149.7,269.4zm5440.5 26814.2c-104.2,-184.6 -104.2,-321.8 -0.4,-505.2 99.3,169.7 112.7,307.3 0.4,505.2zm-28946.2 -9905.1c-97.1,-188.4 -104.5,-325.8 6.4,-506.1 91.5,171.7 114.2,309.3 -6.4,506.1zm17836.6 -2993.1c-138.7,-132.7 -138.7,-269.4 -41.9,-439.8 152.6,150.3 33.7,305 41.9,439.8zm-21357.4 -462.1c-258.1,239.6 -409.3,224.7 -570.9,117.4 128.5,-173 308.6,-52.8 570.9,-117.4zm19005.5 21676.1c97.3,188.1 104.5,325.1 -6.4,505.7 -91.5,-171.3 -113.8,-309.3 6.4,-505.7zm-9398.8 -22688c-128.5,143 -265.6,135.6 -444.9,43 155.9,-141.8 307.7,-44.5 444.9,-43zm2620 80.8c-143.2,-128.4 -135.9,-265.8 -43.5,-444.8 142.1,155.8 45.2,307.5 43.5,444.8zm27205.3 -735.6c-122.2,-161.7 -122.2,-316.6 0,-478.5 122.1,161.9 122.1,316.8 0,478.5zm-34205.1 -478.3c122.3,161.9 122.3,316.8 0,478.3 -122.2,-161.5 -122.2,-316.4 0,-478.3zm13000.7 27267.8c-104.4,-184.2 -104.4,-321.5 -0.2,-504.8 99.2,169.7 112.6,307.1 0.2,504.8zm8667.4 0c-104.5,-184.2 -104.5,-321.5 -0.2,-504.8 99,169.7 112.4,307.1 0.2,504.8zm-25846.6 268c104.5,184.6 104.5,321.6 0.3,505.4 -99.2,-170 -112.7,-307.4 -0.3,-505.4zm31155.2 -31200.8c-128.4,143.1 -265.4,136 -444.6,43.4 155.4,-141.7 307.5,-44.6 444.6,-43.4zm-25475.1 69.8c128.9,-143.1 266,-135.8 444.8,-43.4 -155.4,141.9 -307.4,45 -444.8,43.4zm8903.9 -1224.7c-258.6,239.8 -409.9,224.8 -571.1,117.3 128,-173 308.7,-52.6 571.1,-117.3zm23799.6 -2440.3c-122.2,-161.7 -122.2,-316.6 0,-478.3 122.1,161.7 122.1,316.6 0,478.3zm-15597.2 -348c-143.4,-128.5 -136,-265.7 -43.4,-444.6 142.3,155.6 44.6,307.7 43.4,444.6zm-13651.6 -1228c97.7,188.7 104.6,325.6 -6.3,505.9 -91.5,-171 -113.8,-309.3 6.3,-505.9zm17841.5 -2877c-128.5,143.5 -265.8,135.8 -444.6,43.2 155.4,-141.7 307.5,-44.6 444.6,-43.2zm-17025.1 0c-128.4,143.5 -265.8,135.8 -444.8,43.2 155.8,-141.7 307.5,-44.6 444.8,-43.2zm18062.5 -8871.6c122.2,161.9 122.2,316.6 0,478.5 -122.5,-161.9 -122.5,-316.6 0,-478.5zm-15976.9 -892.8c258.1,-239.4 409.7,-224.7 571.1,-117.2 -128.3,173 -309.3,52.8 -571.1,117.2zm-5683.4 41767.7c-37.9,-37.9 -69.7,-54.4 -70.1,-72.6 -6.5,-136.9 -72.8,-287.2 67,-397.9 15.6,-12 69.4,-2.4 69.4,-1.6 3.4,122.5 5,244.8 1.4,367.4 -0.3,19.6 -23.8,38.5 -67.7,104.7zm25142.8 -43344.3c212.1,155.8 212.1,308.8 0,464.4l0 -464.4zm-6004.8 -352.1c128.3,-143.1 265.7,-135.8 444.5,-43.2 -155.5,141.7 -307.3,44.6 -444.5,43.2zm15519.8 34887.8c-97.6,-188.6 -104.5,-325.5 6.2,-506.1 91.7,171.5 113.8,309.5 -6.2,506.1zm-31871.8 -40718.8c-37.8,-37.8 -69.7,-54.6 -70.6,-72.4 -6,-137.3 -72.3,-287.2 67.7,-398 15,-11.9 69.3,-2.3 69.3,-1.8 2.9,122.6 4.6,245.3 1.3,367.5 -0.4,19.2 -23.8,38.4 -67.7,104.7zm-2329.4 38059.2c121.8,161.9 121.8,316.9 0,478.7 -122.4,-161.8 -122.4,-316.8 0,-478.7zm-3711.1 -42576.4c97.7,188.4 104.6,325.3 -6.3,505.7 -91.7,-171.5 -113.9,-309.3 6.3,-505.7zm5446.7 21080.7c14.5,63 47.4,130.1 39.2,191.7 -8.9,70.2 -64.3,131.2 -147.6,101.3 -15.2,-5.3 0.6,-90.3 -3.1,-138 -6,-73.7 14.5,-129.2 111.5,-155zm29915.3 147.2c-17.3,42.5 -29.6,117.3 -53.9,121.4 -90.6,15.5 -111.9,-52.6 -98.8,-126.8 7.5,-44.2 27.4,-118 51.8,-122.2 90.5,-15.4 107.2,51.9 100.9,127.6zm-6964.7 -10837.1l0 309.7c-145.5,11.1 -163.5,-88.6 -151.9,-192.4 8.7,-77.3 57.2,-134.5 151.9,-117.3zm-12853.5 14132.8c-18.5,28.3 -44.4,67.2 -69.9,106.2 -26.3,-64.1 -65.1,-126.5 -72,-192.6 -4.4,-35.9 45.7,-77.5 72,-116.7 61.4,49.5 91.5,111.6 69.9,203.1zm-17948.4 -2697.6c13.5,82.8 -15.9,134.2 -88.4,159.8 -21.9,-63.4 -55.5,-125.8 -59.5,-189.9 -1.6,-34.3 46.1,-96.9 78.6,-102 145,-23.8 35.8,97.5 69.3,132.1zm17174.6 22044c-18.6,28.5 -44.2,67.7 -69.9,106.7 -26.4,-64.1 -65.2,-126.7 -72.5,-193 -4,-35.5 46.1,-77.5 72.5,-116.9 61.5,49.8 91.5,112.4 69.9,203.2zm-16860.5 -21871.3c42.7,17.4 117.8,29.8 121.6,54.3 15.8,90.4 -52.4,111.6 -126.3,98.5 -44.5,-7.4 -118,-27.4 -122.4,-51.7 -15.4,-90.6 51.9,-107.3 127.1,-101.1zm27218.1 3310.4c-1.6,3.1 -31.9,78.8 -43.4,75.9 -122.9,-28.9 -80,-134.7 -94.6,-218.2 -12.5,-74.1 7.5,-105.5 73.4,-69.9 63,34.3 105.3,93.8 64.6,212.2zm6606.1 95.8c-98.6,-62.6 -105.1,-152.8 -71,-245.8 23.3,-63.1 77.6,-73.5 96.8,-25.7 25.4,61.5 26.1,132.7 43.7,198 19.6,73.4 -1,96.4 -69.5,73.5zm-17420.7 -3093.8c-17.9,42.8 -29.7,117.4 -54.2,121.6 -90.4,15.6 -111.9,-52.6 -98.6,-126.5 7.4,-44.5 27.4,-118.2 51.7,-122.4 90.6,-15.4 107.3,52 101.1,127.3zm23038.8 23580.8c-18.9,30.3 -38.2,90.2 -60.7,91.8 -69,4.7 -157.7,38.7 -197.8,-49.7 -9.3,-21.3 33.2,-93.7 54.2,-95.1 68.5,-4.2 152.2,-37.6 204.3,53zm-17469.2 -37531.3c13.3,82.9 -15.6,134.5 -88.4,159.9 -21.4,-63.3 -55.9,-126 -59.2,-189.9 -2,-34.1 45.6,-96.7 78.4,-102.4 144.9,-23.2 35.6,97.9 69.2,132.4zm-10060.3 0c13.1,82.9 -16,134.5 -88.6,159.9 -21.2,-63.3 -55.5,-126 -59,-189.9 -2,-34.1 45.8,-96.7 78.5,-102.4 144.6,-23.2 35.5,97.9 69.1,132.4zm14858.4 -464.4c13.4,82.8 -16,134.4 -88.6,159.8 -21.4,-63 -55.6,-125.8 -59.2,-190.1 -1.6,-33.9 45.9,-96.4 78.8,-101.8 144.5,-23.3 35.4,97.6 69,132.1zm-4952.8 0c13.5,82.8 -15.6,134.4 -88.7,159.8 -21.3,-63 -55.6,-125.8 -58.8,-190.1 -2,-33.9 45.7,-96.4 78.2,-101.8 144.9,-23.3 35.6,97.6 69.3,132.1zm-6343.8 15.6c6.4,75.4 -10.5,142.5 -100.5,127.1 -24.5,-4.3 -44.7,-78.1 -52.1,-122.2 -12.9,-73.8 8.1,-142.3 98.7,-126.5 24.4,4 36.9,78.8 53.9,121.6zm11453.4 -152.1l-155 0c23.4,-117.3 -76.6,-296.4 155,-309.7l0 309.7zm-5109.6 6018c13.5,82.9 -15.6,134.3 -88.7,159.9 -21.3,-63.4 -55.6,-125.8 -58.8,-190.3 -2,-33.7 45.7,-96.5 78.2,-101.8 144.9,-23.4 35.6,97.7 69.3,132.2zm-11818.7 -6040.3c-30.4,-19.1 -90.3,-38.1 -92.1,-60.6 -4.5,-69 -38.5,-158 49.9,-197.9 20.9,-9.5 93.7,33 95,54.4 4,68.5 37.6,152.2 -52.8,204.1zm-10776.1 -129.6c-17.8,42.1 -29.6,117.2 -54.1,121.4 -90.6,15.8 -111.7,-52.6 -98.8,-126.5 7.3,-44.3 27.6,-118.2 52,-122.2 90.5,-15.8 107.2,51.9 100.9,127.3zm27704.4 6500.3c-17.4,42.8 -29.8,117.4 -54.1,121.6 -90.6,15.8 -112,-52.7 -98.7,-126.5 7.6,-44.3 27.6,-118 51.7,-122.2 90.8,-15.6 107.3,51.9 101.1,127.1zm640.6 243.4c-82,24.3 -147.7,56.8 -214,58.4 -38.3,1.3 -77.7,-46.8 -117.1,-72.2 64.1,-25.8 126.6,-65 192.5,-72.3 36.1,-4.1 78,46.5 138.6,86.1zm1680.7 63.5c-10.8,-145.4 88.5,-163.5 192.2,-151.7 77.7,8.5 135.1,57.5 117.6,151.7l-309.8 0zm-23358.2 30625.8c-26.7,51.8 -58.5,113 -89.5,173.9 -26.2,-38.8 -76.5,-80.9 -72.5,-116.9 7.5,-65.9 46.3,-128.3 72.5,-192.6 25.4,39.1 51.3,78.1 89.5,135.6zm29640.8 -38695.6c24.5,81.9 56.6,147.6 58.4,213.9 1.1,38.3 -46.6,78.2 -72.4,117.2 -26.1,-64.2 -64.8,-126.7 -72.4,-192.6 -3.8,-35.9 46.3,-78 86.4,-138.5zm-26093.5 179.4c-17.3,42.1 -29.4,117.2 -53.6,121.4 -90.8,15.6 -112,-52.8 -98.9,-126.7 7.4,-44.3 27.4,-118 51.7,-122.2 90.6,-15.6 107.3,51.6 100.8,127.5zm1794 38359c24.4,82.1 56.7,147.6 58.3,214.1 1.3,38.1 -46.6,78.2 -72.1,117 -25.9,-63.7 -64.9,-126.5 -72.2,-192.9 -4.2,-36 46.3,-77.5 86,-138.2zm1412.4 32c13.9,63.3 47.2,130.3 39.2,191.7 -8.9,70.4 -64.5,131.2 -147.6,101.3 -15.5,-5.3 0.5,-90.2 -3.1,-138 -5.8,-73.7 14.3,-129.1 111.5,-155zm27653.4 -38684c3.4,1.4 78.9,31.7 76.2,43.2 -29.4,122.9 -134.9,80 -218.4,94.4 -74,12.5 -105.4,-7.3 -69.9,-73.2 34.4,-63 94.3,-105.4 212.1,-64.4zm-2383.4 -192.6c13.3,82.9 -15.9,134.3 -88.5,159.9 -21.5,-63.2 -55.6,-126 -59,-189.9 -1.9,-34.3 45.7,-96.9 78.2,-102.2 145,-23.6 35.6,97.7 69.3,132.2zm-2339 78.2c-1.6,3.1 -31.9,78.8 -43.2,75.9 -123.1,-29 -79.9,-134.5 -94.7,-218.2 -12.8,-74.3 7.2,-105.5 73.1,-69.9 63.2,34.3 105.5,93.9 64.8,212.2zm-29544.2 8434.2c13.2,82.9 -16,134.5 -88.6,160.1 -21.6,-63.6 -55.6,-126 -58.8,-190.5 -2.2,-33.4 45.5,-96.4 78.4,-101.8 144.5,-23.1 35.4,97.7 69,132.2zm21823 0c13.2,82.9 -16,134.5 -88.6,160.1 -21.3,-63.6 -55.6,-126 -58.9,-190.5 -2.1,-33.4 45.6,-96.4 78.3,-101.8 144.9,-23.1 35.6,97.7 69.2,132.2zm-19661.4 8424.3c-18.7,28.5 -44.1,67.3 -70,106.4 -26.2,-64.1 -65,-126.6 -72.5,-192.5 -3.6,-35.9 46.3,-77.7 72.5,-117 61.5,49.7 91.8,112 70,203.1zm14698.3 -17208.8c26.5,-51.8 57.9,-113 89.7,-174.1 25.9,39.2 76.2,80.9 72.2,116.9 -7.4,66.1 -46.3,128.7 -72.2,192.6 -25.8,-38.9 -51.8,-78.3 -89.7,-135.4zm-24195.6 8935.8c24.3,82.1 56.4,147.8 58.6,214.1 1.1,38.5 -47,78.2 -72.4,117.1 -26.2,-63.9 -65,-126.6 -72.3,-192.5 -4.2,-36.1 46.1,-77.8 86.1,-138.7zm42464.2 -3799c-18.7,27.7 -44.9,67.1 -70.4,106 -26,-63.7 -65,-126.6 -71.9,-192.5 -4.2,-35.9 45.9,-77.6 71.9,-116.9 61.5,49.6 91.8,111.9 70.4,203.4zm-37445.4 4285.2c-75.2,6.3 -142.7,-10.4 -127.3,-100.9 4.2,-24.4 78.1,-44.7 122.2,-52 74.1,-13 142.3,8.4 126.7,98.8 -4,24.5 -79.3,36.5 -121.6,54.1zm1702.4 0c-75.2,6.3 -142.5,-10.4 -127.1,-100.9 4.2,-24.4 77.9,-44.7 122.4,-52 73.7,-13 141.9,8.4 126.5,98.8 -4.2,24.5 -79.5,36.5 -121.8,54.1zm24703 -10656.8c90.7,51.7 57.1,135.2 53,203.8 -1.3,21.5 -74.1,63.8 -95.3,54.3 -88.4,-39.7 -54.1,-129 -49.6,-197.7 1.6,-22.8 61.7,-41.5 91.9,-60.4zm58.1 6325.8c-17.7,42.7 -29.6,117.5 -54,121.6 -90.4,15.6 -111.8,-53 -99.1,-126.7 7.6,-44.1 28,-118 52.1,-122.1 90.6,-15.3 107.5,51.7 101,127.2zm-13678.1 -6525.5c-30.1,-18.9 -90,-37.8 -91.8,-60.6 -4.6,-68.7 -39.1,-158 49.7,-197.9 20.9,-9.4 93.9,32.9 95.3,54.1 3.8,68.6 37.6,152.3 -53.2,204.4zm12836.1 6678.7c-99.1,-62.8 -105.3,-153.2 -71.3,-245.6 23,-63.3 77.7,-73.7 96.9,-26.5 24.9,62.1 25.6,133.3 43.4,198.6 19.6,73.2 -0.9,96.2 -69,73.5zm-5041.3 -7138.7c13.3,83 -16.2,134.1 -88.6,159.6 -21.4,-63 -55.7,-125.7 -59.2,-189.9 -2,-34.1 45.6,-96.6 78.3,-101.9 145,-23.7 35.7,97.5 69.5,132.2zm-25758.8 11627.3c-98.7,-62.7 -105.1,-153.2 -71.1,-246 22.8,-63 77.5,-73.3 96.9,-25.8 25.2,61.6 25.6,132.7 43.6,198.3 19.6,73.1 -0.9,96 -69.4,73.5zm14010.1 134.3c-26.5,51.9 -58.3,113.1 -89.3,173.9 -26.4,-39.2 -76.5,-80.8 -72.5,-116.9 7.5,-66.1 46.1,-128.7 72.5,-192.8 25.4,39.2 51.3,78.6 89.3,135.8zm11861.1 -12197.5c14.7,63.2 47.3,130 39.4,191.6 -8.9,70.4 -64.5,131.4 -148,101.4 -15.2,-5.4 1.1,-90.4 -2.7,-137.9 -5.8,-74.3 14.7,-129.5 111.3,-155.1zm-27649.3 19468.4c-16,25.2 -64.6,136.1 -82.4,152.1l0 -270.1c18.2,9.4 67.9,92.8 82.4,118zm36218.3 -19807.3c-26.5,51.4 -58.1,112.4 -89.5,173.6 -25.8,-39.2 -76.4,-80.8 -72.3,-116.8 7.3,-65.9 46.5,-128.8 72.3,-192.9 25.8,39.5 51.5,78.4 89.5,136.1zm-19513.6 21.6c-17.6,42.3 -29.7,117.5 -53.9,121.6 -90.7,15.8 -112,-52.4 -98.9,-126.8 7.6,-44.2 27.4,-117.9 51.9,-121.8 90.4,-15.7 107.1,51.5 100.9,127zm-11453.3 12688.7c145.2,-11.2 163.3,88.4 151.7,192.4 -8.5,77 -57.5,134.6 -151.7,116.9l0 -309.3zm20526.8 -13133.2c90.6,51.9 57,135 52.8,204.2 -1.2,21.2 -73.7,63.5 -94.9,54.1 -88.2,-40 -54.5,-129.1 -49.4,-197.7 1.1,-23.1 61.2,-41.8 91.5,-60.6zm-399.3 13239.8c18.5,-28.3 44.6,-67.6 70.6,-106.4 25.6,63.9 64.6,126.7 71.9,192.6 4,35.9 -46.3,77.5 -71.9,116.7 -61.9,-49.4 -91.9,-111.8 -70.6,-202.9zm8348.8 -4613.1c13.2,82.8 -16.2,134 -88.6,159.9 -21.4,-63.5 -55.6,-126 -59,-190.2 -2,-34.2 45.9,-96.8 78.2,-102 144.9,-23.3 35.6,97.6 69.4,132.3zm5264.4 4663.9c-17.6,42.7 -29.6,117.6 -53.9,121.8 -90.6,15.6 -112,-52.8 -99.1,-126.7 7.4,-44.1 27.7,-117.8 52.1,-122.2 90.2,-15.2 107.2,51.4 100.9,127.1zm2947.7 -50.8c18.7,-28.3 44.5,-67.6 70.1,-106.8 26.3,64.3 65,127.1 72,193 4,35.9 -45.7,77.5 -72,116.7 -61.6,-49.4 -91.9,-111.8 -70.1,-202.9zm-4558.8 -13593.5c24.1,82.1 56.6,147.6 58.3,213.9 0.9,38.3 -46.9,78 -72.5,117.2 -25.7,-63.7 -64.8,-126.7 -72,-192.9 -4,-36 46.3,-77.7 86.2,-138.2zm-19747.7 179.2c-17.3,42.1 -29.6,117.5 -54.1,121.6 -90.4,15.6 -111.9,-53 -98.8,-126.7 7.6,-44.1 27.8,-118 51.9,-122.2 90.8,-15.4 107.3,51.6 101,127.3zm18360.1 41189.3c90.4,52.1 57.1,135.1 52.8,204.2 -1.3,21.3 -73.9,63.6 -94.9,54.3 -88.8,-40.1 -54.7,-129.4 -49.6,-197.8 1.3,-23.3 61.3,-41.8 91.7,-60.7zm-30742 -27417.2c-50.5,0 -101.1,-2 -151.8,0.5 -75.1,3.1 -146.3,-8.3 -125.1,-103.5 5.8,-25.4 80.4,-42.3 125.5,-50.1 49,-8.1 100.9,-2 151.4,-2l0 155.1zm23836.3 -86.6c-62.6,98.7 -153,105.3 -245.8,71.3 -63.1,-23.4 -73.5,-77.5 -26.1,-96.9 61.9,-25.1 133.1,-25.8 198.4,-43.8 73,-19.8 96.4,1.1 73.5,69.4zm-12694.7 -14170.7c13.7,82.9 -15.7,134.1 -88.4,159.7 -21.6,-63.2 -55.7,-125.8 -59.3,-189.9 -1.5,-34.1 46.1,-96.5 78.6,-102.2 144.8,-23.2 35.7,97.7 69.1,132.4zm14951.5 -467.8c24.5,81.8 56.7,147.5 58.8,213.8 1.1,38.3 -47,78.2 -72.6,117.3 -26.1,-63.9 -65,-126.7 -72.2,-192.6 -4,-36 46.1,-78.1 86,-138.5zm-5720.9 43.9c90.5,51.9 56.8,135.6 52.8,204 -1.3,21.5 -73.9,64.1 -94.8,54.3 -88.7,-39.7 -54.6,-128.9 -49.5,-197.7 1.2,-22.7 61.1,-41.7 91.5,-60.6zm-561 14990.7c0,-50.7 1.7,-101.3 -0.7,-152 -3.3,-75.3 8.2,-146.5 103.5,-124.9 25.2,5.9 41.9,79.9 49.7,125.3 8.7,49.4 1.8,100.9 1.8,151.6l-154.3 0zm13465.1 -152c-17.6,42.7 -29.7,117.5 -53.9,121.5 -90.6,15.6 -111.8,-52.7 -98.9,-126.9 7.6,-43.9 27.6,-117.6 51.9,-121.8 90.4,-15.8 107.3,51.5 100.9,127.2zm2122.5 -147.2c14.7,63 47.6,130 39.6,191.9 -8.9,70.2 -64.5,131.2 -147.8,101.3 -15.4,-5.8 0.7,-90.4 -3.1,-138.2 -6,-74 14.7,-129.2 111.3,-155zm-3979.7 -14871.6c6.2,75.5 -10.6,143.1 -101,127.4 -24.5,-4.1 -44.8,-78 -51.9,-122.1 -12.9,-73.7 8.2,-142.3 99,-126.7 24.1,4.5 36.1,79.3 53.9,121.4zm-774.1 41324.4c6.2,75.5 -10.3,143 -100.9,127.6 -24.3,-4.5 -44.3,-78.1 -51.9,-122.5 -12.9,-73.7 8.1,-142 98.9,-126.6 24.2,4.2 36.7,79.4 53.9,121.5zm-29406.8 -41788.6c6.5,75.4 -10.4,142.5 -100.8,127.3 -24.3,-4.4 -44.6,-78.1 -52.1,-122.2 -12.7,-73.9 8.4,-142.1 99,-126.5 24.3,4 36.3,79 53.9,121.4zm24763.8 41794.2c-17.8,42.7 -29.8,117.7 -53.9,121.6 -90.8,15.7 -112,-52.4 -99,-126.5 7.5,-44.3 27.5,-118.2 52,-122.3 90,-15.1 107.1,51.7 100.9,127.2zm-29625 -178.8c24.1,81.7 56.4,147.4 58.2,213.7 1.5,38.3 -46.4,78.2 -72.2,117.4 -26,-64.1 -64.8,-126.7 -72.4,-192.6 -3.7,-35.9 46.4,-78 86.4,-138.5zm20493.2 -42383.6c-17.2,42.3 -29.7,117.3 -53.9,121.6 -90.6,15.6 -111.8,-52.4 -98.9,-126.9 7.8,-44.3 27.8,-117.8 51.9,-122.3 90.6,-15.1 107.7,52.1 100.9,127.6zm-21891.2 18261.5c-98.9,-62.4 -105.1,-152.6 -71.2,-245.8 23.3,-62.8 77.5,-73.5 97,-25.8 25.2,61.6 25.6,132.9 43.5,198.3 19.6,73.1 -1.1,96.2 -69.3,73.3zm39690.2 -18571c-17.2,42.6 -29.8,117.3 -54.1,121.6 -90.6,15.6 -111.8,-52.6 -98.7,-126.7 7.6,-44.1 27.6,-118 51.7,-122.2 90.8,-15.4 107.3,51.8 101.1,127.3zm-15070.9 -135.1c90.6,51.8 56.8,135.3 53,204.2 -1.5,21.1 -74.2,63.6 -94.9,54.3 -89.2,-40.1 -54.9,-129.4 -50,-197.8 1.7,-23.1 61.4,-41.8 91.9,-60.7zm2954.2 45491.3c14.6,63.2 47.4,129.8 39.4,191.7 -8.7,70.2 -64.1,131 -147.4,101.3 -15.4,-5.5 0.6,-90.4 -3.1,-137.8 -5.8,-74.4 14.7,-129.6 111.1,-155.2zm-22132.3 -26776.1c14.2,63.7 47.2,130.2 39.2,192.1 -8.5,70 -64.1,131.2 -147.6,101.3 -15.6,-5.5 0.8,-90.3 -2.9,-138 -6.1,-73.9 14.6,-129.1 111.3,-155.4zm30954.8 26776.1c14.1,63.2 47.3,129.8 39.2,191.7 -9.1,70.2 -64.5,131 -148,101.3 -15.2,-5.5 0.9,-90.4 -2.7,-137.8 -6,-74.4 14.3,-129.6 111.5,-155.2zm1591.8 -45665.9c-17.8,42.5 -29.8,117.6 -54.1,121.6 -90.6,15.8 -111.8,-52.6 -98.7,-126.5 7.6,-44.3 27.4,-118.2 51.9,-122.2 90.4,-15.6 107.1,51.6 100.9,127.1zm-31946.8 19167.5c24.5,82.1 56.6,147.6 58.4,213.9 1.3,38.3 -46.6,78.4 -72.2,117.3 -26,-64.1 -65,-126.8 -72.3,-192.7 -4.1,-35.9 46.3,-78 86.1,-138.5zm3578.9 32c14.7,63 47.2,130.3 39.7,191.7 -9,70.6 -64.6,131.2 -147.9,101.3 -15.4,-5.3 0.9,-90.1 -2.9,-137.8 -5.6,-74.2 14.3,-129.1 111.1,-155.2zm31330 -19420.1c-81.7,23.6 -147.4,56.5 -213.7,58.3 -38.3,0.9 -78.2,-46.8 -117.3,-72.4 63.9,-26 126.6,-64.8 192.5,-72.3 35.9,-4 78,46.3 138.5,86.4zm520.2 -121.6c-9.4,2.8 -17.7,3.7 -22.8,1.5l-3.3 -1.5 26.1 0zm-1526.7 0c-16.2,2.6 -30.1,2.4 -41.9,0l41.9 0zm-23678.4 0c-8.2,10 -16.2,20 -22.7,30l-13.1 -30 35.8 0zm12509.7 43820.3c-40.5,-3.1 -111.1,2.5 -174.2,-16.9 -74.8,-22.9 -74.8,-79.2 0,-99.3 63.1,-17.3 138.3,-17.3 201.6,0 74.6,20.1 71.7,67 -27.4,116.2zm-19263.9 -23911c-63.2,98.7 -153.2,105.1 -245.8,71.2 -63.4,-23.1 -73.7,-77.7 -26,-97 61.6,-25 132.9,-25.6 198.1,-43.6 73.1,-19.6 96.2,1 73.7,69.4zm10368.5 25466.5c6.4,75.2 -10.3,142.5 -100.9,126.9 -24.3,-4 -44.1,-77.7 -51.9,-122 -13.1,-73.9 8.3,-142.1 98.9,-126.5 24.3,4 36.3,78.8 53.9,121.6zm-11356.6 135.1c-30.1,-18.9 -90.2,-38.2 -91.5,-60.9 -4.9,-68.8 -39.2,-157.5 49.6,-197.5 21.2,-9.4 93.6,32.9 94.9,54.3 3.8,68.5 37.8,152.1 -53,204.1zm-727.9 -24722.5c26.7,-51.5 58.1,-112.9 89.3,-173.7 25.8,39.2 76,80.8 72,116.7 -7,66.3 -46.2,128.9 -72,193 -25.4,-39.2 -51.2,-78.2 -89.3,-136zm19830.1 3647.4c18.9,-28.2 44.3,-67.2 70.3,-106.6 25.9,64.3 65.1,126.7 72,193 4,35.7 -46.1,77.5 -72,116.7 -61.6,-49.4 -91.9,-112 -70.3,-203.1zm12996.8 -3356.5c-75.2,6.3 -143.1,-10.4 -127.3,-101.2 4,-24.1 77.9,-44.1 122.4,-51.9 73.3,-13 141.9,8.6 126.3,99 -4,24.5 -79.1,36.3 -121.4,54.1zm-35504 22.1c90.8,51.9 57.4,135.6 53,204.2 -1.2,21.3 -73.9,63.6 -94.9,54.3 -88.6,-40.1 -54.7,-128.9 -49.6,-197.9 1.3,-22.8 61.2,-41.7 91.5,-60.6zm19501.6 264.9c-30.5,-18.9 -90.2,-38 -91.9,-60.5 -4.9,-69 -39.2,-157.9 50,-197.9 20.7,-9.2 93.4,32.9 94.9,54.1 3.8,68.8 37.6,152.3 -53,204.3zm-19121.6 24031.3c-38,57.7 -63.9,96.6 -89.7,135.4 -26,-63.7 -64.8,-126.5 -72.3,-192.4 -3.8,-36 46.3,-77.7 72.3,-117.1 31.2,61.2 63.2,122.4 89.7,174.1zm14534.3 -23872.3c13.4,82.9 -15.6,134.3 -88.4,159.6 -21.4,-63 -55.7,-125.7 -59.2,-189.7 -2,-34.2 45.7,-96.8 78.4,-102.3 144.7,-23.4 35.6,97.9 69.2,132.4zm-13676.1 4948.4c-30.3,-18.9 -90.2,-37.6 -91.4,-60.5 -5.3,-68.6 -39.3,-158.1 49.3,-197.7 20.9,-9.6 93.7,32.7 95,54.1 4,68.6 37.6,152.5 -52.9,204.1zm21107.3 -129.5c-17.6,42.5 -29.8,117.3 -54,121.5 -90.7,15.8 -111.8,-52.7 -99.1,-126.6 7.8,-44.4 27.8,-118.1 52.3,-122.3 90.4,-15.3 106.9,52.1 100.8,127.4zm-9131.6 309.5c-17.6,42.7 -29.6,117.7 -53.9,121.5 -90.6,15.8 -112,-52.5 -98.8,-126.7 7.3,-44 27.6,-117.8 51.8,-121.8 90.5,-15.7 107.2,51.7 100.9,127zm12788.2 -135.2c90.2,51.9 57,135.6 53,204.2 -1.5,21.3 -74.1,63.5 -95.3,54.1 -88.8,-39.7 -54.3,-128.7 -49.8,-197.7 1.8,-23 61.7,-41.5 92.1,-60.6zm360.3 180.8c-18.7,28.3 -44.5,67.2 -70.1,106.6 -25.8,-64.3 -65,-126.6 -72.2,-193 -4.2,-36 46.4,-77.3 72.2,-116.6 61.6,49.4 91.5,111.7 70.1,203zm8806.6 18930.6c-51.7,90.6 -135.4,57.4 -204,52.9 -21.4,-1.3 -63.5,-73.7 -54.1,-95 39.9,-88.4 128.9,-54.4 197.7,-49.5 22.9,1.2 41.6,61.3 60.4,91.6zm-7406.5 -18202.1c-17.6,42.3 -29.7,117.4 -53.9,121.4 -90.7,15.6 -112,-52.6 -98.9,-126.9 7.6,-44.4 27.6,-118 51.9,-121.8 90.2,-15.8 107.1,51.6 100.9,127.3zm-616.4 616.1c-75.2,6.5 -142.7,-10.2 -127.1,-100.9 4,-24.2 78.1,-44.7 122.2,-51.9 73.5,-13.1 142.3,8.3 126.7,98.9 -4.2,24.5 -79.4,36.5 -121.8,53.9zm6788 -15262.6c-1.8,3.2 -32,78.8 -43.4,76.2 -123.1,-29.4 -79.9,-134.9 -94.4,-218.5 -12.7,-73.7 7.3,-105.7 72.8,-70.1 63.2,34.7 105.5,94 65,212.4zm265.4 16015c24.7,81.7 56.4,147.1 58.2,213.7 1.5,38.1 -46.4,78.1 -72,117.3 -26.2,-63.9 -65,-126.5 -72.5,-192.8 -3.8,-35.9 46.3,-77.5 86.3,-138.2zm-22281.8 14547.8c-30.3,-19.1 -90.4,-38.1 -91.8,-60.8 -4.7,-68.8 -38.7,-157.8 49.7,-197.7 21.1,-9.4 93.5,32.9 95,54.3 4,68.8 37.7,152.1 -52.9,204.2zm7573.4 -32324.2c-98.8,-62.5 -105.1,-152.9 -71.2,-245.6 23.1,-63.4 77.7,-73.6 96.9,-25.8 25.3,61.5 26.2,132.5 43.8,197.9 20,73.1 -1.3,96.2 -69.5,73.5zm-18349.6 18568.8c6.5,75.5 -10.4,142.9 -100.8,127.5 -24.3,-4.2 -44.6,-78.1 -52.1,-122.2 -12.7,-74.2 8.4,-142.3 99,-126.7 24.3,4 36.3,79.3 53.9,121.4zm19963.7 -15.2c13.5,82.9 -15.9,134.3 -88.4,160.1 -21.6,-63.5 -55.5,-126.2 -59.3,-190.1 -1.8,-34.1 45.9,-96.9 78.6,-102.2 144.7,-23.2 35.6,97.3 69.1,132.2zm-24439.9 13619.2c-26.7,51.4 -58.1,112.6 -89.3,173.7 -26.2,-39.2 -76.5,-80.8 -72.3,-116.7 7.3,-66.1 46.1,-128.9 72.3,-193 25.4,39.4 51.3,78.3 89.3,136zm297.3 -12982.2c145.3,-10.7 163.2,88.4 152,192.4 -8.7,77.2 -57.7,134.9 -152,117.5l0 -309.9zm13477.5 135.9c-26.5,51.4 -58.3,113 -89.3,174 -26.4,-39.4 -76.5,-81 -72.5,-117 7.5,-66 46.1,-128.7 72.5,-192.6 25.4,39.1 51.3,78.3 89.3,135.6zm9905.4 0c-26.5,51.4 -58.1,113 -89.6,174 -25.6,-39.4 -75.7,-81 -71.8,-117 6.9,-66 46.2,-128.7 71.8,-192.6 25.9,39.1 51.9,78.3 89.6,135.6zm2464.3 1099.6c6.2,75.5 -10.5,142.8 -100.9,127.4 -24.3,-4.2 -44.7,-77.7 -52.1,-122 -12.9,-74 8.5,-142.5 99.1,-126.9 24.3,4 36.5,79.4 53.9,121.5zm-3579.2 33184.3c-1,1.7 -8.7,21 -17.7,39.7l-91.8 0c-38.5,-46.1 -17.7,-120 -28.3,-181.8 -12.7,-74.3 7.2,-105.7 72.8,-70.1 63.3,34.5 105.8,93.8 65,212.2zm-7564.6 -57c-11.6,27.8 -20.8,70 -32.8,96.7l-105.9 0c-18.1,-24.3 -21,-62.2 -14,-101.8 7.4,-44.8 27.6,-118 51.7,-122.3 90.6,-15.6 107.7,51.9 101,127.4zm-10524.5 0c-11.6,27.8 -20.8,70 -32.7,96.7l-106 0c-18.1,-24.3 -21,-62.2 -14.2,-101.8 7.5,-44.8 27.8,-118 52.1,-122.3 90.4,-15.6 107.3,51.9 100.8,127.4zm-3372.2 96.7c-15.6,-8.7 -27.4,-17.9 -28.1,-27.7 -4.7,-69 -38.6,-158.1 49.9,-197.9 21.3,-9.2 93.7,32.9 95,54.3 3.4,55.7 26,120.9 -13.6,171.3l-103.2 0zm30610.3 -32774.7c13.2,82.4 -16.2,134.1 -88.6,159.4 -21.4,-62.9 -55.6,-125.7 -59,-189.7 -1.6,-34 45.9,-96.8 78.2,-102.1 144.9,-23.6 35.6,97.5 69.4,132.4zm3813.2 32342.9c-30.3,-18.9 -90.2,-37.4 -91.7,-60.5 -4.9,-68.8 -39.2,-157.7 49.8,-197.6 20.9,-9.5 93.5,32.8 94.9,54.2 4.4,68.7 37.6,152.2 -53,203.9zm-19909.6 -32033.6c13,83 -16,134.5 -88.6,159.7 -21.1,-63.1 -55.6,-125.8 -58.8,-189.8 -2.2,-34.2 45.5,-97 78.2,-102.2 144.7,-23.5 35.6,97.6 69.2,132.3zm-13211.7 14853.8c-30.3,-19 -90.4,-37.9 -91.9,-60.4 -4.7,-69 -39.2,-158 50,-197.7 20.8,-9.5 93.3,32.7 94.9,54.3 4,68.8 37.6,152.1 -53,203.8zm16560.6 16870.5c-30.4,-19.1 -90.3,-38 -91.9,-60.7 -4.7,-68.6 -38.8,-157.9 49.9,-197.7 21.1,-9.2 93.9,32.9 95.2,54.1 4.1,69.2 37.2,152.5 -53.2,204.3zm-11092.7 -31348.5c-18.5,28.5 -44.5,67.7 -70.1,106.7 -25.9,-63.9 -65,-126.7 -72.4,-192.6 -3.5,-36.3 46.5,-77.9 72.4,-117.1 61.6,49.6 91.9,112.2 70.1,203zm469.4 -66.3c13.3,83 -15.9,134.2 -88.5,159.9 -21.3,-63.3 -55.8,-125.8 -59,-189.8 -2,-34.5 45.5,-97 78.4,-102.2 144.7,-23.8 35.4,97.4 69.1,132.1zm13409.2 150.5c-30.3,-18.9 -90.2,-37.6 -91.5,-60.4 -5,-69 -39,-158 49.4,-197.6 21.1,-9.6 93.9,32.7 95,54 4.5,68.8 37.7,152.1 -52.9,204zm8357.9 -264.7c90.4,52.1 56.8,135.3 52.8,204.3 -1.4,21.2 -74,63.7 -94.9,54.2 -88.8,-40.1 -54.5,-129 -49.6,-197.8 1.3,-23.1 61.4,-41.8 91.7,-60.7zm5627.9 30914.1c13.2,83 -16,134.2 -88.6,159.8 -21.3,-63.2 -55.6,-125.8 -59,-189.5 -2,-34.5 45.5,-97 78.2,-102.4 144.9,-23.6 35.6,97.6 69.4,132.1zm-15939.6 21.1c-17.8,42.3 -29.8,117.1 -54.1,121.4 -90.6,15.8 -111.8,-52.6 -98.9,-126.5 7.8,-44.3 27.6,-118.2 52.1,-122.2 90.4,-15.8 107.1,51.4 100.9,127.3zm-464.5 0c-17.6,42.3 -29.6,117.1 -53.9,121.4 -90.5,15.8 -111.7,-52.6 -98.8,-126.5 7.3,-44.3 27.4,-118.2 51.7,-122.2 90.6,-15.8 107.5,51.4 101,127.3zm-9298.6 -22.2c37.7,-57.3 63.9,-96.4 89.7,-135.6 25.7,63.7 64.8,126.4 71.8,192.6 4.2,36.2 -46.1,78.1 -71.8,117.1 -31.6,-61.2 -63.2,-122.1 -89.7,-174.1zm17809.3 -30334.4c13.3,82.9 -16.1,134.3 -88.6,159.7 -21.8,-63 -55.5,-126 -59,-189.7 -2,-34.3 45.6,-96.9 78.3,-102.2 144.8,-23.4 35.5,97.7 69.3,132.2zm-11984.2 30200.3c-98.3,-63 -105.1,-153.2 -70.9,-246.2 23,-63 77.5,-73.3 96.5,-25.9 25.6,61.9 26.4,133 44,198.4 19.9,73.3 -1.1,96.2 -69.6,73.7zm-4884.1 -153.2c-17.8,42.1 -29.7,117.2 -54.2,121.4 -90.4,15.4 -111.7,-52.8 -98.6,-127.1 7.6,-44.1 27.4,-117.8 51.7,-121.8 90.6,-15.6 107.3,51.8 101.1,127.5zm27549.4 -309.5c-17.6,42.4 -29.4,117.2 -53.5,121.4 -90.8,15.4 -112,-53 -99.1,-126.7 7.2,-44.1 27.6,-118.2 51.9,-122 90.6,-15.8 107.1,51.9 100.7,127.3zm-37827.9 -29276.7c24.4,82 56.7,147.2 58.5,214 1.3,38.1 -46.8,77.7 -72.6,117.1 -25.8,-63.9 -64.6,-126.4 -72.1,-192.6 -3.6,-35.8 46.3,-77.7 86.2,-138.5zm38137.6 28193.1c-17.4,42.5 -29.7,117.3 -54.1,121.6 -90.4,15.6 -111.8,-52.6 -98.9,-126.9 7.8,-44.3 28.1,-118 52.1,-121.8 90.4,-15.8 107.7,51.4 100.9,127.1zm-8415.8 -27375.1c90.4,51.9 56.9,135.4 52.9,204 -1.5,21.2 -74.1,63.5 -95,54.3 -88.4,-40.1 -54.6,-129.1 -49.7,-197.9 1.4,-23 61.3,-41.6 91.8,-60.4zm677.1 26905.1c6.2,75.2 -10.3,142.7 -100.9,127.3 -24.3,-4.2 -44.3,-77.9 -51.9,-121.8 -13.1,-74.1 8.2,-142.7 98.9,-126.9 24.2,4.1 36.3,78.9 53.9,121.4zm-8725.3 -129.4c90.6,51.7 56.9,135 53,203.8 -1.2,21.5 -73.7,63.9 -94.9,54.5 -89.1,-39.9 -54.5,-129.3 -49.9,-197.7 1.6,-23 61.7,-41.7 91.8,-60.6zm-13099.6 -26352c13,82.7 -16,133.9 -88.5,159.9 -21.7,-63.6 -55.7,-126 -59.3,-190.1 -1.6,-34.1 45.9,-96.9 78.6,-102.2 144.7,-23.4 35.6,97.5 69.2,132.4zm22579.2 25770.2c-1.6,3.2 -31.8,78.9 -43.2,76.4 -123.1,-29.4 -79.9,-134.9 -94.4,-218.6 -12.7,-73.9 7.3,-105.4 72.8,-70 63.2,34.3 105.7,94.4 64.8,212.2zm-33629.4 -236c23.7,81.8 56.2,147.4 58.6,213.6 0.9,38.3 -47,78.1 -72.8,117.3 -25.8,-63.9 -65,-126.5 -72.1,-192.6 -4.1,-35.9 46.3,-77.9 86.3,-138.3zm9041.3 -25293.2c-62.6,98.8 -153,105.1 -245.9,71.4 -63.4,-23.3 -73.6,-77.7 -25.8,-97 61.5,-25.2 132.9,-25.6 197.8,-43.4 73.4,-19.9 96.8,0.6 73.9,69zm10699.7 23.4c-82.1,24.2 -147.4,56.5 -214,58 -38.2,1.4 -78.3,-46.5 -117,-72.1 63.8,-26 126.4,-65 192.6,-72.1 36,-4.2 77.6,46.1 138.4,86.2zm-3269 24517.1c42.4,17.7 117.4,29.8 121.4,54.1 15.6,90.6 -52.5,112.1 -126.3,98.8 -44.5,-7.3 -118.4,-27.6 -122.6,-51.7 -15,-90.8 52.1,-107.3 127.5,-101.2zm5655.6 -24143.1c-99,-62.6 -105.1,-153.4 -71.4,-245.8 23.4,-63.2 77.7,-73.5 97,-26.1 25,61.7 25.7,133.2 43.4,198.4 19.9,73.3 -1,96.2 -69,73.5zm-10633.6 24240.1c-51.9,90.4 -135.4,57 -204,52.8 -21.5,-1.1 -63.6,-73.9 -54.3,-94.7 39.9,-88.8 129,-54.9 197.8,-50 22.6,1.7 41.4,61.4 60.5,91.9zm19367.1 -24414.2c13.2,83 -16,134.2 -88.6,159.9 -21.3,-63.3 -55.6,-125.8 -58.9,-190 -2.1,-34.3 45.6,-96.8 78.3,-102.2 144.9,-23.6 35.6,97.6 69.2,132.3zm13708.5 174.1c-98.8,-62.6 -105.1,-153.4 -71.2,-245.8 16.5,-45.4 49.4,-63.5 73.7,-52.5l0 299.1 -2.5 -0.8zm-11603.1 23812c24.3,82.3 56.6,147.6 58.6,214.1 0.9,38.3 -47,78.2 -72.4,117 -26.2,-63.7 -65,-126.5 -72.3,-192.7 -3.8,-36 46.1,-77.7 86.1,-138.4zm-10758.5 195.9c-38,57.2 -63.9,96.4 -89.5,135.2 -25.8,-63.9 -64.8,-126.5 -72.4,-192.4 -3.5,-35.9 46.6,-78 72.4,-116.9 31.2,61 62.8,122.2 89.5,174.1zm-13787 -16.5c-17.4,42.3 -29.7,117.4 -54.2,121.6 -90.4,15.6 -111.7,-53 -98.6,-126.9 7.4,-44.3 27.4,-118 51.7,-122 90.6,-15.2 107.7,51.8 101.1,127.3zm8799.8 -834.7c-52.3,90.6 -135.3,57 -204.4,53 -21.3,-1.4 -63.6,-73.9 -54.3,-95.3 40.1,-88.6 129.1,-54.3 197.9,-49.5 23,1.4 41.7,61.5 60.8,91.8zm-16715.6 -38.7c-19.1,30.4 -37.6,90.3 -60.5,91.9 -69,4.7 -158.1,38.8 -198,-49.9 -9.3,-21.1 33,-93.9 54.2,-95 68.8,-4 152.2,-37.5 204.3,53zm24457 -22130.8c-1.6,3.2 -32,78.9 -43.6,76.2 -122.5,-29.2 -79.7,-134.7 -94.4,-218.4 -12.7,-74 7.5,-105.4 73.4,-69.7 63,34 105.2,93.7 64.6,211.9zm17199.2 21915.2c6.5,75.7 -10.2,142.8 -100.8,127.1 -24.1,-4 -44.3,-77.9 -51.9,-122.2 -13,-73.9 8.4,-142.3 98.8,-126.5 24.3,3.9 36.3,79.1 53.9,121.6zm-30954.4 157.4c-145.4,11.2 -163.6,-88.1 -151.9,-192.1 8.7,-77.3 57.7,-134.7 151.9,-117.4l0 309.5zm-10524.7 -461.3c-17.7,42.3 -29.7,117.4 -54.1,121.4 -90.5,15.7 -111.8,-52.4 -98.7,-126.5 7.6,-44.3 27.8,-117.8 51.9,-122.2 90.8,-15.7 107.1,52 100.9,127.3zm5476.9 -293.2c3.4,2 78.6,32.3 76,43.4 -29,123.3 -134.3,80.1 -218.2,94.4 -73.9,12.7 -105.5,-7.1 -69.7,-73.2 33.8,-62.6 93.9,-105.4 211.9,-64.6zm36157 -486.3c6.2,75.2 -10.3,142.7 -100.9,127.1 -24.3,-4.2 -44.3,-77.7 -51.9,-122.2 -13.1,-73.7 8.2,-142.3 98.9,-126.5 24.2,4 36.7,79.3 53.9,121.6zm-3294.6 -141.6c14.7,62.8 47.4,130.2 39.8,191.5 -8.9,70.1 -64.6,131.3 -147.8,101.5 -15.4,-5.4 0.9,-90.4 -3.1,-138 -6.1,-73.8 14.7,-129.4 111.1,-155zm-4753.6 147c-17.8,42.5 -29.6,117.7 -54.1,121.7 -90.4,15.6 -111.6,-52.7 -98.5,-126.6 7.4,-44.2 27.4,-117.8 51.7,-122.3 90.6,-15.3 107.3,52.1 100.9,127.2zm-13787.1 -21.9c37.9,-57.2 63.9,-96.4 89.9,-135.4 25.7,64 64.6,126.5 72,192.7 4,35.6 -46.3,77.7 -72,116.6 -31.6,-61 -63.2,-121.8 -89.9,-173.9zm-10976.5 16.5c6.2,75.2 -10.3,142.7 -100.9,127.1 -24.3,-4.2 -44.3,-77.7 -51.9,-122.2 -12.9,-73.7 8.1,-142.3 98.9,-126.5 24.1,4 36.3,79.3 53.9,121.6zm-631.4 -16.5c38,-57.2 63.8,-96.4 89.4,-135.4 26.3,64 64.9,126.5 72.4,192.7 4,35.6 -46.1,77.7 -72.4,116.6 -31.3,-61 -62.8,-121.8 -89.4,-173.9zm21989.9 -14222.8c6.5,75.7 -10.2,142.8 -100.6,127.2 -24.3,-4 -44.5,-77.7 -52.3,-122 -12.7,-74 8.6,-142.5 99,-126.7 24.3,4.2 36.6,79.4 53.9,121.5zm-8514.6 13914.4c13.6,82.9 -15.8,134.3 -88.2,159.5 -21.4,-63.3 -55.6,-125.6 -59,-189.7 -2,-33.9 45.6,-96.9 78.2,-102 144.7,-23.8 35.6,97.7 69,132.2zm-13675.8 -114.4c90.5,52.1 57,135.6 52.8,204 -1.1,21.6 -73.9,63.9 -94.6,54.5 -89.1,-39.9 -54.8,-128.9 -49.9,-197.9 1.6,-22.8 61.3,-41.5 91.7,-60.6zm-6275.4 -19697.4c-26.7,51.3 -57.9,112.7 -89.7,173.5 -25.8,-39 -76.2,-80.6 -72.2,-116.5 7.2,-66.1 46.4,-128.8 72.2,-192.8 26.2,39.2 51.8,78.4 89.7,135.8zm39242.2 151.5c-30.7,-19 -90.4,-37.9 -92,-60.8 -4.6,-68.8 -38.9,-157.7 49.7,-197.8 20.9,-9.5 93.9,33 95.3,54.2 3.8,68.6 37.2,152.2 -53,204.4zm-14503.1 19194.8c37.9,-57.5 63.7,-96.4 89.9,-135.6 25.6,64.3 64.6,126.7 71.9,193 4.1,35.7 -46.3,77.7 -71.9,116.7 -31.6,-61.2 -63.4,-122.4 -89.9,-174.1zm-26763.5 16.5c6.3,75.7 -10.4,142.7 -101,127.1 -24.1,-4 -44.3,-77.7 -51.7,-122 -13.1,-74 8.2,-142.5 98.9,-126.9 24,4.6 36.3,79.4 53.8,121.8zm41013 -325.1c12.9,83 -16.2,134.5 -88.9,159.9 -20.9,-63.1 -55.2,-125.8 -58.7,-190.2 -2,-33.8 45.6,-96.4 78.4,-101.7 144.9,-23.4 35.6,97.7 69.2,132zm-38735.6 -18853.7c14.6,63.6 47.2,130.4 39.4,191.9 -9,70.3 -64.2,131.1 -147.7,101.3 -15.5,-5.3 0.9,-90.2 -2.8,-137.8 -6.1,-73.9 14.2,-129.4 111.1,-155.4zm41832.9 18717.2c0,-50.5 1.6,-101.3 -0.7,-151.8 -2.8,-71.5 7.4,-139.1 89.8,-127.5l0 279.3 -89.1 0zm-3095.5 0c0,-50.5 1.8,-101.3 -0.3,-151.8 -3.1,-75.3 8.3,-146.3 103.1,-125 25.6,5.6 42.4,80.2 50.1,125.2 8.7,49.4 2,101.1 2,151.6l-154.9 0zm-13987.5 -287.2c90.6,51.9 57.3,135.6 53.2,204.1 -1.5,21.6 -74.1,63.7 -95.2,54.2 -88.4,-39.5 -54.6,-128.7 -49.5,-197.5 1.3,-23 61.2,-41.5 91.5,-60.8zm-27240.1 -17843.6c-30.3,-18.9 -90.4,-37.6 -91.5,-60.5 -5.1,-69 -39,-157.9 49.6,-197.8 20.8,-9.3 93.5,33 94.9,54.2 4.2,68.8 37.6,152.2 -53,204.1zm17967.4 4985.6c14.7,62.9 47.4,129.9 39.4,191.7 -8.7,70.2 -64.2,131.2 -147.6,101.1 -15.2,-5.3 0.6,-90.1 -3.2,-137.8 -5.6,-74.1 15,-129.3 111.4,-155zm-3208 4460c13.1,82.8 -15.6,134.2 -88.6,159.4 -21.2,-63 -55.5,-125.6 -59,-189.7 -1.6,-34.1 45.8,-96.6 78.5,-101.9 144.6,-23.7 35.5,97.5 69.1,132.2zm1240.4 172.5l0 -309.6c145.2,-11 163.6,88.8 151.8,192.7 -8.7,77.1 -57.7,134.6 -151.8,116.9zm466.9 -9595.6c42.7,17.8 117.7,29.8 121.6,53.9 15.8,90.6 -52.6,111.8 -126.8,98.9 -44,-7.6 -117.5,-27.7 -121.9,-52.1 -15.6,-90.6 51.8,-107.1 127.1,-100.7zm-11455.9 306.6c6.4,75.5 -10.3,142.9 -100.9,127.2 -24.3,-3.9 -44.5,-78 -51.9,-121.9 -12.9,-74.1 8.1,-142.4 98.9,-126.9 24.3,4.1 36.5,79.3 53.9,121.6zm8609.3 17005.3c-30.3,-18.9 -90.2,-37.6 -91.6,-60.6 -4.9,-68.6 -38.9,-157.8 49.5,-197.7 21.1,-9.4 93.9,33 95,54.3 4.3,69 37.3,152.1 -52.9,204zm3554.2 -12380.6c24.5,81.9 56.7,147.2 58.8,213.7 1.1,38.3 -46.6,78.2 -72.6,117 -25.9,-63.7 -65,-126.3 -72,-192.6 -3.8,-35.9 46.1,-77.5 85.8,-138.1zm11207.2 -4467.1c-145,10.9 -163.2,-88.3 -151.5,-192.1 8.1,-77.3 57.1,-135.1 151.5,-117.8l0 309.9zm-3714.3 16254.1c-17.8,42.1 -29.7,117.5 -54.1,121.5 -90.6,15.6 -111.8,-52.7 -99.1,-126.8 7.6,-44.4 27.8,-117.9 52.1,-122.1 90.6,-15.5 107.3,51.9 101.1,127.4zm-17025.3 -16254.1c145.3,-10.8 163.6,88.2 152,192.2 -8.9,77.2 -57.8,134.7 -152,117.6l0 -309.8zm14645.6 287.1c-30.3,-18.8 -90.4,-37.5 -91.8,-60.4 -4.7,-68.8 -39.1,-157.9 49.9,-197.9 20.9,-9.2 93.3,33.1 94.8,54.3 3.9,68.4 37.7,152.1 -52.9,204zm-3978.8 15673.8c26.9,-51.9 58.5,-112.9 90.2,-174.1 25.5,39.4 75.9,81 71.9,116.8 -7.2,66.2 -46.4,128.9 -71.9,192.6 -26.1,-38.7 -51.9,-78.1 -90.2,-135.3zm-12226.5 0c26.2,-51.9 57.7,-112.9 89.5,-174.1 25.4,39.4 75.7,81 71.9,116.8 -7.1,66.2 -46.5,128.9 -71.9,192.6 -25.6,-38.7 -51.7,-78.1 -89.5,-135.3zm32038 -348c37.7,-57 63.7,-96.5 89.5,-135.4 25.7,63.7 64.8,126.5 72.2,192.6 3.5,36 -46.5,77.5 -72.2,116.7 -31.4,-60.9 -63,-122.1 -89.5,-173.9zm-12371.6 1.1c13.3,83 -16.1,134.2 -88.6,159.6 -21.6,-63.2 -55.7,-125.6 -59,-189.9 -2,-33.9 45.6,-96.4 78.1,-101.8 144.8,-23.6 35.7,97.6 69.5,132.1zm-5898.7 -15316.5c51.6,26.5 112.9,58.1 173.9,89.5 -39,25.8 -81.1,75.9 -117.1,72.1 -65.9,-7.1 -128.3,-46.3 -192.4,-72.1 39,-25.8 78.3,-51.8 135.6,-89.5zm23402.3 14851.3c-26.6,51.5 -58.4,112.9 -90,173.7 -25.6,-38.9 -75.9,-80.8 -71.9,-116.7 7.1,-65.9 46.3,-128.7 71.9,-193 26,39.4 52.1,78.4 90,136zm-37005.2 -14547.8c13.3,82.8 -15.6,134.2 -88.5,159.8 -21.3,-63.2 -55.8,-126 -58.9,-189.9 -2,-34 45.4,-97 78.1,-102.2 145,-23.4 35.8,97.6 69.3,132.3zm4891.4 -157.9c24.2,81.7 56.5,147 58.3,213.5 1.4,38.3 -46.7,78 -72.3,117.2 -25.9,-63.9 -65,-126.5 -72.2,-192.8 -4,-35.9 46.3,-77.5 86.2,-137.9zm27284 14474.8c-1.6,3.6 -31.9,78.9 -43.2,76.4 -123.4,-29.4 -79.9,-134.9 -94.7,-218.4 -12.8,-73.9 7.2,-105.3 73.1,-70.1 63.2,34.5 105.5,94.1 64.8,212.1zm-4471.1 -77.7c13.4,82.7 -15.6,134.1 -88.4,159.9 -21.4,-63.4 -55.7,-126 -59,-189.9 -2.2,-34.3 45.6,-96.9 78.2,-102.2 144.9,-23.6 35.8,97.5 69.2,132.2zm-11818.8 -114c90.8,51.7 57.4,135 53.2,203.8 -1.5,21.4 -74.1,63.7 -95.1,54.3 -88.8,-39.9 -54.7,-129.1 -50,-197.7 1.9,-22.9 61.6,-41.6 91.9,-60.4zm-2631.1 264.3c-30.3,-18.9 -90.2,-37.6 -91.9,-60.7 -4.7,-68.6 -38.5,-157.7 49.8,-197.3 21.2,-9.8 93.6,32.5 95.1,53.9 4,69 37.6,152.2 -53,204.1zm3928.9 -43245.7c-62.8,98.9 -153.4,105.2 -246,71.1 -63.4,-23.2 -73.3,-77.5 -26.1,-96.6 61.9,-25.6 133,-26.1 198.4,-43.9 73.1,-19.6 96,1.1 73.7,69.4zm-23598.2 31093.6c-30.3,-19.1 -90.4,-37.6 -91.7,-60.6 -4.9,-69 -38.8,-158 49.7,-197.9 21.1,-9.5 93.5,33 95,54.4 4.3,68.5 37.6,152 -53,204.1zm31797.6 -1927.9c13.4,83 -15.6,134.2 -88.6,159.8 -21.2,-63.2 -55.5,-125.8 -58.8,-189.7 -2,-34.5 45.5,-97 78,-102.4 144.9,-23.6 35.8,97.6 69.4,132.3zm7279 13328.6c42.7,17.6 117.9,29.6 121.7,53.7 15.6,90.8 -52.5,112.2 -126.6,99.2 -44.3,-7.5 -117.8,-27.6 -122.3,-52.1 -15.4,-90.4 52.1,-107.1 127.2,-100.8zm-30492.9 -9441.1c23.2,-117.1 -76.8,-296.2 154.8,-309.7 -23.4,117.5 76.7,296.5 -154.8,309.7zm2779.1 -3511.5c-18.7,28.3 -44.7,67.3 -70.8,106.7 -25.6,-63.9 -64.7,-127.1 -71.9,-193 -4,-35.9 46.3,-77.8 71.9,-116.9 62.1,50 92,112 70.8,203.2zm5675.5 -180.8c90.6,52.2 56.9,135.4 52.9,204.4 -1.5,21.2 -73.9,63.5 -95,54.3 -88.4,-40.2 -54.4,-129.3 -49.7,-197.9 1.4,-23.1 61.5,-41.8 91.8,-60.8zm-2262.4 355.6c-63,98.7 -153.2,105.1 -245.8,71.1 -63.1,-22.8 -73.5,-77.5 -25.9,-96.7 61.7,-25.2 132.8,-26 198.2,-43.9 73.2,-19.6 96.2,1.2 73.5,69.5zm24136.1 289.5c-18.5,28.2 -44.5,67.6 -70.1,106.6 -25.6,-64.3 -64.8,-126.7 -71.9,-193 -4.1,-35.9 46.3,-77.3 71.9,-116.7 61.6,49.4 91.9,112.2 70.1,203.1zm-11138.4 11696.3c13.4,82.9 -16,134.3 -88.4,159.9 -21.8,-63.3 -55.6,-126 -59.2,-189.9 -1.8,-34.1 45.7,-96.9 78.4,-102 144.7,-23.2 35.6,97.5 69.2,132zm-16251.3 0c13.1,82.9 -15.4,134.3 -88.6,159.9 -21.2,-63.3 -55.7,-126 -58.8,-189.9 -2.2,-34.1 45.6,-96.9 78.3,-102 144.8,-23.2 35.7,97.5 69.1,132zm10217.2 -449.1c6.1,75.7 -10.2,143 -101,127.2 -24.1,-3.8 -44.3,-77.7 -51.9,-121.8 -13.1,-73.9 8.4,-142.5 99,-126.9 24.3,4.2 36.3,79.2 53.9,121.5zm-10512.5 -287.4c-37.8,57.2 -63.7,96.6 -89.7,135.6 -25.6,-63.9 -64.6,-126.7 -72.1,-192.6 -3.8,-35.9 46.5,-78 72.1,-116.7 31.6,60.8 63.2,122.2 89.7,173.7zm-4347.7 -37.4c13.3,82.8 -16,134.4 -88.8,159.9 -21,-63.5 -55.5,-126.1 -58.6,-189.8 -2.2,-34 45.6,-97 78.2,-102.2 144.7,-23.3 35.3,97.4 69.2,132.1zm5573.6 -291.5l0 -309.2c145.7,-11.4 163.5,88.3 151.9,191.9 -8.5,77.5 -57.5,134.9 -151.9,117.3zm-67.9 -308.1c-99.1,-63 -105.3,-153.2 -71.4,-245.8 23.1,-63.3 77.7,-73.5 97,-25.9 25.2,61.7 25.4,132.7 43.2,198 19.9,73.4 -0.8,96.2 -68.8,73.7zm21678.3 -597.8c90.4,51.6 56.8,135.5 53,203.9 -1.5,21.4 -74.1,63.7 -95,54.1 -88.5,-39.6 -54.6,-128.7 -49.5,-197.5 1.3,-23.1 61.2,-41.6 91.5,-60.5zm5785.8 -109.1c-62.9,98.6 -152.9,105.1 -245.8,71.2 -63,-23.2 -73.6,-77.5 -25.8,-96.8 61.3,-25 132.9,-25.9 198,-43.5 73.4,-20 96.4,0.9 73.6,69.1zm-5286.1 28.4c-51.7,90.7 -135.2,57 -203.8,53.1 -21.6,-1.2 -63.9,-73.8 -54.5,-94.9 39.8,-88.6 129.3,-54.6 197.7,-50.1 22.9,1.6 41.6,61.7 60.6,91.9zm5916.3 -8318.5c-26.5,51.3 -58.2,112.7 -89.8,173.5 -25.6,-38.8 -75.9,-80.8 -71.9,-116.7 7.2,-65.9 46.3,-128.5 71.9,-193 25.9,39.6 51.9,78.4 89.8,136.2zm-11775.2 8069.9c-17.2,42.2 -29.6,117.5 -53.9,121.5 -90.6,15.6 -111.8,-52.7 -98.9,-127.1 7.6,-44.1 27.7,-117.3 52.1,-121.8 90.5,-15.4 107.2,51.9 100.7,127.4zm11075.4 -156.4c-98.7,-62.9 -105.1,-153.1 -71.1,-245.7 23.2,-63.3 77.5,-73.5 96.9,-26.5 25.2,62.3 25.8,133.3 43.6,198.6 19.9,73.2 -0.9,96.3 -69.4,73.6zm-35065.3 -1.3c0,-50.5 2.2,-101.3 -0.4,-151.8 -3.1,-75.1 8.5,-146.3 103.7,-124.9 25.2,5.5 41.9,80.3 49.5,125.3 8.7,49.2 2.2,100.9 2.2,151.4l-155 0zm-2534.2 -22.2c-30.3,-19.2 -90.2,-37.7 -92,-60.8 -4.6,-68.4 -38.7,-157.7 49.7,-197.7 21.4,-9.4 94,32.9 95.3,54.3 4,68.6 37.6,152.1 -53,204.2zm9963.5 -7094.6c-17.2,42.7 -29.7,117.7 -53.9,121.7 -90.6,15.6 -112,-52.7 -98.9,-126.6 7.8,-44.3 27.6,-118 51.9,-122.1 90.6,-15.3 107.3,51.7 100.9,127zm15729 174.5c90.2,52.1 56.8,135.2 53,204.2 -1.6,21.2 -74.4,63.5 -95.3,54.5 -88.8,-40.2 -54.3,-129.7 -49.5,-197.9 1.4,-23.2 61.5,-41.8 91.8,-60.8zm8263.5 287.2c42.7,17.6 117.5,29.4 121.6,53.9 15.8,90.4 -52.4,112 -126.7,98.9 -44.1,-7.2 -118,-27.8 -122,-51.9 -15.6,-90.8 51.6,-107.5 127.1,-100.9zm-27610.4 5549.4c-30.1,-19.1 -90.2,-37.8 -91.5,-60.8 -4.9,-68.7 -39.2,-157.8 49.6,-197.4 21.2,-9.6 93.6,32.7 94.9,54 3.8,68.9 37.8,152.3 -53,204.2zm6810 -38228.7c-30.3,-19.1 -90.2,-38.2 -91.5,-60.7 -5.1,-69.1 -38.9,-157.9 49.5,-197.8 21.1,-9.5 93.9,32.8 95,54.1 4.5,68.6 37.6,152.3 -53,204.4zm17238 3269.5c6.2,75.2 -10.3,142.5 -100.9,127.5 -24.3,-4.6 -44.3,-77.7 -52.1,-122.2 -13.1,-74.3 8.4,-142.3 99.1,-126.7 24.2,4 36.1,78.9 53.9,121.4zm5668.4 135.3c-30.2,-18.9 -90.3,-37.6 -91.5,-60.7 -4.9,-68.6 -38.9,-157.7 49.5,-197.8 21.1,-9.3 93.7,33.2 95.1,54.2 4.2,68.7 37.4,152.3 -53.1,204.3zm-35133.5 34094.8c90.8,52 57.2,135.1 53,204.1 -1.4,21.2 -73.8,63.7 -94.9,54.3 -88.6,-40 -54.5,-128.9 -49.6,-197.9 1.3,-22.5 61.4,-41.6 91.5,-60.5zm13059.2 287.1c-145.2,10.8 -163.5,-88.1 -151.9,-191.9 8.5,-77.4 57.2,-135.1 151.9,-117.8l0 309.7zm3272.3 -34724.1c18,-32.5 36.3,-65.9 55.2,-99.7 17.2,17.4 51.2,38 48.6,50.7 -8.5,36.6 -31.4,69.7 -48.6,104.2 -17.1,-17.3 -34.3,-34.5 -55.2,-55.2zm-44.5 -9905.5c-20.5,20.5 -37.9,37.8 -55,55 -17.2,-34.5 -40.6,-67.5 -48.6,-103.8 -2.6,-12.7 31.4,-33.4 48.6,-51.2 18.7,34.1 37.1,67.9 55,100zm-16361.4 26775.7c18,-32.6 36.7,-66 55,-99.6 17.4,17.2 51.6,37.9 48.7,50.6 -8.2,36.5 -31.3,69.7 -48.7,103.9 -17.1,-16.9 -34.3,-34.2 -55,-54.9zm17644.1 -44.6c20.9,-20.7 38,-37.8 55.2,-55 17.1,34.3 40.1,67.2 48.1,103.8 3.1,12.7 -31,33.8 -48.1,51 -18.5,-33.9 -37.2,-67.3 -55.2,-99.8zm4676.1 -32.9c32.1,18 66.3,36.7 99.5,55 -17.1,17.1 -38,51.4 -50.5,48.7 -36.5,-8.4 -69.7,-31.6 -103.8,-48.7 16.7,-16.8 34.1,-34.1 54.8,-55zm-5494.2 -16837.4c-18,32.7 -36.7,65.9 -55.2,99.9 -17.3,-17.3 -51.6,-38.5 -48.5,-50.9 8,-36.8 31.2,-69.7 48.5,-104 17.2,17.3 34.3,34.3 55.2,55zm22309.3 -10975c-30.5,24.1 -69,73.3 -90.2,66.6 -59.9,-18.7 -69.9,-65.5 -28.7,-91.1 35,-22.2 79,-30 118.9,-44.3l0 68.8zm-16892.6 11019.7c-20.5,20.7 -37.9,37.9 -54.8,55.2 -17.5,-34.5 -40.5,-67.6 -48.3,-104.2 -3.3,-12.7 30.8,-33.6 48.3,-50.7 18.5,33.8 37.2,67.2 54.8,99.7zm2366.3 41744.1c20.7,-20.7 37.9,-38 55,-55.2 17.4,34.5 40.4,67.3 48.2,103.8 3.1,13.1 -30.8,33.6 -48.2,50.8 -18.7,-33.5 -37.1,-67.1 -55,-99.4zm14813.7 -35862.9c-20.9,20.9 -38.2,38.2 -54.9,55.2 -17.4,-34.3 -40.4,-67.5 -48.4,-104.2 -3.1,-12.5 31,-33.4 48.4,-50.4 18.5,33.7 36.9,66.8 54.9,99.4zm-6533.4 -17611.4c-32.3,-17.6 -66,-36.2 -99.4,-54.9 17.2,-17.2 38.3,-51.1 50.8,-48.6 36.1,8.3 69.7,31.4 103.5,48.6 -16.9,17.3 -33.8,34.4 -54.9,54.9zm-8976.7 0c-32.9,-17.6 -65.9,-36.2 -100,-54.9 17.4,-17.2 38.5,-51.1 51,-48.6 36.7,8.3 69.5,31.4 103.8,48.6 -16.9,17.3 -34.3,34.4 -54.8,54.9zm-11243.3 -1215.7c75.1,-5.3 143.9,9.8 122.5,102.5 -5.6,25.4 -79.9,35.2 -122.5,52.3l0 -154.8zm23812.5 19866c-17.9,32.4 -36.3,65.9 -54.8,99.9 -17.4,-17.4 -51.4,-38.5 -48.3,-51 8,-36.5 30.9,-69.6 48.3,-103.9 17.1,17.3 34.3,34.3 54.8,55zm-6013.6 18672.6c5.3,75.1 -10.1,143.7 -102.7,122.5 -25.2,-5.8 -35.2,-80.1 -52.1,-122.5l154.8 0zm2011.8 68.9c-30.2,24 -68.8,73.2 -89.7,66.5 -60.1,-18.7 -70.4,-65.6 -29.4,-90.8 35.2,-22.5 79.3,-30.5 119.1,-44.6l0 68.9zm4179 15012.9c-30.7,24.1 -69,73.3 -90.4,66.6 -59.3,-18.5 -69.3,-65.2 -29,-90.8 35.6,-22.5 79.3,-30.3 119.4,-44.8l0 69zm-30412.7 -69c16.7,34.5 40.1,67.3 48.1,103.8 2.7,12.9 -31.4,33.8 -48.1,51.2 -17.4,-34.7 -40.3,-67.7 -48.3,-104.2 -3.1,-12.3 30.9,-33.4 48.3,-50.8zm-7993.5 55.2c-17.7,32.3 -36.2,65.9 -54.9,99.8 -17.2,-17.2 -51.2,-38.3 -48.6,-51.2 8.2,-36.5 31.4,-69.3 48.6,-103.8 17.5,17.2 34.3,34.5 54.9,55.2zm7541.5 -32699.7c17.8,18 51,43.2 47.7,48.9 -17.9,33.7 -38.6,75.5 -69.8,90.6 -64.5,31.7 -96.8,0 -65.2,-65 15.4,-31.6 57.5,-50.1 87.3,-74.5zm15365.2 86.8c-20.7,20.9 -37.9,38.1 -55.4,55.7 -17,-34.8 -39.9,-67.8 -47.9,-104.2 -3.1,-12.8 30.9,-33.5 48.1,-50.8 18.5,33.6 37.4,67.2 55.2,99.3zm11166 -30.3c-30.7,23.6 -69.3,73.3 -90.4,66.6 -59.9,-18.7 -69.7,-65.3 -29,-91.3 35.3,-21.8 79.3,-30.1 119.4,-44.5l0 69.2zm-3305.3 -10925.7c-32.9,-17.9 -66.1,-36.1 -99.9,-54.8 17.3,-17.2 38.2,-51.4 50.9,-48.3 36.6,7.8 69.7,31.1 103.8,48.3 -16.9,17.3 -34.1,34.3 -54.8,54.8zm2828.2 20852.2c-17.9,18 -43.2,50.8 -48.8,47.9 -33.6,-18.3 -75.2,-39 -90.6,-70.4 -31.8,-64.6 0,-96.4 65,-65.2 31.6,15.5 50.3,57.6 74.4,87.7zm-51.9 8744.7c18,17.8 50.7,43.1 47.4,48.9 -18.3,33.6 -38.7,75.3 -69.9,90.6 -64.6,31.5 -96.6,0 -65.3,-65.4 15.4,-31.2 57.7,-49.9 87.8,-74.1zm-29961.4 -16728.3c-4.2,-107.1 47.6,-158.8 154.7,-154.8 4.1,107.4 -47.6,158.8 -154.7,154.8zm2407.5 28633.2c-24.2,-30.5 -73.4,-69.4 -66.7,-90.2 18.6,-60.1 65.4,-69.9 91.2,-29.1 21.9,35 29.9,79.3 44.3,119.3l-68.8 0zm-7260.4 -22.4c-32.7,-17.7 -66.1,-36.6 -100,-55 17.2,-17.2 38.3,-51.1 51,-48.6 36.5,8.3 69.5,31.4 103.8,48.6 -17.4,17.1 -34.3,34.4 -54.8,55zm11043.9 -19874.6c-30.7,24.2 -69.2,73.6 -90.3,66.7 -59.5,-18.6 -70,-65.6 -29,-90.8 35,-22.5 79.1,-30.3 119.3,-44.7l0 68.8zm16196 19100.6c-32.5,-17.6 -66.1,-36.3 -99.6,-54.8 17,-17.5 38.1,-51.4 50.6,-48.5 36.8,8.2 69.7,31 103.8,48.5 -17.2,17.2 -34.1,34.1 -54.8,54.8zm-20375.1 22.5c-3.8,-106.9 47.8,-159 154.9,-154.7 4,107.1 -47.6,158.5 -154.9,154.7zm15013 -26861.6c-30.3,24 -69.1,73.2 -90.2,66.6 -60.1,-18.6 -69.9,-65.5 -29,-91.3 35.4,-21.7 79.1,-29.9 119.2,-44.4l0 69.1zm1393.1 0c-30.7,24 -69.2,73.2 -90.2,66.6 -59.9,-19 -69.9,-65.5 -28.9,-91.3 34.9,-21.7 79,-29.9 119.1,-44.4l0 69.1zm10292.3 -69.1c17.2,34.5 40.5,67.3 48.3,104 3.1,12.9 -31.1,33.7 -48.3,51 -17.2,-34.3 -40.1,-67.9 -48.3,-104 -2.9,-12.7 31.1,-33.4 48.3,-51zm5030.2 69.1c-30.5,24 -68.9,73.2 -90.2,66.6 -60.1,-19 -69.9,-65.5 -29,-91.3 35,-21.7 78.9,-29.9 119.2,-44.4l0 69.1zm-99.6 16823.5c32.7,17.9 65.7,36.6 99.5,55.1 -17.1,17.1 -38,51.6 -50.5,48.5 -36.7,-8.3 -69.9,-31.4 -104.6,-48.5 17.5,-17 34.7,-33.9 55.6,-55.1zm-22364.9 -15709.4c-20.9,20.7 -37.9,37.9 -55.2,55 -16.9,-34.3 -40.1,-67.5 -48.3,-104 -2.3,-12.6 31.4,-33.4 48.7,-50.5 18.3,33.6 37,67 54.8,99.5zm16218.6 32.8c-32.5,-17.9 -66.1,-36.4 -100,-55 17.4,-17.2 38.4,-51.3 51,-48.4 36.5,8.1 69.5,31.2 103.8,48.4 -17.1,17.1 -34.3,34.3 -54.8,55zm-17147.1 24531.3c-18,32.7 -36.3,65.9 -55,100 -17.3,-17.4 -51.4,-38.3 -48.1,-50.8 7.8,-36.9 30.8,-69.7 48.1,-104 16.9,17.2 34.3,34.3 55,54.8zm-4311.6 22.5c-33.9,17.1 -67,40.1 -103.8,48.3 -12.4,2.9 -33.6,-31.2 -50.7,-48.3 34.3,-17.2 67.6,-39.9 103.9,-48.5 12.5,-2.7 33.4,31.3 50.6,48.5zm-5007.5 55.2c-32.5,-18.2 -66.1,-36.3 -99.9,-55.4 17.6,-17 38.2,-50.8 50.9,-48.3 36.5,8.6 69.5,31.3 104.2,48.3 -17.3,17.5 -34.7,34.7 -55.2,55.4zm24130.6 -23812.9c-24,-30.5 -73.3,-69.2 -66.6,-90.3 18.7,-59.9 65.7,-69.9 91.3,-28.8 22,35.2 29.9,79.3 44.6,119.1l-69.3 0zm8404.4 -99.5c-18,32.1 -36.5,65.9 -54.9,99.5 -17.2,-16.9 -51.5,-38.2 -48.6,-50.7 8.2,-36.5 31.4,-69.5 48.6,-103.6 16.9,16.8 34,34.1 54.9,54.8zm1570 13.8c-30.6,23.9 -68.8,73.3 -90.4,66.4 -59.7,-18.5 -69.7,-65.5 -28.7,-91.1 34.9,-22 78.8,-30 119.1,-44.1l0 68.8zm1328.3 -56.5c18.1,18 50.6,43.4 47.7,48.9 -17.9,33.9 -38.8,75.1 -69.9,90.7 -65.1,31.6 -96.5,0 -65.5,-65 15.6,-31.6 57.7,-50.3 87.7,-74.6zm-16495.8 15929.2c-4.1,-107.4 47.6,-158.8 154.3,-155 4,107.3 -47.5,158.8 -154.3,155zm-8357.9 -30576.1c-30.6,23.8 -69.5,73.4 -90.2,66.7 -59.9,-18.5 -70.1,-65.7 -29,-91.2 35,-22.1 78.8,-30.1 119.2,-44.4l0 68.9zm5042.6 21611.9c18,18 51,43.2 47.9,48.9 -18.3,33.5 -38.8,75.1 -70.4,90.5 -64.3,31.6 -96.4,-0.3 -64.8,-65 15.4,-31.5 57.4,-50.2 87.3,-74.4zm20904.1 9.6c20.9,20.7 38.1,38 55,54.9 -34.1,17.4 -67.5,40.6 -103.8,48.4 -12.7,2.9 -33.6,-31 -51,-48.4 33.7,-18.6 67.3,-36.9 99.8,-54.9zm2012.3 15896.9c-32.7,-17.9 -66.1,-36.6 -100,-54.8 17.2,-17.4 38.4,-51.2 51,-48.8 36.6,8.2 69.5,31.4 103.8,48.8 -17.1,16.9 -34.3,34 -54.8,54.8zm-4897.7 -3692c-107.5,3.9 -159.1,-47.7 -155.1,-154.8 107.5,-4.2 159,47.4 155.1,154.8zm-7351.7 2785.7c17.2,34.3 40.1,67.3 48.3,104 2.7,12.7 -31.1,33.6 -48.3,50.8 -17.3,-34.1 -40.5,-67.5 -48.7,-103.8 -2.9,-12.7 31.4,-33.6 48.7,-51zm-20452.4 132.3c-20.6,-20.3 -38,-37.8 -55.4,-55.2 34.8,-16.9 67.5,-39.8 104.2,-47.9 12.7,-2.7 33.4,31 50.8,47.9 -33.7,19.1 -67.3,37.4 -99.6,55.2zm-2896.2 0c-32.7,-17.8 -65.9,-36.1 -99.8,-54.8 17.2,-17.3 38.3,-51 51.2,-48.3 36.4,8.1 69.3,31 103.6,48.3 -17.1,17 -34.3,34.5 -55,54.8zm29706.5 14583.7c18,18 51.2,43.2 47.6,49 -17.8,33.8 -38.5,75.3 -69.7,90.8 -65,31.4 -96.6,-0.4 -65,-65.4 15.3,-31.6 57.2,-49.9 87.1,-74.4zm-2423.9 -50533.1c-18,17.8 -43.2,50.6 -49.1,47.5 -33.5,-17.9 -75.3,-38.8 -90.4,-70 -31.7,-64.5 0.2,-96.8 65.2,-64.8 31.4,15.2 49.9,57.1 74.3,87.3zm3959.2 49437.2c17.4,34.7 40.3,67.1 48.4,103.8 2.9,12.9 -31,33.8 -48.4,51 -17.3,-34.3 -40.3,-67.7 -48.1,-104 -3.1,-12.5 31,-33.4 48.1,-50.8zm-40185.9 55.2c-17.6,32.1 -36.3,66 -55,99.6 -17.2,-17 -51.3,-38.1 -48.2,-50.6 7.9,-36.9 31,-69.7 48.2,-104.2 16.9,17.2 34.2,34.5 55,55.2zm11265.5 -34547.1c20.7,20.5 38.2,37.9 55.4,55 -34.7,17.1 -67.5,40.1 -104.2,48.6 -12.7,2.4 -33.2,-31.5 -50.6,-48.6 33.5,-18.7 67.3,-37 99.4,-55zm29384.7 33718.2c17.4,34.3 40.3,67 48.3,103.8 3.1,12.6 -30.9,33.8 -48.3,50.7 -17.2,-34.3 -40.1,-67.4 -48.4,-103.9 -2.8,-12.7 31.2,-33.5 48.4,-50.6zm-4897.7 -32557.7c-20.5,20.7 -37.9,38.1 -55,55.4 -17.1,-34.7 -40.1,-67.7 -48.3,-104 -2.9,-12.9 31.2,-34 48.3,-50.9 18.7,33.6 36.8,67.2 55,99.5zm5417.1 -44.5c-18,32.4 -36.3,66.1 -54.8,99.7 -17.5,-17.1 -51.4,-38.3 -48.9,-51 8.6,-36.3 31.4,-69 48.9,-103.8 16.8,17.2 34.1,34.8 54.8,55.1zm-26972.7 7696.2c18,17.7 50.8,43.3 47.4,49.1 -18.4,33.4 -38.5,75.1 -69.9,90.5 -65,31.6 -96.4,-0.3 -65.4,-65.3 16,-31.6 58.1,-49.9 87.9,-74.3zm3646.8 87.2c17.8,-32.3 36.1,-66.1 54.8,-99.9 17.3,17.3 51.2,38.2 48.3,50.9 -8,36.3 -31,69.9 -48.3,103.8 -16.9,-17.2 -34.3,-33.9 -54.8,-54.8zm15231 54.8c-23.6,-30.3 -73.1,-69.2 -66.6,-90 18.7,-60.1 65.5,-69.9 91.1,-29.1 22.2,35.1 30,79.4 44.5,119.1l-69 0zm-21599.1 22596.9c5.4,75.5 -10,143.9 -102.6,122.9 -25.2,-5.7 -35.2,-80.1 -52.3,-122.9l154.9 0zm27794.4 -14690.7c18,18 50.5,43.4 47.6,49.1 -17.8,33.5 -38.7,75.1 -70.1,90.5 -64.6,31.5 -96.5,-0.3 -65.1,-65.3 15.2,-31.6 57.7,-49.9 87.6,-74.3zm-14084.5 -34823.9c18,18 51.1,43.2 47.8,48.9 -18.2,33.7 -38.7,75.3 -70.1,90.5 -64.8,31.6 -96.6,-0.3 -65.1,-65.1 15,-31.8 57.5,-50.1 87.4,-74.3zm-4578.4 56.5c-30.6,23.9 -69.1,73.1 -90.2,66.6 -59.9,-19.1 -69.7,-65.5 -29,-91.3 35.4,-22 79.1,-30 119.2,-44.7l0 69.4zm-6410.2 -56.5c17.4,18 50.8,43.2 47.4,48.9 -18,33.7 -38.5,75.3 -69.9,90.5 -65,31.6 -96.4,-0.3 -65.4,-65.1 16,-31.8 57.8,-50.1 87.9,-74.3zm-7309.4 119.7c-20.8,-20.6 -37.9,-37.4 -55.3,-55.2 34.5,-16.9 67.7,-40.3 104.2,-48.3 12.7,-2.6 33.4,31.4 50.6,48.3 -33.6,19 -67.2,37.4 -99.5,55.2zm-3524.9 -119.7c17.9,18 51,43.2 47.7,48.9 -18.2,33.7 -38.7,75.3 -69.9,90.5 -64.6,31.6 -96.7,-0.3 -65,-65.1 14.7,-31.8 57.2,-50.1 87.2,-74.3zm-3095.3 0c17.9,18 50.4,43.2 47.5,48.9 -18.1,33.7 -38.6,75.3 -70,90.5 -64.7,31.6 -96.6,-0.3 -65.2,-65.1 15.6,-31.8 57.7,-50.1 87.7,-74.3zm35143 5227.4c-32.8,-17.8 -65.9,-36.7 -99.6,-55 16.8,-17.4 37.9,-51.4 50.6,-48.6 36.7,8.3 69.5,31.2 104,48.6 -17,17.1 -34.5,34.3 -55,55zm5449.8 43568.5c-18,32.8 -36.7,65.9 -55.2,99.6 -17.1,-17 -51,-38.3 -48.3,-50.6 8,-36.7 31.2,-69.7 48.3,-104.4 17.2,17.4 34.3,34.7 55.2,55.4zm2950.4 -43611c-18,17.8 -43.4,50.5 -49,47.6 -33.8,-18 -75.3,-38.5 -90.6,-69.9 -31.6,-64.8 0.4,-96.6 65.5,-65.2 31.4,15.3 49.8,57.4 74.1,87.5zm-10202.3 43710.8l-154.8 0c-5.6,-75.3 9.6,-143.9 102.4,-123.1 25.4,6 35.2,80.3 52.4,123.1zm-13487.9 -55c-20.5,20.5 -38,37.6 -54.8,54.8 -17.5,-34.3 -40.3,-67.1 -48.5,-103.6 -2.7,-12.9 31,-34 48.5,-51.2 18.5,33.9 36.8,67.2 54.8,100zm-5107.4 0c-20.7,20.5 -37.8,37.8 -55.2,54.8 -16.9,-34.3 -40.1,-67.1 -48.3,-103.6 -2.7,-12.9 31.4,-34 48.3,-51 18.7,33.7 37.2,67 55.2,99.8zm-12846.1 -28942.6c-20.7,20.5 -38.1,38.1 -55.2,54.8 -17,-34.3 -40.1,-67.2 -48.3,-103.8 -2.7,-12.8 31.3,-33.6 48.7,-50.7 18.5,33.6 37.2,67.2 54.8,99.7zm39157.6 0c-20.7,20.5 -37.5,38.1 -55,55.2 -17.2,-34.7 -40.6,-67.6 -48.6,-104.2 -2.9,-12.8 31.4,-33.6 48.6,-50.7 18.7,33.6 37.1,67.2 55,99.7zm-2663.9 -20552.3c-32.2,-17.6 -66.3,-36.3 -100.1,-54.8 17.5,-17.5 38.5,-51.4 51,-48.3 36.9,7.8 69.6,30.8 104.2,48.3 -17.2,17.2 -34.6,34.3 -55.1,54.8zm-12326.8 28578c-34.3,17.4 -67.3,40.4 -104,48.2 -12.5,3.1 -33.7,-30.8 -50.6,-48.2 34.5,-16.9 67.3,-40.2 103.8,-48.5 12.9,-2.6 33.4,31.2 50.8,48.5zm-1105.7 -21645.7c-20.7,20.5 -37.9,37.8 -55.3,55 -16.9,-34.5 -40.2,-67.5 -48.3,-104 -2.7,-12.7 31.4,-33.8 48.3,-51 18.7,33.8 37.4,67.7 55.3,100zm13418.7 55c-24.2,-30.5 -73.2,-69.3 -66.7,-90.2 18.7,-59.9 65.7,-70.1 91.2,-29 21.9,35.4 30.1,78.9 44.6,119.2l-69.1 0zm-8598.3 -8134c-30.7,24.1 -69.1,73.5 -90.4,66.6 -59.5,-18.5 -69.9,-65.6 -29,-91.1 35.4,-22.2 79.3,-30.5 119.4,-44.7l0 69.2zm-9960.6 49590.7c-32.7,-17.6 -65.9,-36.4 -99.7,-54.8 17.1,-17.4 38,-51.2 50.8,-48.3 36.5,7.8 69.6,30.9 103.9,48.3 -17.1,17.1 -34.3,34.3 -55,54.8zm-6158.3 -44806.7c-18.1,32.4 -36.3,65.9 -55,99.5 -17.2,-17.2 -51.2,-37.9 -48.3,-50.6 8.2,-36.7 31.1,-69.4 48.3,-104.2 17.1,17.4 34.3,34.8 55,55.3zm3362.7 3981.6c17.6,17.9 50.8,43.2 47.6,49 -18,33.6 -38.7,75.3 -70.1,90.6 -64.5,31.6 -96.4,-0.4 -65.2,-65 15.4,-31.6 57.7,-50.3 87.7,-74.6zm16405.9 0c18,17.9 50.8,43.2 47.9,49 -18.3,33.6 -39.2,75.3 -70.4,90.6 -64.4,31.6 -96.4,-0.4 -65.4,-65 16,-31.6 58,-50.3 87.9,-74.6zm429.3 120c-20.5,-20.7 -37.7,-38 -54.8,-55 34.3,-17.5 67.2,-40.5 103.8,-48.3 12.7,-3.3 33.8,30.8 50.5,48.3 -33.4,18.3 -67.2,36.8 -99.5,55zm5030.3 -32.5c-20.7,20.3 -37.8,37.7 -55.2,54.8 -17.3,-34.5 -40.1,-67.5 -48.1,-104 -2.9,-12.7 30.8,-33.8 48.1,-51 18.5,33.7 37.4,67.3 55.2,100.2zm-101055.7 43623.4c-17.3,-17.4 -38,-51.3 -50.9,-48.4 -36.4,8 -69.3,31 -104,48.4 17.1,16.9 38,51.2 51,48.2 36.3,-7.9 69.4,-30.9 103.9,-48.2zm-1589.7 -2496.9c33,313.5 2.7,688.3 273.4,1026.4 157.4,0 334,-5.7 510.6,2.3 117.3,4.9 349.1,-33.7 323.5,81.5 -71.7,317.5 458,159.2 330.1,477.5 -58.1,145.7 100.9,212 152.8,318.4 135.8,278.6 271.9,290.6 456.2,8.5 71.9,-110.7 152.1,-145.1 237.8,-106.6 101.1,46.5 89.5,150.3 50.6,257.1 -118.3,322 -47,515.7 215.5,498.1 366.7,-24 741.6,129.1 1110.8,-98.2 125.1,-77 431.9,-215.3 559.5,109.1 -154.1,68.4 -438.6,-185.3 -468.9,199.5 -10.7,135.1 -143.2,123.3 -240,107.6 -227.4,-35.7 -353.6,24.7 -425.5,272.9 -65.7,225.5 -284.5,298.6 -503.6,405.5 -241,117.5 -432.7,35.2 -604.1,102.4 -155,-159.4 7.3,-351.1 -144.9,-458.2 -155.5,45.2 -23.7,247.3 -175.1,290.1 -172.1,-188.6 -105.9,-554.7 -471.7,-640.4 -133.8,-31.4 -77.8,-241.3 -50.2,-347.5 27.5,-106.4 193.8,-167.5 113.6,-378.1l-837.6 0c-132.5,-352 -82.4,-591.1 254.7,-737.8 -220,-108 -427.9,-25.7 -625.6,-54.2 -23.2,-116.9 77,-296.3 -154.4,-309.5 114.9,-317.5 -419.7,-308.1 -313,-632.5 85.1,-259.8 -120,-464.9 -173,-700 -9.4,-42.1 -67.5,-75.3 -105.8,-109.4 -54.7,-48.7 -92.1,-114 -188.7,-109.3 -151.5,7.2 -147.4,105.4 -148.4,208.9 -0.4,51.9 13.8,108 -2.8,154.1 -60.8,169.2 -210.5,97.7 -325.1,101.7 -149,5.3 -106,-126.9 -142.7,-212.2 -94.9,-220.6 274.3,-267.2 145.8,-484.3 -80.8,-193 -498.5,98.9 -464.7,-315.2 5.4,-71.1 -131.1,-94 -193.7,-64.4 -350.6,165.7 -362.5,-320.4 -633.2,-321.5 -78.4,0 -71.5,-151.6 -6.7,-137.1 297,66.3 203.3,-486.3 560.7,-329.1 123.3,54.3 94.1,-132.9 141.6,-201.5 125.6,-182.8 266.7,-412.3 523.7,-118.5 51.6,58.6 200.8,-6.2 246.2,140.1 -31.2,190.8 -254.3,360.3 -128,611.6 104,93.1 237.8,30.3 359.6,40.1 295.2,24.7 654.5,-122.2 786.1,311.9 397.9,-78.3 400.2,172.3 370.3,447.1 -9.6,88.6 27.9,156.1 106.9,167.9 101.7,15.4 212.8,6.2 203.1,-146.5 -9.6,-147.9 89,-171.9 195.6,-155.9 138.8,20.7 123,138.5 113.2,237.2 -16.3,159.4 86.4,303.6 199.9,212.4 284.6,-229.8 402.8,28.2 572.7,139.8 29.1,19.4 8.4,109.8 38.2,134 393.7,317.7 348.9,338 485,623.9 113.8,240.2 -100.7,324.8 -118.5,515.9 -115.7,-349.3 -425,-408.6 -701.8,-534.4 -7.3,-168.1 -14.9,-341.7 -22.5,-505.2 -133.3,-74.3 -148.4,28.8 -138,82.4 52.5,268.3 -352.7,74.4 -315.9,323.5 22.2,145 -83.7,172.8 -191.5,157.4 -139.9,-20 -95.3,-143.1 -120.3,-235.3 -66.1,-240.5 118.1,-414.1 191.3,-590.9 -392.3,-310.6 -442.4,145.1 -693.1,266.9 71.9,-313 71,-566.8 -55.2,-818.7 -57.3,255.4 -89.7,509.9 55.2,818.7zm53019.4 -15450.7c-298.1,28.8 -329,-214.2 -502,-472.2l0 821.6c-177.9,-183.3 -242.9,-403.1 -302,-603 -111.7,-377.2 43,-546.1 437.3,-604.5 113.3,-16.5 241,55.4 328.4,-104.9 63.1,-116.4 457.6,-598.5 456.3,-644.7 -5.2,-166.8 -115.6,-260.3 -255.4,-306.6 -193.9,-64.6 -197.3,-55 -216.5,-274.6 -358.4,-189.7 -549.9,-30.2 -746.5,286.6 -141.1,226.8 -260.3,457.3 -367.8,697.6 -404.1,-641.7 -404.1,-641.7 -489.8,-1361.4 -35.5,42.4 -69.5,71.5 -88.4,108 -136.1,259.4 -177.5,273 -310.7,95.6 -182.1,-242.5 -173.6,-237.6 -313,0.8 -79.3,135.6 -185.3,255.7 -199.5,481.6 -283.2,-457.1 141.9,-777.5 47.9,-1144 94.8,17.2 143.2,-40.3 152,-117.3 11.6,-103.9 -6.4,-203.3 -152,-192.4 102.9,-285.8 -152.8,-300.1 -303.3,-394.5 45.4,-24.5 87.3,-66.3 129.6,-66.3 130.1,-0.3 184.1,-61.1 173,-183.9 -12.5,-147.5 -123.5,-131.2 -224.6,-129 -51.9,0.9 -145,-12.2 -149,1.6 -153,529.2 -546.2,229.3 -828.9,314.2 -117.1,-469.6 379.6,-532 437.7,-855.9 20,-111.8 170.1,-75.9 269,-78.9 413.2,-13.5 835.8,67.8 1260.4,-209.2 -133.2,490.3 -505.2,798.4 -444.8,1285.5 299,24.6 572.6,-363.7 828.2,-6.8 182.4,255.3 97.1,497.6 -38.3,735.8 102.2,164.4 427.5,-121.6 457.6,256.5 12.9,164.3 184.6,165.9 298.5,-32.7 124,-215.7 383.9,-256.5 440.7,-89.3 122.2,360.9 565.3,411.5 664.3,783.8 36.4,136.9 231.9,32.7 418.4,84.6 5.1,270.7 11.1,568.6 16.7,867 1.8,109.9 -14.4,200.8 -160.7,197 -42.8,-0.9 -124.5,37.2 -123.8,55.5 2.6,89.2 92.2,70.5 145.2,102.1 186.8,111.6 198.3,262.1 27.6,286.8 -329.1,46.8 -148.5,265.2 -217.4,455.5 336.9,-131.8 613.7,-155.6 805.6,212.7 83.5,160.1 308.6,229.5 407.9,425 41.9,82.6 336.7,-98.4 344.7,149 6.2,192.4 -140.3,306.4 -345.4,326.2 -39.1,3.5 -73.4,56.7 -133.8,106 108.2,233.3 267.6,482.4 149,754.5 -26.5,61.5 -117.4,288.6 -251.6,149.9 -103.8,-107.6 -331.6,-0.7 -339.6,-228 -3.5,-90.9 32.8,-151.7 112.5,-163.7 103.5,-15.6 202.1,-6 202.1,-158.5 0,-98 -48.3,-156.8 -125.5,-149.2 -128.3,12 -326.7,-99 -344.7,162.6 -2.7,43.8 -40.1,85.7 -69.5,145.4 -87.7,-173.5 -169.9,-336.7 -248.4,-492.5 39.3,-53.5 62.5,-120.5 96.4,-125.8 356.6,-58.4 356.9,-55.5 340.8,-469 -224.6,0 -451.3,3.1 -677.7,-1.1 -101.6,-1.8 -487.4,-465.8 -477.2,-689.1 15.2,-46.7 -27.4,-28 -42.5,3.6 -31.4,64.6 0.4,97 65,65 31.4,-15.4 52.1,-57.2 70.2,-90.6 3.1,-5.8 -29.9,-31.2 -92.7,22zm-24035 -37538.7c-175.7,292 -255,565.1 -14.7,886.7 74.8,100.4 79.3,207.2 238.5,199.4 331.2,-17.1 583.7,93.6 749.9,412.4 56.1,107.3 231.1,96.9 261.6,-89.1 11.7,-72.6 9.8,-137.8 100.2,-151.2 265.8,465.2 -224.9,699.9 -320.9,1055 -302.8,-106.7 -151.9,351.1 -395.4,317.9 -6.3,-403.4 0.4,-410.6 -371.6,-749.6 -105.3,-96 -60.8,-237.8 -145.6,-324.9 -164.1,46.1 -59,223.1 -171.1,299 -118,79.1 -198.5,261.7 -372.4,99.8 -126.1,-117.6 -304.2,-236.2 -83.1,-423.7 123.6,-104.7 16.5,-243.2 77,-356 -186.8,-159 -387.8,-74.7 -582.9,-78.6 -43.2,314.3 -266.5,581.7 -207.9,915 -164.3,-22.4 -266.5,-230.6 -463.8,-154.9 -13.3,-290.8 152.7,-508.6 327.1,-703.6 168.1,-188.8 187.2,-421.3 342.9,-631.4 -299.7,-87.6 -504.8,-147.2 -550.9,202.4 -11.1,83 -132.4,56.1 -199.7,39.1 -32.7,-8.2 -80.8,-89.5 -69.9,-114.9 148.9,-343 309,-681.7 4.9,-1026.1 149,-399.5 -250.3,-613 -318.2,-939 -5.3,-24.7 -0.7,-51 2.5,-76.6 120.7,0 249.4,21.6 366.5,-6.4 113.7,-26.5 128.2,-152.5 77,-235.4 -78.1,-127.6 -226.4,-71.4 -338.9,-61.6 -127.1,11.1 -113.7,131.8 -104.6,303.4 -80.4,0 -222,12.5 -224.7,-2 -65.2,-334 -301.4,-338.4 -560.9,-308.1 -93.4,10.7 -134,-45.4 -146.4,-129.8 -12.7,-84.6 24.9,-175.7 97.3,-173.3 331.2,10.9 209.7,-236.6 201.4,-377.3 -6.4,-110 -214.1,-130.3 -229.7,-69.3 -101.8,393.7 -378.3,293.5 -635.7,265.2 -19.1,-51.4 -41.9,-94.2 -51,-140.1 -38.7,-195.5 106.7,-505.8 -67.2,-566.8 -209.1,-73.3 -198.8,-302.2 -311.7,-327.6 -322,-74.1 -319.3,-181.2 -116.5,-389.1 64.8,-66.2 -1.8,-201.5 112,-253.9 125.6,79.5 29,339.6 320.8,321.7 245.4,-15.3 161.5,-231.5 261.7,-281.1 87.4,-42.9 100.1,-134.2 104.4,-229.6l960.9 0c-250.6,50.2 -513.3,54.1 -731.3,192.1 -75.7,48.3 -82.6,128.3 -65.9,201.1 9.1,38.8 57.2,88.8 95.9,97.5 167.6,37.9 355.3,-67.2 510.3,67.5 65.2,239.6 -278.5,379 -125.8,656.6 143,149.6 371.9,-17.4 549.7,81.5 109.1,269.2 209.1,543.5 433.1,749 87.7,-120.2 243.4,-174.6 244.5,-367.6 0.6,-117.1 147.6,-133.2 234.7,-79.9 100.4,61 95,164.9 19.6,258.4 -45.3,56.1 -133.7,88 -109.8,254.1 -34.8,33.8 74.6,-87.3 -70.8,-63.5 -31.9,4.7 -79.7,67.5 -77.7,101.6 2.9,64.1 37.6,126.7 58.8,189.9 72.8,-25.4 101.9,-77 89.7,-228 147.4,-48.1 304.6,-115.6 489.2,17.3 -150.4,198.7 -56.2,577 -510.4,538 -264.5,-22.5 20.9,410.8 -328.4,329.7 138.3,178.2 277.2,107.4 395.7,132.5 79,16.9 157,105.3 104.4,159.7 -249.6,257.6 -50.3,480.7 71.7,766.5l1171.6 0zm19189.3 36652.6l0 -508.4c-128.1,-147.1 -490.8,-124 -604.5,84.9 -62,114.9 -124.3,170.5 -214.5,136.2 -158.1,-60.1 -128.5,-170.3 -42.9,-295.9 88.4,-130 148.7,-280.3 221.3,-421.7 -226.7,-104.8 -470,-81.2 -680.9,-36.9 -313.5,65.6 -134.7,-383.6 -403,-324.9 -243.6,53.4 -321.1,-75.5 -284.5,-298.5 18.4,-112.3 -71.5,-273.2 114,-316.4 248.2,-56.4 164.1,195.2 263.8,340.9 298.6,-451.2 66.3,-841.5 -29.6,-1238 238.4,-63 419,-115.3 442.2,266.5 16.7,271.7 180.5,537.9 295.4,799.3 89.1,202.9 171.2,198.4 299.1,-49.6 63.6,-122.7 135.8,-126 238.2,-119.6 25.8,38.7 84.2,91.3 74.1,117.1 -166.5,429.5 328.5,513 428.2,805.8 16.2,48.1 244,-43.9 108,193.5 -118.5,207.7 -233.8,521.7 197.2,629.6 90.5,23 70.6,177.5 -22.2,252.1 -75.5,60.6 -110.4,171.4 -239.4,170.6 -137.4,-1.2 -348.9,-68.8 -307,193.2 29.4,184.8 201,100.9 314.2,110.7 127.3,10.7 255.8,2.2 378.5,2.2 175,122 -69.3,465.5 321.2,505.8 168.2,17.4 -21.8,375.2 111.8,548 124.7,90.8 311.1,-52.8 422.8,118.4 -15.5,387.2 -339.7,352.5 -617.4,424l0 794.6c-133.3,140.7 -270.1,58.8 -393.9,87.1 -176.3,-163.4 -5.8,-393.4 -111.5,-580.2 -106,-88.2 -238.9,-26.8 -361.4,-37.5 -99.9,-9.5 -207.9,14.5 -224.8,-132.7 -9.9,-85.2 33.6,-130.6 96.8,-181.6 286.3,-231.4 284.6,-246.9 25.4,-462.1 -311.7,-258.9 -431,-317.4 -735.9,-345.7 117.1,-369.2 -278.1,-467.6 -404.7,-725 -10.7,-21.4 -364.7,-151.2 -378.3,180.6 -5.6,138.1 -142.8,147.6 -229.1,105.1 -101.4,-49.9 -92.2,-153.6 -41.9,-258.7 151.8,-316.6 498.5,-518.2 816.9,-510.1 225.6,5.6 417,316.6 616.5,139.3 172.3,-153.8 377.6,-99.3 541.8,-162zm-43333.7 -38045.5c0,-153.8 -6,-307.9 2.4,-461.1 4.9,-95.7 -41.6,-140.2 -121.1,-156.3 -78.8,-16.4 -182.1,11.6 -183.4,83.3 -3.1,155.9 -69.5,291.4 -204.2,211.1 -131.4,-78.4 -254.1,-276.4 -184.1,-443.5 93.2,-222.3 93.5,-416.9 12.9,-637.1 -94.2,62.8 -86.9,138.5 -100.2,212.7 -14.3,78.6 -76.2,117.1 -165.5,109.1 -89.9,-7.6 -138.5,-49 -139.5,-137.2 -2.5,-199.9 -0.9,-399.7 -0.9,-649.5 -198.2,94 -153,409.9 -419.8,324.5 -161.4,-51.3 -354.8,70.8 -523,-91.1 71.5,-271.7 200,-496.5 472.7,-636.6 40.4,-21.1 -5.3,-196.6 142.8,-205.3 130.9,-7.1 129.5,91.5 182.3,175 136.5,215.6 300.1,202 445.5,-59 92.4,-165.6 208.7,-92.8 318.7,-115.3 -80.4,201.9 153.6,304.6 151.4,476.3 -1.4,146.4 -205.6,220.1 -155.2,400.3 19.8,70.6 -1.1,190.1 75.7,195.2 708,43.9 511.8,578 548.6,987.3 1.6,22.3 20.5,42.5 49.6,97.1 151.6,-61.7 97.6,-391.7 364.5,-303.3 161.2,53.5 356.2,-69.5 538.4,101.3 -131.1,267.9 -276.3,540.8 -399,823.6 -79.3,182.6 -296.8,400.6 134.3,494.7 110.6,24.5 160.5,324 239.7,496.8 34.1,75.4 107.2,77.7 174.6,106.4 267.4,114.9 -19.8,-426.2 289.4,-236.2 -39.6,322.4 203.1,207.5 356.3,227.7 19.4,2.7 42.5,-19.8 92.4,-45.8 -15.1,-198.6 85,-398.8 -94.4,-619.5 -226.7,-278.9 -248,-632 -177.7,-981.2 167.7,-116.7 352.7,-6.9 515.5,-70.6 63,124.7 113.3,233.4 171.4,337.6 106,189.3 161.2,425.5 184.6,608.3 20.9,165.6 -138.1,398.7 -119.4,626.5 7.8,94.2 -65.6,106.7 -126.7,151.4 -325.2,236.9 -321.4,242.1 -315.4,716.9 109.9,147.5 331.2,-54.1 411.4,109.6 62.8,129.1 38.3,269.2 -44.8,420.1 -131.5,239.4 -376.9,368.3 -512,599.9 -25.6,43.4 -188.8,6 -312.2,6 -20.2,-215.6 -106,-420.8 31,-593.8 179.9,-226.3 -20.8,-176.4 -119.2,-176.8 -248.9,-0.5 -353.7,-78.2 -174.1,-305.7 69.3,-88.4 104.5,-163.7 21,-323.8 -195.5,81.3 -523.1,-195.7 -605.4,273.3 -3.8,21.8 -138.8,44.7 -198.4,25.6 -86.8,-27.5 -93.1,-174.6 -63.2,-191.1 245.8,-135.6 49.4,-450.9 255.5,-597.4 31.7,-22.7 41.4,-85.5 48.6,-131.8 38.7,-241.1 -352.3,-52.3 -315.9,-322.4 18.6,-138.9 57.6,-423.5 -59.7,-412.6 -436.6,41 -65.7,-502.9 -396.8,-493.6zm-12199.8 34101.9c108.7,-137.2 122.5,-33.7 179.1,35.6 28.9,36.1 166.3,43.2 196.1,10.5 119.1,-133 94.4,-521.1 -65.4,-575.4 -163.2,-55.6 -205.3,-120.9 -181.1,-258.5 54.8,-315.3 -79.2,-575.3 -246.5,-867.9 -43.8,438 -355.3,327.5 -607.8,335.1 -100.6,3.4 -214,-20.9 -229.6,124.3 -12.8,115.7 28.3,191.7 165.5,189 63.2,-0.9 187.3,42 94.8,105.3 -139.1,95.3 -31.6,318.6 -222.4,355.3 -78.2,15.2 -174.1,-4.9 -189.9,-81.9 -71,-348.9 -609.4,-610.9 -189,-1056.9 110.8,-118 -7,-240.1 -110.5,-311.5 -239.3,-164.5 -175.4,-409.2 -159.8,-625.7 8,-106.9 227.5,-118.4 232.4,-65 35,352.9 286.5,279.2 499.8,283.9 115.2,2.4 193.6,29.6 188,167.7 -6.2,150.5 -110.5,136 -212.2,147.1 -30.5,3.4 -55.9,57.5 -85.7,90.2 164.3,122.7 348.4,55.5 519.9,56.5 423.9,2.9 479.8,21 752.3,274.1 40.1,37.4 138.7,30.5 204.2,16.5 134,-28.2 -37.9,-264.9 164.3,-256.2 17.3,1.1 42.5,33.4 47.7,55 69.4,296.1 466,384.9 459.9,720.4 -1.1,60.1 -69.9,149.2 -128,172.2 -337.1,132.7 -407.5,367.3 -288.8,692.2 210.9,20 35.9,-215.5 161.5,-248.3 170.5,554.9 164.5,659.3 -266.8,722.8 -289.9,43.4 -232,425.4 -530.5,396.9 -39,-3.8 -41.5,225.6 60.3,233.2 181,13.8 330,111.9 480.2,142 214.9,43 356,57.5 423.3,296.1 13.6,48.3 226.9,40.6 348.4,58.4 125.4,161 2.9,348.6 129.2,631.9 31.4,49.2 217.1,-91.8 349.1,-5.4 71.9,129.2 -111.5,134.9 -112.6,225.1 -1.4,102.9 0.2,205.8 -0.5,308.6 -2.2,267.9 -419.5,227.6 -386.8,521 -120.8,-23.8 -256.2,52.8 -377.3,-61.4 -64.8,-246.9 180.7,-372.7 246,-572.5 83.9,-254.2 37.2,-347.5 -268.1,-356.7 -181.5,-5.8 -328.2,-124.7 -527.4,-112.9 -113.6,6.1 -97.6,-182.8 2.2,-298.1 123.8,-143.2 133.4,-309 -102.4,-290.5 -247.9,19.6 -237.4,-215.8 -345.2,-269 -179,-88.2 -298.1,-145.9 -252.6,-360.5 39.3,-185.7 -198.5,-232.4 -202,-418.1 -1.3,-77.3 -187.7,-82.2 -243.2,19.6 -91.2,165.4 -145.6,351.1 -228.1,522.3 -12.7,26.1 -92.7,35.9 -136.8,27 -42.9,-8.5 -103.9,-42.6 -114.9,-78.4 -72.5,-238.5 5.8,-585.1 222.7,-662 171,-61 219.5,-123.3 267.8,-278.1 31.7,-103.1 165.9,-94.4 252.7,-9.1 256.3,253.4 255.4,254.3 364.5,184.2 -169.2,264.5 -189.7,319.7 -183.9,393.6 3.6,47.9 -12.7,132.5 2.9,138.3 83.7,30 138.9,-31.4 147.8,-101.4 7.9,-61.8 -25.1,-128.8 33.2,-430.5zm34479.5 -4913.5c100.8,-140.5 245.3,-56.8 357.5,-94.7 209.8,-71.4 152.6,-320.6 97.1,-379.1 -403.2,-424.2 -261.4,-933.6 -297.7,-1397.9 141.9,-127.7 151.7,-2 155.9,48.1 8.4,116.9 37.4,193.3 173.5,185.7 75.6,-4.4 151.6,-1.1 252.4,-1.1 44.4,223.1 73.5,416.2 -35.4,646.8 -51,108.5 34.6,357.2 211.5,426.9 94,37.1 298.8,75 319.8,-88.6 25.4,-199.3 231.8,-312.7 181.4,-556.2 -37.2,-179.7 183.9,-96 294,-119.2 42.2,401 -274.6,757 -125,1195.2 235.4,297.3 565.4,-257.3 824.7,43.2 376.3,-176.7 410.2,482.9 795.3,308 85.3,284.3 124.5,549.2 -153.8,747 -130,92.4 -92,220.8 -105.3,344.4 -20.9,197.5 62.5,405.7 -39.2,583.4 -329.1,150.2 -202.9,-228.5 -337.5,-262.3 -164.6,-41.7 -344.3,-25.7 -571.1,-37.2 98.1,-331.1 -84.9,-587.6 -130.1,-873.9 -16.9,-109.6 -31.1,-225.6 -165.2,-186.2 -419,123.4 -500.9,-201.2 -602.5,-460.4 -45.2,-116.2 -81.7,-174.3 -196.3,-160.6 -81.5,9.6 -90.9,87.3 -130.7,147.4 -276.1,565.6 -577,236 -773.3,-58.7zm-21660.9 21422.4c0,179.2 -13.2,360.1 3.1,537.9 33.2,366.3 -63.7,680.5 -323.5,943.7 -163,165.1 -305.7,309.9 79.4,385.6 147.2,28.5 56.1,221.5 89.8,334.4 43.8,144.9 -148.8,376.7 151.2,429.5 21.5,110 -71.5,279.2 117.3,305.3 258.1,35.6 179.7,-169.9 192.4,-305.3 317.9,72.1 580.4,513.6 433.7,727.6 -37.9,55.3 -64.1,0 -109.6,-6.9 -379.4,-60.5 -692,111.4 -781.7,443.5 -38.9,142.3 -6.5,303.3 -6.5,453.4 85.6,217 434.9,-85.5 464.1,240l-576 0c-72.9,-433.9 -72.9,-433.9 -467.6,-497.6 -108,-268.3 -32.1,-509.9 118.5,-740.8 120.4,0 249.3,21.6 366.6,-6.2 113.4,-26.8 127.9,-152.6 77.1,-235.8 -78.6,-127.4 -226.5,-71.3 -339.5,-61.5 -127,11.1 -113.4,131.6 -104.2,303.5 -152.8,0 -302,3.5 -451.2,-0.7 -320.6,-9.3 -501.8,-317 -364.2,-650.6 61.2,-148.3 15.8,-289.4 37.9,-432.1l487.3 0c-99.7,-379.9 24.8,-646.4 281.5,-866.8 36.7,-31.6 5.1,-142.5 60.5,-366.5 -41.6,-123.8 -61.9,-68.3 -55.9,5.8 3.6,47.7 -12.4,132.5 2.9,138 83.3,29.9 138.8,-31.4 147.9,-101.3 7.8,-61.7 -25,-129.1 -94.9,-42.5 -291.4,140.7 -540.6,90.8 -586.9,445.1 -35.6,273.6 -259.2,494.5 -242.4,788.2 -343.8,-47.2 -450,201.3 -546.4,597.1 -47.2,-598 -422.2,-374.9 -639,-466.4 -34.1,-320.7 289.2,-403.3 413.2,-619.7 181.7,-317.9 524.8,6.1 772.2,-222.2 0,-106 8.6,-256.9 -2,-406.3 -16.8,-245.4 122.6,-565.8 -284.4,-639.3 -4.2,-199 -51.9,-380.2 -172.5,-546.8 -45.7,-63.2 18,-145.8 95.9,-169.2 43.7,-13.6 140.3,5.6 140.5,12.5 11.2,333.1 273.9,273.8 476.9,322.1 93.3,22.1 22.1,150.5 60.4,200.2 93.1,120.9 206.8,121.1 304.5,-9.1 186,-247.4 135.7,-558.9 180.6,-853.5 159.4,80 126,187.1 128.3,281.7 2.6,99.3 0.6,199.1 0.6,283.4 160.6,115.8 317.6,48.2 464.1,68.6zm-786.5 -11041.7c-26.4,-85.7 4.3,-734.3 7.6,-876.8 3.4,-145.9 52.8,-303.7 -55,-451.6 -169.4,27.4 -14,304.2 -227.8,301.5 -114.4,-1.6 -282.9,-69.9 -322.6,98.4 -25.6,108.9 -45.9,241.8 58.1,357.6 171.7,191.9 144.5,314.4 -144,323.1 -28.1,0.9 -75,125.5 -71.7,190.5 4.4,78.2 71,124.7 161.4,110.2 195.9,-30.9 405.2,62.8 594,-52.9zm-1225.2 -2578.1l0 -906.9c116.2,-9.6 190.1,-27.6 260.5,-18.5 68.3,8.5 171.2,28.1 190.8,72.8 39.2,87.8 31.8,196.2 -98.8,233.4 -342.3,97.5 -347.2,201.3 -4.5,309.3 77,24.4 153.9,74.8 112.6,156.2 -170,337.2 -69,514.6 267.9,682.2 127.1,63.1 127.4,475 223.6,-10.6 290.1,-38.1 352.6,-546.6 750.1,-363.4 0,77.1 24.9,210.6 -3.4,222.7 -490.9,213.3 -356.6,545.7 -193.7,898.4 238,514.3 416.6,1041.1 358.9,1626.6 -18.9,187.5 -29.8,374.3 104.9,575.1 78.2,116.3 247.6,498.3 -197.3,564.3 -111.9,16.6 -76.3,177.2 -65.9,271.1 32.5,300 -85.3,543.6 -255.8,772 -90,-53.7 -72.1,-145.6 -53.2,-209.1 171.4,-591.1 -368,-930.4 -502.3,-1413.8 -36.5,-132.5 -238,-66.2 -350.7,-47.9 -134.5,21.6 -20.5,240.9 -178.6,293.4 -121.7,-227.7 -12.7,-491.3 -78.8,-766.3 -430.8,228.7 -421.5,-542 -828.5,-295.3 -134.2,-196.3 -53.6,-379.3 -84.8,-604 364.1,1.3 662,-276.5 1057.6,-170.3 66.6,-367.6 78.4,-697.4 -129.4,-960.1 -162.7,-205.5 -134.7,-415.3 -148.3,-635.7 -6.9,-112 58.6,-274 -152.9,-275.6zm23989.8 4488.2l0 619c-210.3,-48.4 -613.8,-430.9 -617.8,-595 -6,-239.1 74.3,-519.4 -301,-555.9 16.4,-213.1 -362.3,-396.3 -25,-657.5 68.1,-52.6 -158.3,-357.1 14.9,-545.7 -349.5,-343.3 40.1,-551.7 128.8,-861.7 -82.2,-140.9 -579.2,128.3 -373.2,-499.4 0,-157 -82.2,-118.4 -61.2,8 8.2,49.2 -77.8,152.5 69.6,149.7 129.6,-2.1 247.9,1.3 236.3,-178.8 -5.2,-83.6 -48.8,-128.7 -244.7,21.1 -237.1,159.4 -494.1,131.8 -330.7,410.6 101.6,173 133.8,306.6 58.4,518.7 -340,0 -695.1,2.5 -1050.1,-3.1 -42.3,-0.2 -84.3,-41.8 -122,-62.3 -63,-156.7 51,-306.2 140.1,-307.1 317,-2.8 280.8,-550.4 680.2,-420.5 29.8,9.8 228.7,-364.1 214.2,-374.8 -310.6,-227.1 73.9,-398.5 40.5,-600.9 -170.1,-160.5 -380.8,-69.2 -570.2,-85 -202.8,-16.3 -407.5,-3.4 -678.9,-3.4 62.1,276.1 -81,525 94.7,802.9 126.8,201.1 -248.1,757 -467.9,728.5 -79.9,-10.2 -162.3,-116.6 -214.8,-197.7 -58.3,-90 -44.3,-229.1 67.5,-240.9 159.1,-16.7 224.4,-56.4 219.3,-223.1 -9.4,-308.1 -4.3,-616.7 -1.8,-925.1 1.1,-114 317,-424.2 407.5,-378.8 603.8,301.5 1252.3,5 1928.5,171.3 -181.8,325.5 287.1,627.2 7,981.4 277.4,295.7 -4.5,746.3 287.4,1037.8 -121.8,391.8 289.4,479.1 441.7,704.5 69.5,102.2 332.4,147.3 319.1,335.3 -10.7,153.2 -113.3,318.4 -216.7,443.7 -293.2,353.2 -306.8,393.9 -79.7,784.2zm21981.8 -41015.4c-285,3.4 -542.4,28.7 -640.1,-362.7 -55.5,-223.8 -202,-500.3 -564,-414.1 -284.1,67.5 -148.9,-258.9 -295.7,-357.8 -89.7,-60.6 263.7,-361.2 23,-383.4 -283.5,-25.2 -158.8,-283.4 -316.2,-330.2 -158.3,327 -158.3,327 -377.9,75.9 -141.1,-161 -219,-117.1 -368.7,206.9 -168.5,-27.7 -50.9,-210.7 -160.1,-286.4 -127.1,-89.1 -60,-112.9 59.7,-168.3 235.1,-109.3 324.4,-332.9 313.8,-590 -7.8,-183.5 -15.9,-323.3 247.3,-364.3 78.2,-12.6 17.1,-69.7 -67,-150.5l524.7 0c-19.8,35.7 -44.7,70.9 -76.3,104.9 94,175.4 283.5,7.8 429.1,139.4l0 821.1c221.5,20.5 442.4,203 513,-192 22.2,-124.4 289.9,-87.7 275.2,33.7 -30.3,253.6 158.9,293.4 269.8,431.9 115.1,143.8 162.5,265.2 368.7,241.4 150.5,-17.2 151.2,101.3 145.4,204.4 -4,72.6 2,166.8 -39.2,212.8 -295.9,330 -287.7,726.3 -264.5,1127.3zm-527.4 -3124.9l-2.9 8.2c-22.3,64.2 -79.8,110.5 -99.1,191.9 -64.8,274.6 -74.8,272.4 -451.3,249l84.8 -449.1 468.5 0zm12931.8 16244.2c-146.9,20.7 -305,-48.3 -442.4,53.2 146.9,134.3 494.5,205.3 141.8,490.3 -33.8,27.6 -33.2,202 41,194.6 299,-30.7 303.4,69.3 686.6,-29.8 361.8,-94 616.4,1289.1 1033.4,1175.1l0 1008.7c-143,-73.3 -299,-348.7 -363.9,-96.4 -45.4,176.3 -347.9,131.5 -442.6,-53.5 -88.4,-171.7 -194.1,-990.5 -131.6,-1214.5 -229.5,-150.5 -562.2,404.7 -816,279.6 -8.9,-161.4 -18.7,-334.7 -31.2,-562.8l-1125.9 0c307.7,-242.8 153.6,-520 247.1,-741.3 147.4,-104.2 532.4,91.3 429.8,-334 188.3,-108.1 -0.5,-483.3 353.7,-484.4 133.2,-0.2 74.2,-193.8 125,-226.2 253.5,-159.3 107.9,-460.3 272.7,-675.4 130.9,-171.6 436.8,-187.7 354.7,-628.1 217.8,410.4 104.2,651.1 29.8,904.4 257.2,37.5 336.7,540.9 381.7,330 20.9,-99 -15.6,-210.1 7.5,-308.1 53.2,-227.4 248.5,-296.2 495.4,-161.2 65.2,36 153.6,5.8 213.8,49l0 571.5c-41,31.2 -102.7,57.5 -194.6,70.6 -121.8,17.6 -70.2,238.9 -45,348.9 90.6,399.4 35.8,546.8 -291.5,754.5 -88.6,56.1 -156.5,121.8 -324.4,67.5 99.8,-174.6 207.3,-342.4 291.7,-521.2 26.9,-57 34.8,-162.5 -54.3,-203.1 -97.8,-45 -240.5,-36.3 -239.6,75.3 1.8,193.3 -171.2,-383.2 -174.8,-187.7 -2,106.2 -177.9,33.8 -272.9,54.5 0,-50.9 6.6,-102.2 -2.1,-151.6 -7.5,-44.8 -24.6,-119.5 -50,-125.3 -95.3,-21.8 -106.5,50 -103.4,125.1 2.3,50.7 0.5,100.9 0.5,151.8zm-29688 -14042.2c-302.8,149.6 -550.1,149.6 -769.2,149.6 -143.9,-231.5 23.6,-310.5 120.2,-409.4 111.8,-113.6 230.2,-255.8 38.8,-348.5 -91.8,-44.7 -361.9,-146.9 -381,178.4 -10.7,184.8 -192.8,94.2 -302.2,115.3 74.9,-216.4 -190.3,-341.7 -157.6,-535.7 118.5,-168.7 307.7,-12 444,-134.9 -68.4,-134.3 -108.7,-315.3 -221.3,-397 -64.6,-47 -332.9,-123.8 -368.3,106.6 -55.9,367.9 -427.9,132.5 -513.4,377.4 -163.5,-154.9 -90.9,-291 -111.8,-410.5 235.8,-32.8 296.3,-382.1 428.8,-374.8 310,16.8 451.1,-134.7 644.4,-318.8 87.9,-83.7 382.9,20.9 232.4,-199.7l557.9 0c-2.7,134.9 -83.7,185.3 -247.7,207.5 -96.2,12.7 -108.9,224.9 -24.3,239.4 399.5,67.9 234.2,364.4 271.9,625.2 249.3,96.6 560.4,118 819.5,157.6 306.2,46.5 216.7,476.3 529.3,387.6 12.7,148.8 49.9,300.4 33.1,446.2 -45.3,396.3 -266.9,716.7 -504,1021.1 -68.4,88 -247.2,57 -246.1,-30.1 3,-253.8 -61.2,-419.4 -326.4,-481.5 -16.9,-3.6 -2.2,-144.5 53,-371 -41.2,-123.6 -61.6,-68.5 -55.9,5.4 3.6,48 -12.2,132.5 2.9,138.2 83.3,29.9 138.8,-31.3 147.9,-101.3 8,-61.9 -24.9,-128.7 -94.9,-42.3zm28105.8 7147.1c-222,-166.5 -220.6,-585.1 -636.8,-506.5 -271.1,51 -559.2,9.2 -892.8,9.2l0 -1074.8 -706.9 0c-225.5,-265.8 168.1,-389.4 91,-635.4 -65.8,-210.5 -13.7,-458 -13.7,-691.6 123.3,-140.5 293.9,-87 429.7,-66.3 279,43.1 103.5,-323.4 322.2,-319.1 261.4,5.3 149.4,-200.8 177.8,-329.1 31,-141.4 210.2,-216.8 169.7,-416.1l868.1 0c167.2,142 -81.2,430.3 127.8,596 55,43.2 68.8,71 35.9,110 -73.9,88.4 -269.6,-24.1 -277,181.3 -5.3,148 75,330.4 -47,436.6 -111.5,97.3 -69.9,236.2 -156.5,334.4 -179.3,-232.5 -294.3,-476.5 -259.9,-775.3 10.1,-86.8 -47.6,-129.8 -137.3,-137.8 -89.3,-8.2 -162.5,31.6 -165.7,108.6 -10.9,282.1 69.5,593 -24.9,839.5 -92.6,241.7 -164.6,453.5 -102.2,734 154.9,-36 381,202.7 441.1,-177.9 25.3,-161.9 261.1,-152.9 269.8,-44.5 22.7,281.9 189.1,240.2 364.3,246 211.3,7.1 56.7,-272.5 228.9,-300.1 108.6,177.5 41.6,358.5 55,531.5 7.5,99.7 12.4,164.3 117.3,240.4 230.5,167 298.1,425.3 120.7,579.8 -170.1,147.8 -161.9,414.2 -398.6,527.2zm-29676.8 11311c685.5,-53.9 779.9,-113.1 1200.8,-747.2 -309.8,-294.6 -584.5,290.7 -947.9,-9.8 327.8,-22.9 349.1,-488.7 732.1,-382.5 86.2,-301.1 336.2,-529.1 375.4,-850.4 9.1,-73 -20.5,-156.3 115.5,-237.3 2.1,280.1 121.4,505.6 224.1,735.7 81.4,182.1 380.4,-105.2 435.2,180.3 31.6,166.3 -253.8,252.2 -147.6,394.8 312.2,421.6 115.8,788.6 -78.1,1180.5 -120,0 -246.7,-1.6 -373.6,0.4 -615,11.3 -627.7,26.1 -611,752.1 162.5,-31.8 386.3,196 447.5,-183.4 25.8,-159.7 123.2,-95.3 142.8,38 3.7,25.2 -10.3,59.2 2,76.4 141.6,192.4 478.9,-20.9 573.9,277.9 103.4,325.5 6.1,656.4 53,988.6 -338.9,168 -567.5,-30.8 -779.3,-215.3 -196.1,-171.3 -177,-183.5 -315.4,20.6 -64.4,94.9 -152.5,174.2 -246.1,278.1 -195.2,-397 256.8,-689.3 50.6,-1059.3 -270.1,-171.5 -419.9,-33.2 -503.5,285.8 -67.2,-161.1 -181.8,-309.5 -169,-446.8 8.7,-98.2 184,-221.1 41.3,-311.5 -182.9,-116.5 -194.6,47.6 -278.6,186.8 -99.9,166.1 -361.3,109.3 -550.8,41.4 -30.3,-10.7 -36.8,-190.6 -28.7,-192.6 203.9,-53 323.2,-181.2 371.3,-382.1 386.8,48.4 147.6,-297.8 264.1,-419.2zm-38260.9 -4428.1c277.4,56.5 433.9,-39.2 568.2,-309.7 77.2,-155.9 -78.4,-405 155.1,-454 159.7,-33.6 253.2,-86 198,-231.8 -55.9,-149.4 -223.3,-61.4 -338.7,-90.4 -259.1,-64.6 -249.6,162.3 -332.8,296.2 -201.3,-89.1 -57.3,-261.5 -90,-389.3 -24.5,-95.5 5.6,-206.6 -144,-214.8 -134.3,-7.3 -146.5,73 -177.5,182.3 -47.7,170.6 -333.7,129.9 -350.2,388.3 -7.1,103.1 -360.7,61.1 -410.1,-84.3 -61.3,-179.7 -342.1,-372.3 -11,-572.5 25.8,-15.5 -18,-132.2 -42.5,-204.4 -95.3,-284.8 -301.7,15.2 -459.1,-108 -142.1,-111.1 -7.6,-398.9 -289,-376.7 -398.5,32.1 -396.5,-301.9 -433.1,-542.4 -42.5,-277 -10.2,-565.1 -10.2,-848.5 213.9,31.4 354,-18.3 310.4,-276.8 -13.8,-81.4 11.8,-164.9 90.2,-182.3 96.8,-22.1 227.5,-17.2 214.4,129.1 -22.5,255 254,108 308.5,246.9 -42,74.4 -117.3,66.2 -185.9,87.8 -169.6,53.2 -167.2,177.9 -57.9,284.1 531.7,518.3 779.6,926.4 924.9,1573.7 459.1,-48.3 942.3,118.2 1370.5,-167.5 217.5,92.4 69.2,280.1 140.4,418 94.2,104.8 230.1,36.7 351,53.2 271.6,38.5 462.9,412.1 319.3,626.5 -69.5,102.4 -224.9,143.9 -223.6,292.8 1.5,141.4 -78.4,170.8 -192.1,164.3 -194.9,-11.3 -60,-227.1 -210.9,-309.4 -109.6,179.2 -128.7,427.2 -39.2,541.9 261.6,335.7 65.7,694.7 126.3,1034.4 13.5,78 -50.4,126.7 -145.2,129.8 -95.3,2.7 -145,-40.3 -157.7,-120.9 -11.8,-75.5 1.6,-154.5 -3.7,-231.5 -7.2,-115.8 47.8,-270.5 -160.8,-270.8 -152.1,-0.2 -134,106.7 -152.5,206.7 -12.2,67.6 -125.6,137.1 -130.2,34.5 -12.8,-290.1 -556,-319.5 -329.3,-704.5zm29406.9 19550.4c160.6,29.1 288.4,-30.3 394.8,-147.2 155.2,109.4 -3.8,299.5 132,444.9l1238.8 0c133.4,105.7 94.4,247.4 179.7,353.5 83.8,105.2 237.8,279.3 145.4,407.9 -82.4,114 -2.9,410.9 -302.8,339.4 -18.9,-4.3 -87.1,77.4 -80.6,106.6 42.1,175.5 -225.3,221.3 -114,482.1 102.6,164.9 394.1,-94.5 559.3,87.9 -267.4,92.6 -350.7,333.6 -459.3,566.7 69,214.2 358.4,144.4 442.4,341.5 45.6,106.4 54.5,210.6 -47,258.1 -85.5,39.8 -210.4,31.3 -228.4,-110 -9.4,-75.3 -12,-143.9 -86.8,-184 -281.9,611.5 -281.9,611.5 -692.1,535.5 7.4,-350.7 477.8,-590.7 247.4,-1014.6 -98.9,166.6 -109.5,404.8 -403.4,324.4 -143.4,-39.4 -306.9,-6.5 -460.9,-6.5 0,-50.7 6.4,-102.2 -2.2,-151.4 -7.8,-45.4 -24.5,-119.9 -49.9,-125.7 -95.1,-21.6 -106.7,50 -103.4,125.1 2.5,50.8 0.9,101.3 0.9,152 -221.7,-379.6 -229.3,-627.2 46.1,-720.4 228.9,-77.7 400.2,-163.9 542.6,-355.9 35.2,-47.6 189.3,-7.5 273.9,-7.5 210.6,-354.2 -184.6,-699.8 102.7,-1033.6 -355.9,-89.7 -631,-138.4 -746.2,265.7 -17.3,60.8 -102.1,130.9 -166.9,143.8 -412,85.3 -189.7,240.2 -56.1,399 25.1,30 3.9,99.3 3.9,187.9l-888.3 0c-115.8,-296.4 -57.7,-532.3 250.2,-678.6 -107.1,-112.7 -244,-30.6 -368.2,-59.1 -147.4,-117.1 -82.4,-286.7 -69.1,-424.8 17,-176.7 -228.2,-222 -138.7,-461.5 229.6,-2.3 525.7,-233.1 648.8,234.7 5.2,20 145,33.8 198.2,5.7 114.5,-61.6 36.3,-186.5 57.2,-281.6zm37243.9 -34499.7c-92.6,-3.1 -94.2,-105.5 -99.1,-210.4 -3.6,-72.8 1.6,-155.2 -29.8,-216.2 -90.9,-175.7 -372.9,102.2 -433.8,-173.5 -37.4,-167.4 210.3,-223.1 153.7,-394 -40.7,-122.9 -218.7,-133.6 -229.4,-90.5 -106.6,440 -449,270.8 -713.8,294.6 -88.8,8.5 -130.4,-46.7 -140,-133.4 -9.8,-85.9 41.9,-184.3 98.6,-166.9 228.3,71.5 365.2,-115.2 548.2,-165.3 117,-32.2 248.7,58.4 365.4,-27.1l775.5 0c340.3,450.5 980,896.4 1153.8,1334.3 -140.1,317.1 336.4,157.5 340.1,469.9 3.8,319.7 -480.9,152.5 -341.1,471.7 9.2,20.8 1,50.1 1,75.8 -435.6,0 -435.6,0 -464.3,309.4 -208,-0.9 -141.2,-159.8 -154.1,-271.1 -18.4,-155.7 84.2,-377.9 -231.7,-357.2 -74.8,5.3 -73.7,-109.5 8.9,-141.8 64.3,-25.2 206.4,10.5 192.5,-59.7 -40.7,-209.1 342.5,-344.2 137.6,-512.5 -302.1,-248.3 -193.2,268.3 -364.6,251.6 -245,-23.6 -180,181.2 -293.5,345.3 -61.9,-250 -266.7,-393 -280.1,-633 205.9,-50.3 386.1,69.9 515,-103.3 -161.6,-107.1 -312.8,-122.2 -515,103.3zm-40840.7 63387.3c79.5,-144 76.2,-296.6 -16.4,-363.7 -157.4,-114.4 -367.3,-94.4 -499,137.6 -190.1,-400.8 196.9,-632.5 84.5,-1029.5 437,477.3 735.1,-40.8 1054.7,39.8 141.5,-239.1 -104.2,-330.4 -145,-496.5 -85.5,-348.7 -136.9,-336 272.5,-572.4 116.2,245.6 75.5,505.6 48.3,742.8 -24.9,221 257.9,430.6 11.2,645.2 0,298.4 -9.5,597.8 -14.7,896.7l-796.1 0zm-26103.8 -8214.2l-1240.2 0c173,-159.6 91.7,-476.2 416.6,-462.8 81,3.3 73.7,-131.9 54.5,-197.5 -23.4,-78 -106.8,-95.3 -187.4,-86.6 -114.3,12.7 -244.1,-45 -279.2,158.9 -39.7,230.7 316.6,-513.2 -524.2,-840.3 278.6,2.7 497.4,-535.9 507.7,-897.7 -237.5,93.7 -527.6,-148.3 -643.4,212.8l0 -460c100,-99.1 210.8,-186.6 374.2,-207.4 175.9,-22.3 191.3,-228.7 -30.5,-285.1 -122.5,-31.6 -180.6,-70.7 -168.3,-190.5 8.8,-83.5 53.4,-142.1 149.4,-126 95.7,16 230.9,-59.7 282.7,53.2 104.5,229.3 224.4,454.4 224.7,735.8 136.2,-81.3 103.3,-165.2 117.5,-236.6 23.4,-119.9 451.8,-583.8 507.5,-549.8 348.4,212.9 -178.6,354.9 -51.2,569.5 58.1,97.1 -80.9,169.9 -115.6,255 -91.5,226.9 -257.6,434 -49.6,720.9 97.7,135.4 16.7,400.2 16.7,606.5 0,283.3 500.5,262.5 490.9,545.5 -8.7,252.3 270.3,436.9 147.2,682.2zm60400.5 5487.1c-193.5,140.2 -460.2,177.7 -344.9,-37 127.8,-238.2 106,-521.2 282.4,-736.5 38,-46.8 50.7,-167.7 117.5,-152.3 259.9,59.5 293.5,-149.9 428.6,-271.2 109.8,-98 275.2,-176.5 417.9,-300.3 -132.2,-267 -258.9,-521.7 -415.2,-837.5l-684.6 0c637.9,-282.5 1225.7,114.3 1871.8,21.7 -55,287 -220.9,450.8 -285.7,649.4 -68.3,207.6 -49.8,444.2 -69.7,678.2 -100.8,161.5 -373.1,-80.4 -441.2,163 -45.9,163.9 71.9,356.5 -75.8,508.5 -56.5,-51 -110.4,-100.4 -165.8,-150.5 -115.8,118.2 -79.7,212.9 17.3,324.9 59.2,67.9 76.8,172.1 125.8,290.8 316.2,0 647.9,-19.2 976.4,6 249.3,19.3 165.8,-199.3 309.2,-348.5 -2.6,407.5 118,743.5 365.8,984.8 257.6,251.6 48.8,448.2 -17.6,647.7 -68.8,206 -267.4,317.3 -487.5,251.8 -252.3,-76.1 -71.8,-306.4 -67.5,-609.8 -37.9,-120.2 -62.2,-67.5 -55.5,7.3 4.3,47.7 -12.4,132.5 2.9,137.9 83.5,30 138.8,-30.8 147.9,-101.3 8,-61.9 -25,-128.8 -95.3,-43.9 -164.5,130.2 -311.1,218.6 -365.4,36.3 -100.2,-342.2 -207.5,-342.2 -307.5,0 -53.6,182.3 -201,93.9 -310.3,114.9 -19.7,-286.1 180.8,-479.4 300.5,-716.1 -386.5,-233.3 -684.6,182.2 -1065.6,95.1l0 1019.1c-336,49.4 -242.7,-291.9 -401,-392.8 -133.6,53.7 -1.1,253.8 -194.1,299.9l0 -891.3c211.3,-19.6 53.9,203.5 217.5,260.6 71,-252.1 142.5,-505 268.7,-908.9 -38,-120.3 -62.5,-67.5 -55.6,7.3 4.6,47.5 -12.3,132.1 3.1,137.8 83,29.9 138.7,-31.3 147.8,-101.5 8,-61.6 -24.9,-128.5 -95.3,-43.6zm-15322 -26464.7c-184.1,149.5 -313,149.5 -456.2,149.5 -86.1,-189.7 -174.6,-384.6 -274.1,-603.7 -156.5,-8.9 -329.7,-18 -502.1,-27.8 -113.3,-109.5 -69.9,-346.9 -56.7,-351.1 299.9,-90.4 314.3,-299.2 319.9,-567.8 3.4,-162.1 72.4,-398.3 380.5,-168.5 240.1,179 480.9,-240.1 771.8,-144.1 -16.3,-214.8 255.5,-305 225.1,-538.6 -217.4,-163.6 -486.1,-14.2 -719.2,-98 -54.1,-208.1 -267.7,-366.2 -206.2,-608 52.5,-206.2 415.7,-158.7 374.1,-485.6 63.6,136.9 111.5,240.4 161.4,346.9 26,-26.1 46.7,-42.5 62.3,-62.8 126.9,-164.8 -179.9,-544.4 190.8,-538.1 265.4,4.6 38.5,368 148.3,495.1 133.2,153.7 116.3,384.3 304.6,498.8 112.9,69 144.3,180.7 154.8,322.1 55.8,743.9 -19.9,823.4 -896,830.3l0 1063.6 492.7 0c159.7,181.7 55.9,369.6 100.5,594.5 346.2,64.4 692.4,223.1 1195.2,225.3 -387.5,407.9 -692.9,727.6 -996.6,1044.2 -73.7,76.9 -295.3,11.8 -450,11.8 0.7,-6 84.1,-685 84.1,-685 -103.3,-198.6 -376,22.9 -455.9,-170.4 -45.7,-110 -8.5,-254.2 46.9,-532.6 -41.6,-124 -61.9,-68.7 -55.9,5.8 3.6,47.5 -12.7,132.3 2.7,137.8 83.3,29.9 138.9,-31.3 147.9,-101.3 7.8,-61.9 -25.2,-128.9 -94.7,-42.3zm-18763.1 -24344.5c-53.6,-44.8 -95.7,-110 -137.3,-109.7 -197.1,1.5 -304.9,125.3 -343.2,307.9 -7.7,37.1 23.2,112.6 51,120.9 62.2,18.5 147,29.8 199.5,0.9 112.7,-61.1 3.6,-252.7 230,-320zm599 -2900.5c244.2,-34 88.3,408.1 398.9,331.1 64,-15.6 115.1,187.3 22.3,243.8 -299.2,182.1 -286.5,462.9 -262.9,743 25.8,309.7 -152.3,558 -238.1,830.9 -37.6,119.4 -182.1,305.3 -180.3,377.2 11.8,485.6 85.7,969.7 139.8,1454.4 286.4,-26.1 262.8,470 614.1,360.5 95.3,-30.1 282.8,-68.6 277.2,141.1 -6.9,259.8 -219.8,125.4 -343.8,161.4 -23.1,6.2 -44.5,17.2 -102.9,40.8 -42.7,326.1 -54.3,660.1 164.1,939.4 -166.5,178.3 -314.1,45.8 -488.4,147.3 0,-287.4 2.8,-488.5 -0.5,-689.7 -1.6,-97.6 32.3,-208.2 -71.9,-278.3 -268.1,-180.6 -278.5,-455.4 -206.2,-764 -232.9,25.9 -427.9,-164.7 -516.5,195.5 -47.9,195.5 -349.4,77.1 -576.2,84.2 -36.3,-344.3 -87.3,-682.4 186.1,-985.3 -431.5,-75.2 -431.5,-75.2 -582.7,213.4 -309.9,-239.2 -72.8,-625 -239.6,-907.4 -44.1,-74.6 51.5,-179.9 103.1,-155.1 168.3,81.2 511.5,-225.8 516.3,223.9 0.3,15.8 68.2,30.3 104.5,45.7 -76.4,-427.3 444.2,-135.8 532.6,-449.6 54.5,-192.1 338.6,-316.6 407.8,-558.4 -244.2,-181.6 -408.8,69.1 -612.7,110.5 -223.5,45.2 -344,-75.9 -277.4,-301.3 47.2,-157.6 137.8,-302.4 209.1,-452.9 182.1,19 25.1,235.8 163.6,280.6 159.7,-42.5 23.8,-321.3 316.6,-320.9 294.6,0.1 166.8,271.5 319.8,325.1 54.3,-106.8 97.3,-220.2 164.9,-317.2 87.5,-125 111.4,-266.4 -52.8,-287 -379.6,-47.7 -129.3,-319.6 -197,-473.6 253.4,47 356.5,-55.9 309.1,-309.1zm-19094.5 8380c-30.4,18.9 -90.4,37.6 -92.1,60.5 -4.7,68.6 -39,158.1 49.9,197.7 20.9,9.4 93.5,-32.7 95,-54.3 4,-68.6 37.2,-152.1 -52.8,-203.9zm212.5 -332c-74.4,260 323,474.2 140.5,683.8 -207.1,237.8 -99.4,474.6 -140.5,709.1 -342.7,-304.3 -630.6,-645 -842.8,-1060.5 -109.5,-215.1 -165.2,-306.3 132.9,-340.9 109.4,-12.7 112.5,-144.2 64.6,-251.5 -133.8,-97.3 -297.4,-10.1 -437.1,-53.5 -289.8,-89.5 -300.8,157.2 -397.6,310.1 -137.6,-207.9 -101.3,-376.7 77.5,-539.9 34.5,-31.8 42.5,-153.4 -41.7,-202.1 -97.9,-56.6 -249.1,-39.7 -246.7,55.4 6.7,247.4 -137.4,225.3 -295.2,227.6 -84.6,1.5 -156.1,-21.6 -176.6,-100 -19.3,-70.8 -18.2,-178.1 65.3,-196.8 124.4,-27.7 277.6,-16.5 235.8,-200.9 -52.1,-230.9 -253.8,-83.2 -382.8,-122.2 -23.8,-7.4 -51.4,-1.1 -77.4,-1.1 -181.5,-401.3 314.8,-471.4 370.4,-756.8 294.4,89.9 174.4,-386.5 468.9,-338.7 102.5,17 98.2,-153.1 86.2,-249.1 -8.5,-69.1 -30.3,-173.7 -74.8,-192.2 -89.3,-36.3 -211.7,-33.4 -228.2,106.7 -13.2,109.1 -20.3,201 -164.4,192.4 -209.4,-12.5 -136.4,-171.3 -146.9,-282.4 -14.7,-154 6.9,-284.3 131.4,-412.5 65.9,-67.1 30,-233.6 42.3,-389 246.9,0 474.4,-16.3 698.9,4.6 217.1,19.9 366.7,136.1 364.5,383.2 -2,256.7 -4.3,513.5 0.9,769.8 4.2,199.9 38.9,411.4 -261.4,417.7 -10,195.2 -251,306.1 -187.3,559l838.8 0c137.1,411.1 262.4,797.8 256.7,1216.8 -0.3,17.2 81.9,35.9 125.8,53.9zm53385.6 -16281.2c365.9,111 967.6,216.7 1192.3,50.3 67.7,101.5 216.7,141.4 213.3,298.1 -4.2,151.2 -141.6,103.3 -203,153.7 -176.6,147.1 -174.1,504.7 41,593.1 227.5,93.8 148.2,231.3 156.5,358.9 13.4,213.1 271.4,45.4 323.7,241 65,240 -90.8,414.8 -182.1,543.7 -232,327.9 -151.9,595.1 17.1,887 -254.5,7.3 -539.2,33 -610,-290.3 -39.7,-186 -144.5,-204.4 -261.6,-169.2 -301.1,91.2 -129.9,-313.1 -396.6,-342.1 -213,-23.3 -163.9,-298.5 -16.2,-468 96.8,-111.5 1.1,-255.5 51.4,-363.6 75.3,-161.2 -237.6,-303.4 -83.1,-349.3 186.9,-55.7 202.2,-148 265.9,-280.8 55.6,-114.6 411.9,-36.5 239.4,-319 -114.3,-187.2 -202.2,-459.3 -528,-360 -46,14 -97.7,11.1 -144.7,15.5 -232.7,142.1 161.4,512.6 -247.6,618.6 -182.5,47.2 -206.1,476.2 -593.3,228 117,-517.6 -345.7,-867.6 -211.8,-1045.6l977.4 0zm-63313.6 52371c65.1,13 111.4,53.1 104.5,170.2 -5.1,91.3 -48.5,119.2 -104.5,128.8l0 -299zm25634.3 -16290.9c-170.4,279.6 -140.8,692.7 -640.6,625.6 -73.7,-300.8 -58.3,-653.5 -286.6,-919.1 -78.6,50.8 -49.4,142.8 -81.2,200 -73.5,130.2 -246,140.7 -295.5,36.5 -218.4,-459.4 -124.2,-826.9 285.4,-1110 -410.3,-263.8 -793,299.5 -1316.3,-34 412,79.2 333.1,-390.5 654.6,-354.2 61,-201.1 134.3,-350.1 408.6,-300.2 174.8,32.3 53.5,-261.1 173.9,-270.7 165.4,-13.8 34.7,253.4 163,262 141.8,9.4 371.3,152.6 402.1,-165.9 7.3,-78.5 86.2,-150.2 170.1,-286.5l-902.6 0c325.9,-354.2 604.9,-627.6 390.1,-1001.2 217.5,-131.9 291.9,-19.6 395.2,50.9 72.8,48.6 144.7,-211.7 271.8,-32.7 69.2,97.7 177.9,99.1 258.5,9.4 75.5,-83.8 168.3,-147.2 263,-93.4 135.8,76.6 112.9,302.6 66.8,336.9 -156.3,116.2 -41.5,388.3 -325.8,446.4 -186.4,38.1 -185.2,235.8 -5.8,273.9 250.3,52.8 220.2,221.8 175,330.4 -67.7,161.7 -88.3,379.2 -287.8,457.4 -150.8,59.4 -373,-115.8 -470.5,114.6 -94.4,222.9 -226.5,442.9 -160.6,706.7 17.6,70.2 13.8,146.1 23.2,264.7 208.6,0 410.4,-18.6 607.6,5 243.1,28.9 54.3,-478.1 445.8,-267.7 44.7,267.7 -52.8,605 154.1,889.7 61,84.4 8.2,250.8 9.8,379.4 1.7,127.4 -131.2,121.8 -194.2,178.1 -113.1,100.9 -151.9,-69.9 -206.8,-123.5 -160.1,-156.8 21.1,-395.5 -144.3,-608.5zm7713.2 28589.9c-42.4,-45 -102.8,-95.8 -189.8,-154.6 -135.9,-52.2 -218.5,67.9 -146.1,154.6l-510.8 0c47.3,-94.2 -10,-268 160.1,-252.4 360.5,32.8 -27.8,-565.7 400.1,-466.2 257.7,-254.2 -58.1,-446.8 -80.1,-735.4 185.9,12.9 420.4,-261.8 472.4,181.5 243.2,91.9 486.1,183.9 743.9,281.4 108.9,263.4 -74.6,590.3 173,852.1 26.2,27.8 41.1,79.6 46,139l-1068.7 0zm-57.5 0c18.9,-43.2 24.8,-103.6 17.3,-176.4 -6.5,-63.3 108.9,-82.4 188.2,-78.8 99.7,4.2 196.3,11.3 275.4,-80.2 81.7,-94.6 193.2,-169.6 132.5,-318.8 -9,-21.6 -32.3,-47.7 -53.5,-52.8 -142,-32.5 -241.1,-11.6 -244.7,171.4 -2.7,145.2 -123.6,120 -223.3,128.9 -121.6,10.7 -253.4,-50 -224.2,252.1 11.6,53.4 22.1,104.9 32,154.6l100.3 0zm-29865.9 -7518.8c32.3,-131.8 -12.7,-230.7 -186.4,-212.2 -140.9,15.1 -116.2,128.2 -121.5,227.6 -7.9,141.8 11.5,255.8 191.7,233.3 139.6,-17.4 126,-127.2 116.2,-248.7zm-710.1 -1283.8c-248.4,-498.5 198.8,-722.8 310,-1054.3 23.6,-71 301.7,-151.8 411.4,101.3 65.5,152.3 99.5,137.4 212.4,-144 345.6,359.3 53.5,757.9 72.9,1124.6 20.2,380 149.4,791.5 -120.3,1133.3 126.9,163.6 476,-104.6 452.7,280.5 -4.5,70.4 101,119.1 176.3,90 389.6,-147.9 490,190.4 572.5,404.5 71,184 141.1,324.2 317.5,364.3 128.2,29.2 176.3,78.8 162,194.1 -5.3,43.2 -51.8,118.7 -72.8,116.5 -121.6,-13.1 -307.2,82.1 -352.2,-51.4 -59.4,-176.2 -137.8,-313.7 -293.5,-402.6 -35.1,-19.8 -100.2,-2.5 -144.3,14.9 -71.9,28.1 -72.1,67.7 -15.1,107.3 334.7,228.5 -128,372.1 -68.1,584.3 16.7,58.6 -121.1,75 -192.8,59 -37.2,-8.2 -89.3,-63.5 -91.5,-100.6 -10.5,-151 -4.5,-303.7 -4.5,-485.6 -276.7,18.9 -498.7,-185.7 -798,-41.3 -206.8,99.6 -342.4,-89.9 -448.8,-289 -101.3,-190.5 -104.9,-470.8 -414.8,-518.7 -95.6,-15 22.5,-259.9 -184.2,-265.6 -203.5,-5.4 -139.4,162.5 -190.4,257.6 -47.4,89 -137.8,59 -206.8,49 -31.4,-4.9 -68.1,-73.3 -75.3,-116.7 -12.4,-75.3 -9.5,-154.6 -2,-230.9 17.4,-186.6 381.7,-32.8 315.8,-322.9 -14.5,-62.8 85.3,-103.3 170.8,-99.3 128,6.9 257.6,9.4 385.3,-0.4 120.9,-9.2 360.5,30.3 338.7,-62.8 -76.4,-323.9 462.5,-151.6 341.3,-478.9 -51.9,-140.3 16.3,-228.7 193.7,-236.5 131.2,-5.6 132.5,-136.9 98,-232.2 -30.1,-83.1 -122.5,-70.2 -198.4,-71.2 -128.7,-1.6 -240,-15.7 -259.8,177.9 -26.5,256.6 -249.2,76.5 -397.7,145.8zm58289 -46860.5c233.5,96.2 303.4,341.1 293.4,519.5 -22.7,416.6 168.4,861.7 -125.5,1254.8 -36.6,49.2 -45,156.1 34.2,203.1 80.6,48.1 214.2,52.3 251.6,117.4 44.3,77.4 10.7,199.4 10.7,302.3 0,102.7 0,205.7 0,311.5 244.3,88.6 438.7,315.3 759.5,210.4 28.1,453.3 30,790.7 -416.2,1021.8 -235.9,121.8 -392,53.8 -420.3,-90.9 -65,-329.5 -276.5,-301 -497.9,-288.3 -264.7,15.6 -188.3,-172.6 -134,-467.1 0,-157.2 -82.1,-118.5 -61.2,8 8.4,49.4 -77.9,152.7 69.7,150 129.5,-2 248,1.2 236.4,-178.8 -5.6,-83.5 -48.8,-128.6 -244.9,20.8 -159.4,135.6 -278.3,209.5 -346.2,101 -36.3,-57.8 -23.6,-145.6 -59.7,-203.7 -77.5,-125.6 -242.2,-181.5 -279,-344.9 -38,-169.4 249.9,-206.6 82.2,-540.1 -2.7,-5.1 -179.9,35.4 -303.5,-58.2 -291,-220.4 -299.9,-375.6 -48.8,-665.7 159.3,-184.1 367.4,-237.1 525.1,-360.7 215,-168.1 239.8,128.7 519.9,519 154.5,203.8 157.8,4.1 153.4,-195.4 -2.5,-113.8 41.1,-243.9 -157.2,-267.7 -243,-29.2 -129.8,138.7 -150.1,231.3 -25.2,117.8 10.7,234.7 -37,361 -117.7,310.6 -103.1,315.9 190.9,-129.2 -196.9,-993 -367,-1258.6 -919.4,-1643.3 283,-137.4 526.1,-38.3 764,102.1 21.8,109.8 -71.3,279 117.9,305.1 257.7,35.6 179.3,-170.1 192,-305.1zm-36216.8 20430.1c19.3,-94.1 -51.5,-210.2 51.7,-281.2 129.5,-88.6 103,-215.3 105.2,-325.1 139.2,-41.8 254.6,-136.7 382.8,-192.3 180.6,-77.9 54.3,-319.3 77.3,-488.1 28.7,-206.6 -300.6,-1.1 -279.7,-213.9 132.9,-117.6 319.9,36.9 436.6,-126.9 0,-115.8 -5.6,-242.8 2,-368.8 4.9,-88.4 -30.3,-157.6 -107.1,-164.7 -64.1,-5.2 -191.5,46.3 -190.6,65.9 14.3,215.5 -99.5,257.1 -279.8,238.5 -261,-27.4 -248.1,205.7 -187.3,298.7 195.9,300.6 128,622.1 145.8,951.6 -208.1,-12.9 -423.2,-49.1 -617.4,-2.6 -187.2,45 -316.1,-210.2 -445.7,-93.7 -196.4,176.3 -394.3,9.1 -699.6,173.6 170.8,-301.4 312.6,-464.9 356.5,-651.5 49,-211.7 11.3,-444.4 11.3,-736.1 95.3,102.2 148.5,131.9 150.6,165.9 15.5,206 134.4,356 321.9,344.9 175.9,-9.6 271.4,-155.2 314.9,-360.9 37.3,-177.2 208.4,-322 288.9,-495.8 38.8,-83.3 -4.4,-220.9 143.9,-211.3 266.1,17.8 393.6,-95.3 497.6,-345.4 65,-157.2 337.5,-196.6 449.1,-421.2 0,250.4 8.5,500.5 -2.5,750.3 -14.2,327.3 -19.1,659.9 215.8,913.1 173.9,187.9 73.5,389 89.3,581.8 12.5,157.2 46.9,236.9 216.6,226 26.1,-1.8 82,82.4 79.9,85.2 -103.1,107.4 -478,46.3 -214.4,379.4 101.6,128.9 214.9,291.1 222.2,443.3 16.8,334.3 -473.6,288.4 -525.7,616.1 -7.7,47 -222.8,36.6 -227.7,-79.9 -9.1,-228.9 -346.2,-350.9 -128.2,-607 -249,-121.5 -456.3,-40.5 -654.2,-67.9zm19092.6 -24758.9c-350.7,44.1 -354,303.7 -439.5,457.4 -154.8,-45.4 13.1,-334 -234.9,-307.8 116.5,-384.9 -221.3,-705.1 -155,-1083.2 110.3,23 224.9,-49.4 319.3,116.3 160.1,280.7 220.7,264.5 454.5,-16.1 125.3,-149.8 252.2,-182.3 303.2,45 29,129.6 184.1,214.9 29.4,426.9 -151.6,207 -15.1,500.9 286.6,613.1 -63.5,257 212.6,152.8 275.2,259 79.2,135.3 273.4,46.7 314.8,163.4 52.1,143.8 42.9,311.5 272.5,238.5 103.1,-73.3 24.1,-204 71.5,-276.3 194.6,-295.3 -311.5,-507.2 -67.9,-830.5 150.9,-199.8 143.3,-519.9 296.1,-717.2 163.2,-210.9 -45.4,-462.7 148.3,-638.3 92.8,-84 171.7,-213.3 316.8,-148.6 112.9,49.9 111.6,207.6 67.7,268.3 -218.2,299.7 -47.4,732.3 -393.2,1009.5 -120.9,96.4 -224.2,456.3 142.5,571.2 128.2,40 110.9,152.7 102,250.4 -15,165.9 67.9,188.6 215.7,226 147.6,37.2 130.9,188.8 19.2,294.4 -524.2,497.1 -524.6,496.5 -594.3,1103.2 -266.3,-98.9 -642.8,175.5 -786.8,-342.7 -113.8,227.1 -214.2,427.3 -314.9,627.9 -337.8,-356.9 204.9,-680.2 51.4,-1016.6 -234.4,-246.5 -325.7,269.2 -600.9,-14.5 0,-128 -18,-353.8 4.9,-575.5 22,-213.8 -235.5,-333.3 -104.2,-703.2 -41.8,-123.7 -62.1,-68.5 -56.1,5.8 3.6,47.5 -12.5,132.1 2.5,137.9 83.7,30 139.3,-31 148.2,-101.1 8,-61.9 -25.3,-128.7 -94.6,-42.6zm-42616.4 54531.3c-408.2,46.3 -474.7,112.9 -809.2,346.6 -150,104.9 -156.5,250.5 -111.3,306.4 239.1,297.9 59.2,537.9 -82.8,775.7 -54.6,92 -107.6,162.1 -45.5,297.7 146.5,-34.9 366.3,207.1 436.9,-171 38.9,-208.1 360.2,-124.9 369.2,-99.7 203.9,573.5 703.8,420.1 1115.6,456.7 56.8,730.3 -20.9,868.7 -549.5,968.7 -11.3,220 -18.9,445.1 -40,668.8 -2.5,23.7 -80.9,53.9 -124.9,55.3 -43.7,1.3 -124,-24.3 -127.8,-47.7 -25.9,-171.6 -36.6,-344.9 -53.5,-531.4 -294.3,-72 -574.8,-136.5 -714.7,444.4 -81.2,-654.4 220.9,-1051.2 266.7,-1528.1 -197.9,-4.9 -434.6,-189.5 -486.7,211.8 -12.7,95.9 -209.5,109.5 -244.9,10.4 -16.4,-45.8 -36.9,-89.9 -60,-132.9l0 -1651.1c92.1,-37.4 183,-62 164.9,-157.1 -44.6,-236 205.5,-346.7 155.8,-620.1 -96.7,27.5 -223.4,-51.4 -320.7,-38.2l0 -655.5c27.4,-29.7 58,-57.9 92.7,-84.2 464.3,301.7 848.4,691.1 1169.7,1174.5zm27025.7 -21437.2c90.6,-51.9 56.9,-135.3 52.9,-204.1 -1.3,-21.2 -74.1,-63.5 -94.8,-54.2 -89.1,39.9 -54.8,128.8 -49.9,197.8 1.6,22.9 61.5,41.6 91.8,60.5zm-1180.3 177c18.4,-43.8 38,-126.7 54.3,-126 415,16.7 505.2,-262 580.5,-583.6 -401.5,-48.3 -401.5,-48.3 -560.9,242.3 -81.5,-559.5 -79.1,-553.8 418.6,-773.7 172.6,-76 152.3,-414.1 481.3,-318 210.3,61.3 453.2,11.2 666,11.2 199.9,-270.5 -249.4,-396.4 -97.1,-642.8 41,-66.6 56.4,-126.7 148.1,-133 91.1,-6.4 156.7,34.1 163.2,113.1 22.9,268.4 -67,556.4 154.1,789.4 18.7,19.5 -19.9,132.2 -27.8,131.5 -419.3,-25.8 -209.3,377.2 -362.7,543.1 -161.3,173.4 32.4,490.3 -100.7,689.6 -99.1,149.8 -432.2,104.2 -697.8,-85.3 -28,238.9 -107.8,470.4 -304.8,827.6 351.4,-139.4 655.5,137.6 767.9,-323.8 25.4,-104.2 237.1,-102.2 259.6,80.2 22.1,174.5 -16.6,311.7 247.8,369.4 167.5,36.9 8.1,325.9 144.1,590.4 63.9,75.1 256,-43.8 420.8,-8.4 195.7,42.1 98.7,199.3 122,309.4 -156.5,-5.3 -251.5,132.1 -282.7,222.9 -53.3,154.6 -70.8,315.8 -273.2,216.9 -137.4,-66.8 -34.5,-235.6 -73.5,-378.1 -198.2,-41.8 -394.1,226.9 -628.6,12.1 -190.5,-174.8 -484.6,-31.4 -743.2,-90.7 -38.3,-341.1 279.5,-523.4 299.3,-815.5 -215.1,-87.1 -381.7,-270.3 -653,-260.7 -193.7,7.1 -98.3,-189.7 -121.6,-299.8 94.2,17.6 143.2,-40 151.6,-117.3 12,-104 -6.4,-203.1 -151.6,-192.4zm-12381.7 -15090c-17.2,-17.3 -38.5,-51.6 -51.2,-48.7 -36.3,8.2 -69.3,31.4 -103.8,48.7 17.2,16.9 38.1,50.8 51,48.3 36.3,-8.2 69.7,-31.4 104,-48.3zm-805.6 347.4c-239.5,210.1 3.6,489.3 -277.8,697.7 0,-380 18.4,-708.9 -6,-1034.2 -19.2,-259.4 45.2,-425 314.1,-482.9 10.5,-2.4 1.2,-96.6 1.2,-157 -224,-154.7 -494.4,-2 -727.5,-99.1 -205.3,-352.4 331.3,-635.6 55.9,-995.2 -135.1,-134.5 -356.9,-7.4 -558.8,-77.7 137.3,-202.8 100,-485 472.6,-467.3 182.8,8.6 236.7,-308.6 297.3,-511.2 23.2,-77.5 111.5,-98.5 189.9,-82.5 137.4,26.8 159.9,168.4 104.2,228.5 -142.5,152.8 -226.9,277.7 -20.3,434.2 -120.4,327.1 381.5,179.6 346.9,463.3 -27.3,224.7 -5.3,455.1 -5.3,735.7 202.2,0 379.6,-24.5 546.2,7.8 134.5,26.2 0.7,323.4 248.7,297.6 220,-23.3 44.7,368.5 322.4,311.5 162.1,-33.1 263.8,-3.3 292.5,226.2 24.1,191.1 337.4,-29.6 440.7,165.7 -169.5,158.8 -395,11.4 -601,96.2l0 833.6c-213.1,130.5 -422.6,36.7 -618.7,67.5 -90.9,14.7 -165,-34.6 -161.5,-110.5 11.4,-264.7 -177.8,-208.4 -314.1,-194.8 -241.1,25.1 -362.3,-76.2 -341.6,-353.1zm44915.9 26041.1c-230.1,0 -460.3,5.1 -690.5,-1.6 -141.8,-4.4 -219.1,13.9 -247.4,190.7 -36,226.1 -269.2,141.3 -372.2,105.7 -137,-47.4 -101.6,-188.8 -1.4,-303.7 122.3,-140.7 138.7,-272.8 -100.2,-298.8 -146.9,-16.2 -115.7,-121.8 -140.4,-216.4 -66.8,-257 -113.6,-266.1 -409.7,-119.4 -95.8,-138 -31.2,-293.9 4.6,-591.1 -38,-120.4 -62.5,-67.5 -55.9,7.1 4.5,47.5 -12,132.5 3.2,137.9 83.3,30.4 138.5,-31 147.6,-100.9 8,-61.9 -24.5,-128.9 -94.9,-44.1 -353.8,106.6 -431.5,34.7 -333.7,-110 95.1,-139.6 281.9,-203.5 288.8,-422.6 3.7,-114.9 155.8,-89.7 253.4,-90.1 222.1,-0.3 444.1,0 718.5,0 -231.6,-588.8 -568.5,-1058.3 -513.7,-1635.6 171.7,-129.8 355.3,-59.7 526.1,-63.1 328.2,-6.9 703.8,348.3 707.4,654.9 3.7,330.2 0.6,660.3 0.6,971.2 -134.9,125.6 -146,-1.4 -150,-50.1 -9.8,-114.3 -32.5,-195.5 -170.6,-187.5 -75.5,4.4 -152,0.9 -287,0.9 28.8,267.6 -30.2,505.2 58.3,792.6 124.7,405 412.4,252.1 650.2,299.5 114.9,196.4 29.4,403.9 52.6,600.3 20,169.9 236,273.6 156.3,474.2zm-16889.5 10380.1c101.9,468.9 -220.3,822 -137.8,1231.2 47.6,237.4 -402,78.4 -320.4,401.7 43.2,172.5 95.3,401.9 -101.4,570.2 -64.5,55.2 -70.6,242.7 -114.4,246.2 -193.3,16.5 -331.8,111.4 -193.7,262.3 100.8,109.3 354.9,219.3 436.8,-137.3 40.6,-177.3 230.5,-189.7 291.2,32.9 63.3,233.3 209.6,376.7 430.4,314 351.6,-99.1 356.1,210.8 450.5,364.7 93,150.9 118.2,312.5 350.4,266.4 136.3,-26.7 160.3,70.9 167.9,185.5 20.7,316.6 -224.7,527.1 -333.7,789.1 -59.7,143.9 -342.1,195.3 -638,346.2 127.8,-262.7 194,-401.4 263,-539 71.3,-142.7 145,-283.5 218.2,-425.9 -146.5,-90.5 -313.1,-73.5 -448.2,-40.1 -285.6,70.3 -285.7,-175.2 -403,-322.6 -37,103.9 -68.6,193.5 -102.8,289.2 -35.3,-18.5 -99.8,-35.4 -100.7,-55.4 -8.7,-154.1 -4.7,-308.4 -4.7,-461.8 -145.8,-146.3 -490.3,-114.7 -608.2,96.4 -64.2,115.5 -126.5,157 -221.6,130 -119.4,-32.7 -139.8,-163.4 -75.3,-238.5 88.6,-103 147.5,-195.5 133.6,-335 -10.7,-107.4 -15.1,-212 -161.4,-193.3 -218.8,27.6 -342.9,-29.4 -307.5,-282.3 20.9,-153 -42.9,-273.5 -123.5,-413.9 -78.4,-136.5 -135.2,-429.1 230.6,-390.4 102.5,11 155.4,-23.5 214.5,-142.9 233.9,-471.3 546.1,-906.8 748.7,-1389.4 117.3,-279.4 272.1,-131.1 460.5,-158.2zm-36226.2 -27087.9c201.8,-53.9 442.6,-90.2 299.5,204 -116.4,239.7 -302.6,447.1 -268.1,769.7 273.9,132.4 589.6,-8.5 876.1,80.6 196.4,249.6 142.5,667.9 588.3,766.1 166.5,36.3 115.6,465.1 -95.5,587.8 -114.3,66.4 -98.6,142.5 -141.2,221.8 -81.7,152.5 -145.2,78.1 -144,-51.2 0.8,-95.3 -41.2,-149.6 -121.8,-156.5 -230.7,-20.1 -505.5,84.8 -579.4,-292.2 -12,-61.7 -228.9,-30.7 -232.4,156.1 -3.1,149 -122.3,151.2 -218.7,128.3 -78.3,-18.7 -97.9,-103.6 -89.5,-184.8 2.7,-25.6 2,-51.7 0,-77.3 -18.5,-241.1 206.4,-555.3 -14.4,-700.5 -190.2,-125.5 -249.9,-379.1 -491.7,-427 -186.1,-36.8 -75.7,-268.5 -225.1,-354.9 -97.5,-56.1 -227.5,-143.7 -195.2,-298.8 40,-191.5 200.2,-106.9 311.9,-116.2 241.4,-20.7 95.7,-332.5 295,-379 -82.6,-468.2 190.2,-845.9 318.2,-1260.7 14.3,-46.7 6.9,-100.2 10,-164.3 187.3,-75.5 489.6,-139.6 551.1,-5.3 142.3,311.7 555.9,557 320.1,1016.8 -158.9,9.2 -354.8,-27.1 -499.8,43 -144.7,69.5 -40.1,341.8 -253.4,494.5 -7.6,47 104.5,-65.7 -45,-58.3 -95.2,4.4 -206.1,-18 -232.6,105.3 -20.1,94.9 -8.3,197.9 129.5,205.3 113.4,6.6 184,-35.9 148.1,-252.3zm8643.4 27749.6c113.3,451.1 113.3,451.1 543.5,565.1 -103.6,316.8 -284.3,632.5 -289.3,950.7 -4.4,302.4 -198.6,333.3 -344.4,476.7 -140.5,137.4 -373.4,-105.3 -456.6,165.8 -78.2,254.5 -247,488.5 -86.9,818.5 174.4,-95.9 473.4,188.4 561.1,-232.2 17.8,-85 143.1,-84.2 142,-4.9 -4.2,332.2 439.5,213.1 470.7,490.1 8.9,76.1 -3.7,154.9 96.7,201.2 134.9,0 289.9,0 444.2,0.3 138,132.6 88.8,502.9 -53.9,685.7 -91.1,116.7 -362.6,23.6 -346.4,263.5l-140.1 0c-71.2,-402.5 -396.4,-323.6 -679.4,-329.4 -122.8,-2.2 -246.2,-0.4 -396,-0.4l0 -954.5c-253,99 -570,-182.8 -660.4,285.8 -16.5,84.9 -137.8,62.6 -201.8,39 -81.4,-30 -99.3,-132.9 -67.6,-194.4 45,-87 126.9,-155.4 196.6,-228.6 186.1,-196.4 158.9,-440.6 38,-619.2 -95.5,-141.6 -9.3,-367 -222.6,-466l973.2 0c149.4,-207.1 85.9,-404.6 73.2,-591.8 -180.9,-140.8 -411.6,31.6 -584.2,-116.9 137.6,-101.5 67,-361.6 251.2,-393.2 170.7,-29.2 223.9,-92.2 196.4,-242.7 -82.6,-456.7 276.2,-450.4 542.8,-568.2zm48167.1 -12549.2c-343.5,-184.7 -571,306 -880.8,65.1 -32.4,-229.3 319.8,19.1 285.3,-231.3 -20.5,-147.2 -3.8,-299.3 -3.8,-493.2 232,0 454.6,-57 627.2,11.6 387.8,154.5 436.8,-288.2 702,-350.3 134,-31.4 101.3,-291.4 53.9,-337.7 -340.4,-332.7 40.3,-492.8 89.1,-784.2 336.1,399 332.8,398.5 250.6,745.9 -41.8,175.4 -9.3,315.5 110.1,482.4 132,183.5 -70.9,236 -257.2,255.6l0 1308.3c537.9,-13.7 446.6,527.1 666,836.8 105.3,-210.6 207.7,-414.8 309.9,-619 -28.7,569.1 320.1,1091.7 217.5,1662.1 -134,32.3 -133.6,-39.4 -138.7,-112.5 -22.9,-329.3 -418.1,-19.3 -452.9,-244.9 -32.1,-211.2 -150.1,-384.7 -305.7,-362.2 -388.5,56.1 -378.1,-274.5 -461.5,-454.2 -68.9,-149 -122.7,-199.5 -260.1,-178.6 -290.5,43.4 -389.6,-49.7 -393.6,-365.2 -2.3,-223.9 -330,2.3 -466,-205.7 94.1,-191 196.6,-400.3 308.7,-628.8zm7913.1 8162.7c-122.9,0 -247.4,14.9 -367.6,-3.1 -273.4,-40.1 -261.8,133.3 -251.4,312.8 -195.5,25.9 -450.2,-106.9 -504.5,256.1 -19.8,130.9 -231.1,5.5 -338.6,67.6 -157.4,-164 -62,-350.4 -83.8,-518.5 -24.2,-190.4 -345.3,-32.5 -330.2,-317.5 6.9,-132.3 -169.2,-298.6 -390.1,-264.3 -99.9,15.2 -233,5.1 -205.2,-137.4 63,-319.9 -93.5,-523.6 -309.3,-719.8 -37.9,-34.8 -5.5,-147.2 -5.5,-223.8 95,-20.2 214.8,55 282.5,-55.8 36.5,-58.2 33,-194.9 58.5,-197.6 564.2,-59.9 530.6,-524.1 574.1,-894.1 24.9,-207.1 107.3,-235.1 264.5,-270.6 91.3,-20.9 72.7,-136.2 53.6,-200.1 -23.6,-77.5 -109.1,-92.8 -188.6,-83.7 -73.5,8 -146.9,17.6 -219.7,26.5 68.3,310.8 -457.8,202.1 -373.9,526.5 3.1,12.3 -33.8,35.4 -95.3,97.3 -43.4,-306.5 -209.7,-581.3 232.1,-709.1 97.9,-28.1 155.4,-164.1 200.8,-294.6 62.8,-181.4 246.5,-194.3 286.3,27 51.5,287.2 448.7,147.8 467.4,409 23.5,331.9 5.7,667 5.7,1000.6 -247.6,-41.9 -80.8,411.6 -394.5,326.6 -62.8,-16.9 -116.4,176.3 -32,242.5 151.6,118.6 83.6,275.4 124,411.6 39.4,131.6 137.5,245.9 236.2,411.8 103.3,0 251.6,1.1 399.6,0 153,-1 264.8,-17.9 304,215.7 32.2,187.2 251.3,264.7 483.4,259.2 186.8,-4.1 95.9,189.4 117.5,299.2zm-31573.8 -17953.8c-11.6,137.7 65.4,339.6 -196,307.5 -358.2,-43.8 -260.4,205.8 -266,438.9 399.6,-171.2 762.4,-210.9 956.1,281.9 44.9,115.7 185,35.3 280,55.4 23,110 -74.8,287.6 121.8,301.9 122.3,9.1 330.4,103.1 341.1,-158.1 6,-150.1 110.3,-157.4 210,-139.4 78.4,13.9 108.6,86.2 102,172.6 -16,208 68.5,426.6 -275,506.7 -211.1,49.3 -216.9,503.9 -585.6,407.7 -74.4,174.8 -173.7,343.6 -215.9,526.2 -29.7,130.4 -21.7,289.6 -195.3,232.2 -285.4,-95.1 49,-150.7 34,-239.8 -52.3,-312.8 116.7,-655.9 -149.1,-945 -50.1,-54.5 -7.4,-194.3 -7.4,-287.2 -59.6,-28 -104.8,-68.8 -145.6,-64.8 -147.2,15.6 -332.9,-79.5 -435.1,50.1 -98.8,125.2 -156.9,298.2 -186.3,458.5 -30.7,170.3 -6.5,350.2 -6.5,572.2 -345.8,-510.6 -372.7,-525.5 -146,-928 161.2,-285.2 151.2,-566 133.3,-930.1 -242.4,0 -491.4,-3.5 -740.3,1.9 -86.6,1.5 -158,-25.4 -171.6,-103.8 -17.2,-99.8 -9.4,-213.8 141.1,-206.6 141,6.4 178.8,-78.9 161.9,-190.6 -38.5,-261.4 102.9,-276.5 312.8,-281.4 319.1,-7.8 494.8,-311.5 362,-627 -56.9,-135.4 -104.2,-271.4 61.3,-284.4 260.7,-20.2 209.3,-190.1 189.5,-322.2 -64,-435.4 -71.7,-439 87.5,-787.5 146.2,312.2 271.1,619.9 431,908.5 137.8,248.2 271,453.7 -153,539.9 -52.3,10.4 -51.6,198.2 -116.9,244.7 -87,61.7 -280.3,6.9 -237.9,198.4 33.3,147.8 138.2,261.8 304.1,290.7zm4798.1 6500.6c22.5,110 -73.2,267.8 121.1,309.5 162.6,34.3 351,-81.3 493,79.9 -66.3,125.1 -313.5,27.2 -291,170.6 30.1,193.4 61.2,496.7 295.5,506.7 344.4,14.5 435.9,236.2 547.2,487.4 31,-64.1 51.5,-107.3 72.4,-150.3l309.7 -782.4c-17.4,-96 39.2,-145.2 119.4,-154.5 111.5,-12.9 201.2,19.3 190.1,160.8 -2,25.6 0,51.4 -0.4,77 -1.6,102.2 37.1,235.5 -12.8,299.9 -111.5,144 -197.9,163.6 67.1,259.2 199.2,71.9 148,393.6 20,587.1 -84.2,127.4 -108.6,219.8 9.4,320.8 119.7,102.2 95,249.9 61.6,352.9 -49.2,149.9 -136,352.7 -258.9,401 -270.7,106.5 -271.4,-260 -278.5,-326.2 -44.4,-400.5 -552.5,-381.8 -625.5,-738.5 -4.9,-24.7 -203.9,-26 -217.7,116.7 -10.7,111.8 -25.6,199.2 -166.6,189.5 -207.9,-14.5 -138.2,-174.6 -142.3,-285.3 -5.1,-121.3 -33.4,-246.2 84.5,-350.9 113.7,-100.2 119,-248.6 -43.3,-280.9 -111.7,-22.1 -327,-116 -352.4,139.8 -19.2,193.9 -144.5,194.3 -258.3,123.3 -98,-60.8 -88.4,-183.7 8.2,-254.5 164.2,-120 50.2,-281.2 139.4,-473.3l-809.8 0 0 -1313.4c-116.2,-137.4 -135.8,-35.2 -163.6,21.3 -31.2,63.3 -35.9,161.7 -83.7,189.3 -58.3,33.1 -149.9,7.8 -226.9,7.8 23.4,-166.4 -47,-337.4 98.9,-497.9 139.8,-154.1 69.9,-258.3 -145.9,-280.9 -128.7,-13.4 -145.4,-203.8 -94.4,-224.7 357.2,-145.2 467.6,-820 1041.1,-494.5 -114.4,364.9 -557.5,524.3 -590.2,942.4 96,177.7 292.3,24.1 401,112.9 158.1,129 -31.6,396.4 208.4,536 78.6,45.6 -25.9,177.7 -180.2,230.8 -190.1,65.8 -171.2,196.2 6.3,295.3 267.9,149.2 354.2,138.1 486.7,-116.4 43.4,-83.3 11.4,-205.1 161.4,-193.3zm-39338.3 -12768.4l-704.1 0c-149.2,-190.6 103.6,-260.5 59.1,-448.5 -271,50.4 -527.5,281.7 -859.1,124.9 153.9,-306.5 308,-612.9 495.7,-987.4 -225.1,-13.4 -419.5,-277.4 -522.4,150.3 -46.7,193.9 -261.1,116.7 -388.5,82.6 -115.8,-31.2 -59.9,-176.6 -64.1,-272.8 -1.8,-44.7 13.5,-103.9 43.8,-133.5 98.5,-96.5 195.8,-224 50.1,-311.6 -186.5,-112.8 -195.7,55.1 -274.9,195.6 -116,206.8 -365.8,13.8 -526,89.4 -208.1,-320.3 267.5,-378.4 67.5,-653.7l1428.3 0c-264.2,-213 -114.4,-490.2 -206.2,-706 -122,-116.9 -312.3,44.1 -431.7,-123.8 -6.2,-274.7 208.2,-332.8 414.2,-422.8 62.7,-27.1 75.9,-240.4 113.3,-240.4 130.7,-1.4 56.3,158.5 112.4,215.5 158.4,161.8 395.9,-20.8 599.6,135.3 0,177.7 -26.2,383.2 4.7,580 81.5,515.5 91.7,513.9 -429.5,608.3 -64.8,185 -54.3,376.1 -4.4,598.7 136.5,0 276.3,-36.5 381.6,8.3 170.6,72.4 540.4,-223.6 499.2,222.2 -19.4,207.7 378.1,358.5 53.9,588.4 -89.8,63.3 -60.6,182.6 29.8,257.4 149.6,123.4 73.7,274.4 57.7,443.6zm758.8 15039.6l-611.7 0c-24.7,-49.2 -63,-91.2 -63.9,-134.4 -6.4,-230.9 -3.3,-462.2 -3.1,-693.1 0.3,-98.2 21,-246.3 -104.2,-240.9 -304.6,12.4 -161.6,-341.8 -360.4,-400.8 37.1,-325.1 -73.8,-658.6 56.9,-977.9 8.9,-21.8 44.3,-33.8 51.7,-55.5 124.4,-371.3 82.4,-413.9 -405.7,-390.9l0 1042.9c-270.9,0 -520.3,4.2 -769.5,-2 -97.3,-2 -231.5,8.7 -282.1,-47.4 -92.8,-101.1 -176.3,-244.1 -189.4,-377 -19.9,-199 120.9,-329.1 317.7,-343.1 247.8,-17.6 497.8,-4.3 774.2,-4.3 -87.3,-293 -142.8,-523 -224.3,-744 -87.2,-234.9 -242,-398.4 -511.6,-357.4 -26.3,-34.5 -53.2,-53.6 -53.9,-73.3 -3.6,-153.1 -2,-306.1 -2,-453.5 140.1,-122 328.9,-124.4 414.8,-25.2 118,135.7 157.8,339.8 234.7,523.3 160.1,159.8 522.7,-107.1 569.7,171.4 54.4,321.7 384.8,256.1 490.6,480.5 96.8,206.4 156,403.2 151.6,632.8 -8,400.1 280.5,703.8 398.7,1067.8 80.9,249.2 -36.9,534.8 196.2,774.9 96.4,99.7 -294.8,331.3 -75,627.1zm-4377.9 -46721c-58.6,165.6 -179.5,316.8 -106.3,492.3 91,216.9 284,391.8 261.6,654.6 -128.1,0 -317.1,52.5 -371.9,-11.1 -119.1,-136.8 -218.4,-328.2 -237.5,-506.8 -33.8,-313 185.5,-432.7 198.1,-629l256 0zm66335.2 8852c-260,456.9 -507.8,857.6 -163.4,1321.8 12.2,16.5 4.4,50.6 0.7,75.8 -86.2,659.4 266.2,1280.7 147.8,1920.3 119.1,146.5 258.5,60.8 430.6,100.7 47.4,215.9 149.8,440.6 -86.1,658.4 -165,152.9 -439.8,149.3 -488.5,-29.4 -164.4,-601.9 -439.8,-1157.6 -681.4,-1737.8 -219.3,182.7 26.1,465.3 -175.9,637.4 -95.5,81.3 -174.7,205.1 -318.3,131.2 -113.2,-58.4 -50.8,-183.5 -65.7,-279.5 -19.6,-127.1 138.5,-163.4 146.2,-245.8 17.6,-185.5 87.8,-441.9 -268.2,-388.1 -113.8,17.2 -156.1,-40.1 -196.2,-162 -89.9,-274.3 -116,-86.5 -147,33.3 -46.3,179.5 -187.2,187.1 -271.1,74.6 -79.7,-107.1 -41.7,-285.9 -274.1,-270.5 -82.8,6 -118.3,-171.4 -33.4,-245.6 105.7,-91.5 116.8,-211.1 135.6,-339.8l1344.1 0 0 820.7c207.3,146.6 404.8,85.5 615.7,69.7 120,-439.2 -55.1,-783.7 -360.7,-1057.1 -322,-288.3 -338,-269 -232.3,-697.6 23.9,-98.4 25.9,-201.3 -110.2,-237.3 -68.6,-18.5 -142,-41.2 -197,-83.1 -165.5,-128.2 -206,-324.1 -81.3,-366.9 139.2,-47.6 238.9,-8.3 243.6,174.1 3.6,145.2 127.3,123.4 228,123.1 277,-1.7 554.4,-0.6 858.5,-0.6zm-26937.7 47051c231.5,-229.5 288.9,-530.4 303.6,-832.1 11.9,-249.3 141.9,-359.5 354.9,-403 121.8,-25.3 250.1,-19.1 374.6,-32.7 18.7,-2 52,-42.5 47.6,-53.2 -116.5,-307.2 359.2,-137.8 317.7,-401.7 -22.3,-144.4 119.8,-159.4 211.6,-128.4 113.1,37.8 132.7,163 66.1,246 -230.7,285.9 -323.1,606.7 -281.9,966.7 29.8,255.2 -251.8,106.5 -305.7,246.1 62.5,111.8 193.7,116.9 262,76.3 352.3,-211.2 675.6,-138.2 1042.5,-13.8 182.4,62 215.3,129 268.3,272.4 43.4,118.6 184.2,36.7 279.6,57.4 2.9,391.6 10.5,784 -429.9,845.9 -226.9,-106.7 -197.2,22.4 -183.5,134.2 15.4,123.1 135.6,113.3 230.1,102.2 172.9,-20.2 79.4,-181.7 63.2,-214 -47.9,-95.7 -143.6,-168.3 -109.8,-22.4 42.3,455 325.7,574.4 263,804.6 -162.8,16.5 -373,210.2 -450.2,-122 -58.2,-252.2 -252.5,-82.2 -392.6,-145.2 -213.3,-160.1 71.3,-492.2 -194.1,-668.1 -53.9,-36.1 49.2,-99.8 124.4,-96.2 151.2,8.2 165.2,-100.7 146.6,-201.1 -24.5,-133.3 -143.2,-108.8 -241.4,-108.6 -101.5,0 -160.3,17.1 -229.1,128.2 -141.4,229.4 -164.3,214.2 -299.5,-39 -101.3,-188.7 -231.8,-367.3 -300.4,-567.5 -46.3,-133.6 -115.3,-140.2 -217.9,-140.7 -125.6,-0.4 -208,-3.3 -268.1,170.1 -104.8,304.4 -191.5,704 -145.6,1043.1 20,145.9 3.6,297.5 3.6,399.3 -70.8,96.8 -107.3,89.2 -143.6,24.2l-166.1 -942.5 0 -384.5zm-16715.2 -47360.5c-37.6,-232.9 111.1,-338 271.9,-471.4 260.2,-215.5 642.1,-384.5 456,-917.5 390.5,81.5 679.7,-126.7 1013.5,-164.1 186.1,-20.7 94.6,-194.8 115.7,-304.4 253.4,47.2 356.3,-56.1 309.3,-309.3 110.4,22.5 293.4,-73.7 301.5,120.5 6.7,165.7 82.3,352.5 -72.6,506.8 -91.1,90.8 -206,133.5 -633.5,159 -126.9,156.2 14.7,371.5 -71.2,504 -102.7,157.4 -173.4,297 -141.6,487.2 113.6,151.4 280.1,50.8 420.6,79.5 67.7,13.8 498.3,486.3 506.7,553.1 25.7,191.9 -76.8,402.1 111.6,571.7 91.1,82.6 20.7,352.7 256.9,257 83.3,-33 115.3,-194 171.3,-298.2 182.3,176.1 14.6,381.9 86.1,537.9 -143.6,132.8 -278.8,52.4 -397.6,84.9 -156.8,107.8 16,345.5 -113.4,404.7 -177.9,81.3 -13.1,405.1 -295.6,364.5 -89.1,-12.9 -320.2,-425.7 -270.6,-538.6 27.2,-62.1 164.5,-76.6 276.3,-122.4 -69.2,-139.2 -106.6,-315.7 -215.7,-405.9 -114.9,-95.3 17.4,-350.2 -305.9,-319.1 -65.9,146.8 -147.4,332.4 -232.5,516.1 -53.2,114 -150.9,120.7 -247.8,77.1 -87.9,-38.6 -88.8,-171 -56.5,-197.1 251.8,-200.8 115,-472.7 257.3,-779.3 -11.1,-108.8 -70.8,-65.9 -105.1,-2.8 -35.4,65.4 -4,85.5 69.9,72.8 83.8,-14.5 189.1,28.5 218.5,-94.2 2.7,-11.6 -73,-41.7 -183.3,24.2 -308.3,92.9 -432.1,64.4 -427.7,-198.3 3.1,-178.1 309,-301.9 128.3,-438.9 -130.3,-99.1 -294.8,-250.7 -503.9,-224.8 -186.8,168.5 222,203.9 -10.5,455.5 -150.9,89.7 -429.5,-30.3 -686.4,9.8zm-3791.8 33186.7c102.5,503.2 314.4,725.9 393.3,366.5 33.3,-153.2 214.3,-247.8 164.2,-502.7 226.7,248.6 82.6,472.9 148.6,637.8 183.9,111.4 554.8,-72.8 457.1,352.9 -35.6,155.5 115.7,321.5 171.9,378.6 209.2,210.3 17.6,337.9 7.1,509.4 -15.8,262.9 -379.9,216.9 -295,291.6 238.9,209.3 -11.6,504.6 196.6,704.1 141.3,135.1 132.7,325.3 -27.9,464 -99.9,86.2 2.5,374.3 -247.5,285.4 -228,-81 -112.5,-216.9 -6.1,-340.9 90.7,-106.4 80.2,-316.6 23,-348.4 -302.6,-170.5 90.6,-716.5 -418.6,-748.8 -14.9,-224.4 -29.8,-448.6 -44.5,-669.5 -119,-100.7 -253.7,-53.9 -373.2,-47 -216.2,12.1 -394.8,4.9 -420.6,-271.8 -4,-39.2 -83.7,-66.6 -101.8,-110.5 -92.1,-221.5 -439.5,82.4 -478.6,-237.8 -20.8,-168.1 48.5,-340 -99.4,-501.4 -197.7,-216.6 58.6,-352 175.3,-405.9 147.8,-69.2 350,-27.8 528.3,-23.4 88.9,2.3 154.5,-30.7 166.3,-109.5 14.5,-101.7 4.7,-202.4 -147.1,-204.2 -195.5,-3.1 -208.4,-158 -123.6,-252.9 199.5,-223.5 359.1,-451.3 439.1,-748.3 38.3,-141.6 232.6,-100.4 340.9,-72 165.6,43.2 126.2,156.4 57.2,288.8 -92,177.7 -314.4,418.4 122.6,481.2 76.4,11.1 102.7,103.9 87.1,183.9 -15.6,80.2 -60.6,148.9 -153.8,119.3 -269,-85 -295.9,93.6 -372.1,284.3 -97.3,242.5 -105.5,509.1 -168.8,247.2 231.8,-505.6 252.8,-529 232.9,-601.8 -17.6,-65.5 -18.7,-136.5 -43.8,-198.4 -19.4,-47.4 -73.9,-37.2 -96.7,26 -34.2,92.7 -27.8,182.9 -92.4,774.2zm41681.2 -22955c-407.1,-148.9 -732.3,260.7 -1167.9,111.1 -72.6,-321.7 -99.9,-694.9 -510.5,-836.5 -61.4,-21.3 -117.5,-101.1 -146,-166.7 -78.9,-182.6 284.1,-275.7 120.4,-457.2 -98.6,-109.2 -340,-76.5 -284.3,-338.1 29.8,-137.9 46.3,-192.9 137.8,-114 219.5,189.2 331.1,34.7 429.5,-102 95.3,-132.3 231.5,-322.7 197.3,-444.9 -148.3,-533.4 487.4,-549.3 560.6,-918.6 324.9,147.4 332.4,-284.4 552.6,-304.8 228,-21.4 459.4,-4.5 685.6,-4.5 265.4,505.7 -121.8,885.7 -243,1312.8 -11.7,41.4 -126.2,76.5 -190.8,74.1 -78.1,-3.8 -120.6,-68.3 -113.3,-159.7 8,-102.1 -0.7,-205.7 2.4,-308.1 2.9,-93.9 -46.7,-133.6 -131.8,-145.6 -85,-12.2 -131.8,32 -180.7,96.6 -94,124.7 -532.8,487 -614.3,522.8 -217.4,94.2 -215.4,257.6 -73.3,484 125.1,198.4 240.7,404.4 238.4,675.3 -2.2,305.3 93.4,364.7 463.9,281 158.5,-36.2 173.8,65.7 215,113.8 145.6,168.6 76,372.9 52.4,629.2zm-46092.6 -1100.1c-253.3,-0.9 -111.1,-294.1 -286.1,-388.5 -85,-46.1 -6.7,-177.7 147.7,-244.9 198.1,-86.4 185.9,-443.3 27.6,-436.6 -466.7,20.6 -417.1,-382.3 -572.1,-620.1 -171.8,-9.6 -344.4,-18.8 -512,-28.3 -85.3,-333.8 -114.9,-639.2 -470.7,-837 -167.2,-93.3 -290.6,226.9 -407.9,-41.8 -51.2,-117.8 -327.8,56.7 -392.8,-118.5 -50.3,-135.3 -10,-304.1 -10,-465.6 180.1,-137.3 391,-50.5 586.3,-64.9 163.6,-11.6 379.8,-69.1 355.3,235.9 -4.5,59.1 100,70.9 98,31 -17.2,-378.9 332.2,-197.5 472.6,-322.6 81.8,-72.8 54.6,-230.5 -43.8,-246.5 -144.7,-23.6 -254.9,-32.5 -229.3,-210 53,-363.3 -223.2,-240 -394.8,-272.3 -88,-641.2 -44.3,-691.1 655.2,-745.9 78.2,153.2 -227.1,205.6 -100.6,373.9 114,151.6 298.8,-2.5 458,141.6 -98.2,413.9 290.6,802.4 131.2,1273.1 -222.5,140.1 -497.5,-45.6 -758.8,120.5 48.1,242.4 61.2,507.4 427.2,236.4 182.2,118 494.6,57 523.3,393.2 5.5,60.2 127.8,108.9 136,171.2 54.6,396.6 344,369 624.6,364.5 0,74.8 16.4,153.5 -2.5,223.8 -69.7,257.2 -529.9,436.6 -152.1,782 -146.5,213.3 -326.4,411.2 -309.5,696.4zm-14623.1 9360.1c21.8,-91.3 -8.5,-153.6 -70.3,-203.3 -26.1,39.6 -76.4,81.2 -71.9,117.1 6.9,66.3 45.8,128.5 71.9,192.6 25.8,-38.8 51.6,-78.1 70.3,-106.4zm-181.2 3598.2c-107.7,-221.2 -321.2,-199.1 -386,-280.4l0 -533.8c14.1,-20.6 30.8,-40.6 50.5,-59.7 92.1,-89.5 63,-192.1 55.8,-285.8 -21.4,-261.2 -23.1,-499.9 313.1,-554 -69.1,-179.9 211.7,-253.8 146.1,-395.6 -82.9,-179.1 -176.4,-345.2 -167.5,-550.5 0.7,-17.3 -32,-38.9 -52.8,-54 -54.4,-40.4 -187.9,-57.8 -345.2,-78.5l0 -1027.7c27.5,3.9 53.2,7.9 76.7,12 259,44.4 185.3,-179.2 184.8,-312.8 -1.5,-229.1 290.3,-71 310.2,-244.9 17.4,-150.8 -16.9,-314.2 28,-454 33.2,-102.9 165.7,-99.8 252.5,-16.3 71,68.2 -16.2,210.2 120.5,251.4 61.6,-41.2 53.4,-118.2 69.9,-191.7 28.9,-129.3 141.1,-131.1 237.1,-94.2 84.4,32.1 96.4,142.3 63,197.1 -88.6,144.1 -250.3,237.5 -55.9,447.3 92.7,100 -148.5,261.6 -99,446.8 62.8,233.9 -62.2,314 -292,290.6 -203.4,-20.7 -183.2,146.7 -161.1,260.7 26.9,137.7 79.5,278.3 152.5,398.2 196.8,323.5 230.2,612.5 19.3,968.3 -110.6,186.3 -246.9,428.4 -181.9,696.9 29.4,121.1 -22.9,226.8 -97,345.7 -136.3,219.4 -228.7,471.2 -241.6,818.9zm36902.8 25890.3c-264.1,262.5 -264.1,262.5 -287,771 -223.8,-65.9 -498.8,220.4 -643.5,-241.4 -57.5,-184.3 -382.1,19.6 -568.9,-126 -69,-348.4 260.7,-343.5 460,-485.8 -69.9,-277.7 72.6,-574.5 -90.1,-877.9 -55.1,-103.4 95.3,-320.4 189.7,-477 144.9,-240.7 -27.7,-305 -261.7,-258 134.7,-286.8 236,-521.2 358,-744.6 18.1,-32.5 135.2,-25.1 200.7,-10.4 27.4,6.9 67.7,103.9 53.8,122 -316.4,407.7 -4.9,707.4 143.7,1054.5 62.7,145.8 249.5,265.1 172.7,471.5 -28.3,76.2 22.1,183.3 89.8,175.1 232.9,-28.6 378.9,30 423.9,280.9 4.4,23.9 137.6,18.3 208,37.2 270.5,72.2 599.6,-163.6 822.4,150.1 166.4,234.9 454.7,195.5 673.8,311.5 114,59.7 134.4,222.9 83,236.5 -444,114.4 -251.1,464.6 -292.3,726.9 -3.8,23.2 -15.1,44.8 -41.4,121.4l-886.9 0c48.1,-103.4 318.4,-1044.7 308,-1099.3 -10.9,-60.8 -9.2,-171.7 -116.3,-94.4 -337.1,243.6 -635.8,-218.6 -999.4,-43.8 34.3,23.3 54.9,0.4 34.9,-72.7 -17.4,-65.6 -18.2,-136.6 -43,-198.6 -19.8,-47.1 -74.3,-37.1 -97.2,26.3 -34.3,92.6 -27.9,183 105.3,245zm12880.2 -34360.2c77.9,216 -207.8,554 250,656.9 117.3,26.3 90.4,260.5 10.7,396.1 -145.8,249.8 -310,491.8 -260.7,804l-395.5 0c-122.6,180.3 -64.8,377.1 -49,557.7 111.1,172.1 415.7,-105.7 464,265.8 34.3,265.5 491.4,294.6 545.6,601 55.2,311.9 436.6,278.8 534.3,598.2 -206.8,209.3 -177.4,626.8 -545.5,782.4 -144.1,-167.4 -96.9,-330.1 -83.2,-471.5 27.8,-277.9 -54.8,-480.1 -264.3,-668.6 -149.4,-134.5 -197.6,-141.9 -381.2,-30.3 -225.1,136.3 -465.2,276.7 -753.9,222.9 78.8,-373.7 482.9,-522 613.8,-898.2l-813.1 0c-150.3,-273.4 -312.6,-508.6 -408.1,-768.4 -47.5,-129.8 -99.1,-386.3 218.2,-345.6 143.8,18.3 226.4,-13.7 241.5,-191.6 15.9,-189.8 192.6,-96.3 370.1,-10.5 108.6,-10.7 66.3,-70.4 3.1,-104.7 -65.7,-35.6 -85.5,-4.6 -73,70 14.2,83.7 -28.9,188.8 94.2,218.1 11.6,2.5 41.8,-72.6 -24.3,-183.4 -69.9,-418.8 189.5,-684.4 88.9,-1013.8 -24.1,-78.5 32.7,-182.5 88.3,-169.2 289.5,67.5 191.3,-490.5 529.1,-317.3zm1816.6 -610.5c-349.6,-160.3 -522.8,-169.8 -710.1,-180.5 -36.9,-366.3 -90.4,-710.3 287.3,-1039.4l757 0c-49.7,-554.1 -132.1,-1057.1 -458.5,-1539.8 302.8,-80.8 547.5,243.1 845.5,127.8 51.4,-19.9 274.3,506.7 215.2,553.2 -181.2,142.6 -108.6,325.8 -120,494.8 -11.3,170.5 46.6,346.4 -243.6,370.5 -85.7,7.1 -173.2,271.2 -213.7,429.5 -25.1,98.4 -81.5,269.4 109.5,309.5 365.4,77.7 199.6,647 623.5,665.7 -15.2,36.7 -32.3,105.3 -44.6,104.4 -208.6,-13.1 -327.2,110.2 -187.4,253.9 103.7,106.6 357.5,210.8 434.2,-146.1 36.3,-167.2 214.6,-178.8 296.3,41.2 58.1,155.6 138.3,303 208.9,454.9 145.6,-20.7 72.8,-148.1 110.6,-220.9 41.9,-81.5 130.7,-83.1 200.8,-64.2 77.8,21.2 133.4,108.3 92.6,174.6 -171.1,273 -216.8,701.1 -710.9,597.6 -162.9,-34.5 -206.8,54.4 -223.3,214 -11.6,111.8 -141.2,111.8 -243.6,72.3 -181.9,-222.6 123.8,-590.7 -179.9,-742 -281.4,-140.3 -260,-425.3 -410.3,-620.6 -31,-40.5 -67.9,-78.8 -109.3,-108.4 -45.2,-32.5 -60.6,-38.7 -141,-0.3 -252.5,120.1 -270.1,82.9 -185.2,-201.7 195.5,170.2 216.4,147 196.4,73.9 -17.9,-65.2 -18.3,-136.7 -43.5,-198.3 -19.3,-47.5 -73.7,-37.2 -97,26 -34.1,92.6 -27.2,183.3 -55.9,98.4zm-140.7 10515.7l886.3 0c194.8,183.2 -129.1,655.4 362.9,681.3 108.3,241.5 -142,683.7 -406.3,710.2 -98.6,10.5 -199.2,1.8 -352.5,1.8 -9.7,466.3 289,877.5 140.8,1304.3 190.1,184.6 422.1,5.4 615,141.9l0 816.9c-174.6,214.4 -711,-234.7 -621.3,430.6 -290.1,-320.4 8.9,-513.9 30.8,-782.7 -297.7,-75.9 -599.6,-248.4 -754.2,291.1 90.2,-520 -223.1,-913.4 -196.8,-1365.6 -168.3,-153.6 -399.2,20.1 -604,-128.5 -24.8,-270.7 136.5,-364.9 394,-401.6 436.2,-61.4 658.5,-346.4 694.7,-758.6 29,-336.6 -86.1,-631.4 -189.4,-941.1zm-48732.9 32602.3c-66.5,-19.9 -123.2,-18.9 -171.8,0l-286.4 0c5.8,-65.2 12.2,-130.2 -0.8,-192.2 -35.1,-166.1 131,-431.3 -238,-438.2 -102.4,-1.8 -15.4,-99.3 21.2,-154.1 123.5,-185.9 55.2,-380 24.2,-682.8 -140.5,288.7 -237.8,487.5 -334.6,686.2 30.7,-226.7 -371.8,-294.6 -180.2,-619.5 149.4,-252.9 354.1,-348 584.8,-448.1 42.9,-19 108.4,13.5 152,-5.6 215.8,-95.3 354,-581.6 220.2,-754.6 -309.7,-398.5 -321.3,-522.1 -68.5,-888.2 22.4,-33.1 83.2,-45.1 129.1,-55.6 96.4,-21.8 144.7,39.8 152.9,120.7 38.8,366.7 -103.9,758.3 156.4,1093.2 -264.4,264 -70.9,630.3 -207.1,917.5 -41.7,88.6 -270.3,-21.5 -258.3,189.1 7.3,128.4 1.1,257.1 1.1,403.4 278.1,147.9 594.9,-5.3 895.3,95.1 22.3,209.3 83.3,413.9 183.9,608.5 25.6,50.3 45.6,105.6 84,125.2l-859.4 0zm928.5 0c88.9,-27.6 151.3,-23.3 197.9,0l-197.9 0zm15205.9 -56902.4c-102,1.8 -189.3,14.1 -190.4,157.5 -0.2,95.9 45.2,141.8 122.9,150.2 105.6,11.8 192.2,-10.9 193.3,-153.8 1.1,-95.5 -45.6,-130.3 -125.8,-153.9zm-903.3 -618.2l286.5 0 1021.8 0 0 940.2c117.5,266.3 542.1,-35 505,381.6 -6.3,68.8 116.8,72.4 193.5,71.7 124.9,-1.3 260.2,-26 258.9,173.3 -2.9,502.3 278.7,686.8 782.8,600 -32,423.5 -434.4,660 -360.9,1069 -176.6,-216 -81.3,-458.7 -119.6,-690.9 -115.9,-135 -290.1,-86.4 -422.8,-60.2 -436.4,87.3 -581.8,-264 -808.2,-494.7 -86.2,-88.1 -138,-223.7 -238,-281.6 -369.8,-214.7 -374.9,-205.8 -537.1,-481.8 -105,-177.9 -445,-190 -437.2,-44.1 15.6,300.5 -404.1,115.3 -345.8,401.8 26.5,131.9 -124.9,119.1 -225.1,119.1 -100.4,0 -209.5,20.5 -230.2,-124.4 -11.4,-81.7 14.2,-164.8 92.1,-180.8 97.1,-19.8 246.7,-2.2 210,-138.3 -91,-337 480.5,-346.6 324,-712.4 -46.6,-108.9 -11,-254.5 -4.9,-382.8 2.2,-45.2 29.3,-90.1 55.2,-164.7zm36780.5 7964c536.8,-90.4 536.8,-90.4 688.9,-375.4 158.5,113.6 59,278.1 81.3,417.2 24.9,156.8 -50.3,295 223.7,385.5 199.3,65.9 89.1,449.1 56.1,694.6 -481.3,90 -222.1,468 -274,721 -24.1,119.1 -3.8,246.9 -3.8,353.6 -289.3,118.8 -468,79.6 -503.9,-232.1 -367.8,386.6 -455.8,825.7 -242.4,1323.3 -274.3,24 -137,-217.3 -267,-285.7 -94.6,-50.3 -232,-130 -223.8,-284.6 6.9,-150.9 -94.8,-170.5 -198.6,-154 -445.1,70.6 -514.1,-247 -596.4,-565.8 -164.8,-143.6 -394.4,26.3 -589.7,-117.7 -50.2,-311.8 100.9,-673.8 -210.6,-915.8 190.6,-148.3 319.1,-89.8 443.1,-98.4 173,165.4 -36.5,436.4 154.7,626.1 157,-255.7 -19.6,-529.7 117.4,-763.1 34.7,17.8 102.6,45.4 100.4,52.4 -150.3,532.1 310.1,919 337.6,1409.8 4.8,85.2 185.8,74.4 191.6,57 79.3,-238.9 218.5,-364 485.2,-317.7 12.9,2.4 73.3,-126.1 68.8,-191.1 -12.2,-189.7 38.5,-293 252,-264 100.2,13.8 223.1,13.8 213.6,-134.5 -10.1,-163.5 234.7,-225.3 154.3,-397.2 -48.8,-105.6 -243.6,-104.4 -241.4,-58.2 21.2,433.1 -640.8,149.4 -595.4,581.8 -101.7,3.6 -210.4,31.4 -302.6,4.1 -115.9,-34.6 -139.1,-207.3 -69.8,-236.1 343.7,-141.1 442.3,-400.9 444.3,-739.6 0.7,-75 83.8,-113.3 170.6,-102.2 86.8,11.1 139.6,51.4 133.6,143.4 -9.3,138.2 72.8,177.9 187.7,165.4 144.7,-16.2 106.4,-134 126.2,-229.8 54.2,-265.1 -71.6,-400.7 -311.7,-472.2zm-43474.3 10717.3c-108.5,-149.3 -220.9,-111.3 -315.7,-104.8 -196.9,13.6 -281.9,-34.5 -360.5,-253 -133,-370.7 -174.1,-355.8 -670.2,-378.9 -217.8,-295 103.5,-489.9 133.6,-764.6l682.4 0c128.5,-354.3 249.2,-685.8 365.2,-1005.1 -204.7,-153.3 -427.5,-21.3 -611.6,-105.1 -82.9,-383.8 271.8,-663.2 125.7,-1004.5 198,-57.9 342.5,-105.6 501.2,47.6 -98.2,198.2 -201.3,407.2 -307.2,621.7 153.4,88.6 314.8,122.2 460.7,-47.5 17.3,-19.4 49.1,-54.7 53.2,-51.9 211.2,145.9 245.3,469.4 539.2,534 -34.5,191.2 113.6,429.7 -102.9,569.3 -275.2,177 -187.7,445.1 -199.7,666.8 -125.1,173.3 -318.8,2.7 -453.1,147.2 2.5,52.6 -21.4,141.1 12.5,189 564.9,797.1 329.8,1455 -446.8,1955.6 -85.8,55 -129.7,139.4 -224.1,16.2 -60.7,-80.1 -157.3,-138.7 -127.5,-256.5 20,-79.4 80.4,-138.5 165.2,-107.7 327.7,118.7 301.4,-196.8 384.3,-335.3 135.8,-227.1 166.1,-294.8 396.1,-332.5zm48889.7 18309.6c0,77.2 -3.8,154.8 0.6,231.8 28.1,526.8 150.3,624.5 632.2,437.3 150,-58.4 221.9,-45.9 324.4,52.5 125.7,120 201.2,236.9 34.2,373.8 -72.8,59.1 -60.5,132.3 -64.5,248.8 342.4,142.4 739.6,-38.4 1109.5,103.5 -189.7,196.2 -419.3,27.2 -623.9,146l0 779.8c-125.4,160.7 -265.9,78.8 -386.1,104.4 -183.2,-101.1 -72.8,-273.6 -94.8,-411.5 -16.3,-100.8 2.9,-205.7 -148.1,-210.6 -141.8,-4.7 -160.8,78.8 -168.3,191.7 -2.9,40.3 -49.2,77.9 -75.8,117.1 -101,-499.2 -509.6,-242.2 -788.6,-321.1 -24.2,-214.4 -243.8,-348 -224.4,-602.2 19.3,-256.7 -217.1,-120 -341.1,-158.3 -79,-24.5 -121.6,-69.7 -116.9,-163 5.1,-93.5 49,-131.1 133.4,-147 109.1,-20.7 249.6,66.9 324.6,-98.4 -192.2,-118.8 -401.5,-33.8 -598.9,-51.4 -88.4,-7.8 -145.4,-35.9 -163.5,-115.6 -17.6,-76.8 4.7,-187.6 76.2,-189.9 152.1,-5.6 258.5,-32.5 228.2,-208.8 -22.5,-133 -168.8,-75 -234.2,-125.2 -119.2,-90.8 -124.7,-256.4 33.4,-281 180.8,-28.5 339.9,-154.9 341.7,-252.2 7.1,-327.1 257,-261.2 371.9,-209.7 199,87.5 154.9,287.4 37.1,438.3 -67.9,87.1 -113.7,160.8 -52.7,272.2 129.6,98.3 287.4,27.5 434.4,48.7zm-46688.1 -14239.7c-33.6,-173.5 160,-282.1 106.2,-458 -46.6,-154.3 61,-269.9 135.6,-405.4 95.9,-173.5 -206.4,-413.9 -411.9,-322.4 -87.6,39.4 -189.8,162.5 -259.9,95.9 -231.6,-220 -412.5,-168.7 -660.1,-9.3 -106.9,68.5 -345.8,86.1 -504.3,-49 97.2,-179.9 280.1,-31.4 383.6,-100.2 248.4,-147.9 -161.4,-516.8 264.7,-624.6 237.3,-60.3 431.3,-291.9 705.2,97.4 3.1,-519.5 128.6,-935.6 -80.7,-1378.3 -99.7,-210.4 -70.1,-505.8 -27.8,-750.7 25.8,-150.4 156.5,-322.9 398.8,-258.5 -59.2,240.9 -199.9,482.7 -49.4,732.2 118.9,197.5 162.3,513.3 505.6,324.5 171,427.2 51.9,822 -120.5,1109 -170.3,284.5 -41.8,459.5 37.2,653.7 70.6,173.9 240.3,188.3 290.6,-37.9 28.7,-128.6 78.4,-176.5 194.1,-163.8 145,15.1 106,132.7 126.7,228.6 61,279.5 100.2,577.1 515.2,552.9 123,-7.1 148.6,263.8 28.8,275.9 -207.6,20.9 -189,165.6 -272.6,270.5 -157.2,197.9 -103,-24.8 -119.5,-91.3 -6,-23.9 4.7,-72.4 -1.8,-73.7 -198.4,-52.8 -329.8,-169 -370.5,-375.6 -69.7,199.5 -293.7,264.9 -388.7,415.2 -109.1,172.8 -165.2,350.5 -424.6,342.9zm16661.7 11608.4c-87.7,298.6 198.1,490.1 193.5,773.7 115.3,-215.3 220.1,-395.2 496.5,-303.2 24.7,30.9 87.2,77.7 79,103 -127.4,407 263.8,614.1 368.7,931.2 30.3,92.2 235.1,89.1 253,-101.3 24.7,-259.4 218.4,-140.7 345.9,-160.3 35.5,-5.6 110,42.5 114.7,73.7 10.3,69 37.6,201.3 -48.1,199.9 -316.8,-5.6 -286.1,297.9 -392.5,453.3 -72.2,105.6 -79.9,199.7 -239.1,200.4 -456.9,2 -169.5,285 -244.9,493.2 214.8,-88.9 92.6,-285.2 253.5,-336.5 91.6,188.6 67.9,381 31.9,570.5 -129.1,79.9 -253,37.2 -374.7,30.7 -21.8,-44.9 -59.3,-87.2 -60.6,-130.5 -11.4,-413.4 -14,-410.3 -307.2,-787.3 -35.4,-45.2 -10.3,-146.9 -110.5,-117.9 -26.7,7.7 -34.7,83.7 -49.2,128.8 -71.5,224.7 -231.6,211.6 -296.4,42.4 -74.3,-192 -305.2,-414.4 -20,-645.7 48.3,-39.4 6.5,-188.8 6.5,-317.3 -243.6,159.6 -475.6,152.9 -732.1,119.8 -8.3,-159 182.1,-276.5 168.5,-595.9 -41.4,-124.2 -61.9,-68.9 -55.9,5.4 3.8,47.4 -12.6,132.3 2.9,138 83.3,29.9 138.8,-31.4 147.9,-101.5 7.5,-61.7 -25.2,-128.7 -94.9,-41.9 -303.9,133.2 -570.8,84.5 -635.9,460.1l0 -1049.9c89.1,-87 246.1,20.1 334.7,-44.2 84.2,-60 113.3,-197.5 167.9,-304 87.3,163.4 95.3,410.8 393.6,317.8 92.7,-28.6 201.8,-4.5 303.3,-4.5zm40550.9 -4643c15.6,129.9 -70.6,316 183,310.8 248.1,-5.3 497,-1.3 745.5,-1.3 -22.8,110.2 75.5,287.7 -122.5,305 -322.6,28.1 -141.1,257.7 -183.4,400.6 168,145.8 196.1,-193.9 381.1,-98.6 106.2,54.3 251.4,16.2 234.3,202.8 -15.6,171 7.1,271.4 232.6,292.8 117.6,11.1 124.2,205.3 -17.6,286.3 -79.4,45 -316.8,-36.3 -115.7,176.2 89.4,94.4 17.6,255.1 159.8,322.4 112.2,53.2 -21.8,269.8 179.9,281.4 194.4,10.9 161.2,-134.5 198.2,-246.5 28.7,-87.3 129.1,-74.6 199.9,-59.9 9.4,1.8 20.1,7.4 30.8,15.4l0 547.5c-42.3,51.4 -111.2,91.7 -222.2,114.9 -163.9,34.5 -193.6,260.2 -233.2,402.9 -368,19.6 -209,-440.1 -469.1,-439.2 -323.5,1.1 -362.3,-311.3 -382.8,-446.4 -51.8,-337.6 -284.9,-121.4 -403,-215.1 -175.6,-205.5 -22.4,-475.6 -137.5,-771.3 -239.8,121.1 -618.8,-233.6 -758.2,278.3 -401.2,-249.1 -139.1,-586.7 -121.1,-894.1 8.9,-150.8 106.9,-145 210.2,-145.5 355.4,-3 274.7,-129.7 143.2,-362 -160.3,-283 95.5,-253.6 267.8,-257.4zm-13196.8 18603.3c-279.6,-149.6 -429.3,150.3 -658.8,128 -36.3,-273 223.8,-440.6 240.2,-690.9 -372.3,-82.8 -372.3,-82.8 -778.6,391.7 -298.8,349.1 -298.8,349.1 -381.4,913.1 -212.2,-182.2 60.5,-511.9 -206,-687.8 -16.7,-10.9 72.4,-285.7 170.2,-348.2 343.1,-220.5 524.1,-639.1 875.9,-793.1 196.1,-86.6 76.8,-448.5 389.2,-345.2 50.1,16.5 119.8,-134.4 75.5,-178.9 -211.1,-212.9 10.4,-377.9 60.7,-549.3 24.9,-84 95.5,-155.9 106,-265.4 12,-132.3 -110.7,-332.7 112.4,-386.1 281.3,-67 270.1,281.4 278.4,345.1 39.6,305.2 235.1,597.6 78.1,936 -77.5,166.6 -313.2,20 -325.1,238.2 -9.1,165.9 203.3,218 163.5,399.7 -45.7,210 168.1,339.1 207.3,563.3 122,-223.1 221.9,-465.8 538.1,-272.3 90.2,369.9 3.1,713.9 -207.5,1035.3 -153.6,0.1 -308.1,0.1 -461.8,0.1 -199,227.5 -170.1,603.8 -545.5,784.3 -2.4,-446.1 187.5,-807.9 269.2,-1217.6zm-19551.5 -37008.4l1124.4 0c123.3,258.3 -37,530.4 107.5,750.4 302.4,92.4 320.7,-567.8 737.4,-206.2 -280.7,367.6 -73.9,887.5 -382.3,1275.8 -190.3,-6.4 -34.2,-228.2 -163.2,-266.9 -138.2,-41.2 -231.7,-28.6 -254,155.8 -30.9,256.7 -254.5,63.7 -347.8,147.9 -166.3,-96.2 -102,-236.5 -110.2,-354.3 -14.7,-212.4 67.5,-476.9 -287.7,-485.8 1.4,-319.5 -233.1,-241.8 -421.5,-258.1 -271.6,-23.4 -276,-55.4 -70.8,-381.4 -159.1,-186.5 -387.6,-8.9 -562.8,-105.9 -17.1,-44.3 -49,-88 -49.6,-133.2 -7.2,-384.5 34.4,-768.1 -423.5,-984.4 -119.2,-56.5 -46.1,-327.9 -18.3,-571 202.8,78.6 413.2,-121.2 615.4,192.3 110,170.1 327.3,329.3 415.7,515.7 80.8,170.8 330.6,407 -90.8,631.6 60.8,25.7 121.3,51.9 182.1,77.7zm18889.1 7261.6c264.5,0 390.8,-8 515.7,1.6 201.7,15.6 348.7,136.2 334.8,332.2 -22.7,318.2 55.7,628.1 -93.5,963.8 -121.6,273.2 -25.1,643.7 -25.1,1039.2 344.4,-99.1 687.5,-265 1048.6,-133.2 -44.2,189.5 -247.3,55.9 -320.5,245.6 194.1,180.6 111.7,589.6 544.8,658 142.2,22.6 122,281.8 13.6,278.9 -242.3,-5.6 -195.5,168.8 -269.2,279.2 -67.9,101.8 -312.9,4.2 -283,263 12,104.8 -148.1,129.4 -235.8,73 -99.8,-64.3 -94,-168.3 -12.9,-259.2 238.4,-268.9 112.9,-348.2 -177.5,-336.2 -83.5,3.6 -156,-18.4 -179.5,-97 -105.5,-351.1 -447.7,-574.7 -503.3,-965.7 -247.7,4.3 -557.1,-178.8 -638.9,256.7 -2.8,14.1 -134.7,17.6 -199,0 -27.4,-7.7 -58.1,-87 -50.3,-126 28.7,-139.6 170.1,-248.7 9.1,-425.3 -75.7,-82.6 -13.1,-291.8 -13.1,-472.4l692.6 0c84,-250.1 190.9,-470 228.7,-701.2 50.3,-309.2 -68.8,-582.2 -386.3,-875zm6143.4 2199.8c-525,-206.1 -674.6,215.1 -768.3,510.6 -88.9,280.5 -225.4,530.3 -315.3,796.9 -49.9,148 -326.7,294.9 -147.2,449.5 206.6,177.2 -37.8,239.6 -29,354.5 3.4,47.1 18.8,130 38.6,133.3 484.9,72.8 166.7,312.8 119.5,512.3 -76.8,320.4 -299.9,24.1 -388.1,168.1 -164,-224.8 9.8,-456 -143.6,-624.3 -164.1,37.7 -30.4,240.7 -165.4,292.8 -154.7,-43.4 8,-342.9 -243.1,-304.3 -420.6,63.8 -273.9,-222.7 -305.7,-390.6 225.3,-192.4 292.3,52.6 422.1,77.9 360.7,69.5 514.6,-126.6 389.9,-501.6 -57.7,-174.5 -37.2,-345.3 -18.9,-520.1 109.5,-151 387.4,35 400.3,-109.3 21.6,-242.3 291.5,-467.1 152.3,-669.6 -139,-202.8 -66.1,-389.2 -106,-578.8 -65.4,-308 416.6,-236.7 362,-532.8 99.8,-4.7 103.6,61 105.3,135.8 1.2,68.8 90.7,163.6 97.8,108.4 38.8,-309.7 400.3,-267.2 490.9,-482.9 67.7,-159.9 49.9,-343.6 -5.8,-538.9 -162,23 -398.9,-190.8 -436.3,188.2 -11.8,118.7 -143.9,122.5 -241.6,79.2 -87.8,-38.9 -89.3,-169 -56.1,-198.1 224.9,-195.7 130.4,-514.8 301.2,-730.3 96,-120.9 390.6,-202.9 421.3,-88.9 56.8,213.4 304.1,326 319.7,481 36.3,359.6 143.4,738.5 -103.5,1094.6 -169.7,245.3 -228.9,546.5 -147,887.4zm-11321.6 34945.7c23.1,-168.1 -63.4,-354.2 105.8,-497.8 90.3,-76.9 84.4,-193.8 -15.8,-255.7 -87.5,-54 -174.2,-24 -248.1,76.2 -188.4,255.8 -195,250.9 -329.1,-42.5 -165.4,-361.4 -170.3,-365.9 110.7,-677.6 82.8,-91.7 55.9,-185.9 67.5,-282.1 10.7,-85.5 -22.1,-153.8 -100,-174.3 -71.3,-18.5 -168.3,-15.8 -197.5,67.2 -30.3,87.1 10.4,227.2 -122.5,232 -128.6,4.7 -207,85.1 -282.1,174.6 -151.2,-255.2 30.5,-405 63.7,-581.6 69,-372 313,-163.4 473.4,-199.5 165.4,-37.6 272.7,-241.1 474,-160.7 33.2,301.7 312.2,49.4 463.5,276.8 178.2,360.9 -265.6,764.7 -132.7,1227.9 184.2,85 524.6,-25.8 487.2,407.4 59.9,-97.1 87.8,-136.7 110.4,-179.4 125.4,-237.1 238.3,-260.8 289.1,-43.7 54.9,232.3 271.6,100.5 325.7,241.4 -100.2,171 -287.5,15.6 -418.8,119.8 -85.7,127.3 -22,283.8 -40.7,431 -12.3,96 43.8,141 126.9,147 45.6,3.8 133.1,-18.7 134.2,-32.1 16.3,-366.7 288.1,-265 496.1,-273.4 128.7,-5.4 259.4,-14.7 385.6,4 77.7,11.6 113.1,95.5 93.3,176.6 -11.4,44.5 -51.9,121.1 -71.5,118.9 -467.1,-54.2 -480.9,303.6 -540.8,603.3 -23.2,116.5 -47.9,190.9 -178.3,179.1 -96.4,-8.7 -222.4,44.5 -276.8,-69.1 -69.4,-143.8 45.9,-230.6 143.6,-317.2 -168.1,-174.1 -396.8,-5.4 -591.6,-116.9 -49,-235.8 -83.4,-471.6 119.2,-683.8 38.3,-40.8 16.4,-161.6 -66.2,-193.3 -64.5,-24.9 -187.5,-45.8 -201.2,35.5 -76,465 -433.6,188.7 -656.2,262zm-28708.7 -44112.5c69.7,-47.8 51.2,-135.1 81.9,-195.2 69.4,-135.2 271.2,-156.1 283.2,-48.4 33,299.9 137.6,552.5 320.4,797.8 123.4,165.7 -161.9,268.3 -175.7,463.1 -11.8,162.3 -280.9,-9.1 -406.1,116.5 -14.7,119.8 172.6,159.8 128.9,301.2 -41.4,133.4 -220,136.9 -225.5,108 -55,-285.7 -251.9,-293.7 -482.3,-331.7 -104,-17 -286.8,-165.5 -216.4,-352.5 40.5,-107.3 217.1,-157 132,-325.8 -132.4,-232.8 -605.2,183.8 -616.5,-312.8 -379.2,4.7 -243.1,-354.6 -358,-535 -84.9,55.9 -85.3,128.7 -96.4,204.2 -11.2,79.9 -69,120.4 -161.4,114.9 -92.2,-5.6 -141,-48.3 -142.6,-134.7 -4.6,-200.4 -1.5,-401.1 -1.5,-583 -335.8,-165.2 -598.1,13.6 -901.5,136.5 164.7,-365.3 164.9,-364.5 491.6,-504.9 75.7,-32.6 104.4,-90.9 104,-176.4 0,-42 42.9,-83.7 65.7,-124.9 164,34.1 -8.3,312.6 241.7,310.2 150.4,-1.2 423.1,-119.4 442.3,70.6 32.2,312.8 219,202.3 372.6,232.4 249.6,49.2 184.6,397.4 413.1,458.4 192.6,51.5 411,-67 593.8,54.8 76.1,51.5 2.2,201.3 112.7,256.7zm-22192 29403.2c90.2,-51.9 57,-135.3 53,-204.2 -1.3,-21.1 -73.9,-63.6 -95.3,-53.8 -88.4,39.6 -54.3,128.9 -49.7,197.3 1.6,23.1 61.7,41.8 92,60.7zm187.9 565.3c-304.1,-179 -464.6,-375.3 -591.1,-601.3 -34.1,-60 -17.8,-147.5 -48.3,-210.9 -14.1,-28.1 -86,-34.7 -133.2,-38.5 -74.6,-6.2 -149.8,-1.6 -287.7,-1.6 60.2,435.8 -30,1284.7 -194.8,1746.1 -17.2,-24.1 -36.8,-47.9 -58.2,-71.4l0 -2208.8c85.7,-140.8 172.8,-280.8 252.2,-425.1 86.6,-156.1 356.2,-123.1 365.8,-384.2 1.3,-43 375.4,-209.8 415,156.9 6.9,65.5 73.7,138.5 139,32.8 42,-68 -39.5,-202.9 111.7,-214 16.5,-1.6 55.2,41.6 51.4,50.7 -134.4,320.6 518.4,179.9 318.2,557.1 -121.1,229.1 -327.3,422.2 -318.2,717.6 7.8,273.2 -12.2,546.8 -21.8,894.6zm46999.4 -33397.7c-22.2,-87.5 -59,-132.1 -154.1,-131.7 -142.7,0.9 -165.2,88 -153.8,193.5 8.7,77.5 54.8,123.2 150.3,122.5 143.4,-1.1 155.8,-88.2 157.6,-184.3zm-279.7 410.5c-340.2,-531.2 -419.7,-563.5 -475.8,-482.2 -209.3,303.4 -210.3,302.7 -425.5,-37.9 -144.4,170.1 25.4,399 -110.4,576 -33.8,-18.9 -88.1,-30.3 -99.3,-59 -97,-242.3 -201.9,-483.6 -272.1,-734.3 -52.9,-189.7 -118,-309.7 -343.5,-268.7 -140.5,26 -153.2,-78.6 -165.9,-188.4 -6,-48.6 -63,-193.7 -119.6,-56.8 -59,144.3 -69.4,262.7 -273.1,267.4 -126.3,3.1 5.3,244.5 -162.8,272.1 -238.9,-357.3 175.7,-649.3 86.2,-988.3 997.4,-161.2 1097.9,-113.6 1481,694.8 71.1,-48.5 55.9,-130.4 81.1,-197 61.5,-160.1 203.5,-165.2 283.4,-42.3 101.8,155.9 151.2,346.4 235.1,550.8 139.2,0 289.5,-3.3 439.5,0.7 415.3,10.3 638,178.8 737.3,565.5 18.4,72.2 2.8,197.3 -68.2,193.3 -306.1,-18.3 -237.1,193 -237.5,357.8 -0.5,236.9 -339.6,16.2 -300,195.5 71.3,324.8 -191.4,562 -166.1,863 7.6,93.3 -45.8,133.3 -130.4,146 -84.9,12.3 -165.2,-21.5 -174.6,-98.1 -28.7,-241.6 -223.5,-411.1 -65.5,-746.4 165.3,-351.8 36.8,-841.8 246.7,-783.5 278.6,568.4 299.7,545.3 279.7,472.2 -17.6,-65.4 -18.3,-137.1 -43.6,-198.5 -19.2,-47.3 -73.9,-37 -97.1,25.8 -33.9,93 -27.2,183.5 -139,-299.5zm-9936.2 42023.6c23.3,110 -56.8,338.6 118.7,294.8 360.4,-90 386.7,224.8 444.4,372.7 85.2,218.6 154.7,450.9 256.7,725.4 204.6,0 431,7.8 656.4,-2.7 158.3,-7.4 201.7,46.3 238.4,205.9 37.6,165.1 121.6,94.2 142.1,-35.4 48.3,-300.1 275.6,-183.2 405.2,-132.9 135.8,52.3 82.1,246.9 50.8,348.9 -115.6,378.1 -593.9,522.1 -646,958.3 -3.5,24.5 -132,39.2 -203.2,49.2 -49.7,7.2 -146.1,-1.3 -146.1,-3.1 0.2,-372.1 -462,-208 -532.2,-449.7 -41.4,-143.7 -242.8,-219.3 -162.9,-395.3 28.7,-63.2 96.6,-108.2 146,-161.2 -115.5,-148.2 -299.6,-14.4 -443,-108.6 -9.2,-177.5 -18.7,-351.1 -27.6,-520.6 -140.8,-115.1 -300.2,-38.7 -446,-62.8 -146.8,-24.4 -395.7,76.4 -423.9,-53.6 -53.7,-247.2 -298.9,-333.1 -357,-552.2 -46.7,-176.8 71.7,-421.5 310,-631.7 182.5,146.5 395.2,173.1 619.2,154.6zm-15852 -5562.6l-802.2 0c-39.2,-74.5 -52.8,-94.4 -61.2,-116.8 -61.7,-167 145.6,-459.6 -151.9,-496.1 -227.3,-27.8 -181.6,293.2 -306.3,428.4 -34.7,37.2 -15.8,133.3 -95.8,161.9 -80.6,-48.8 -33.1,-157.3 -70.8,-198.4 -110.4,-118.3 -144.9,-241.4 -157.1,-402.8 -19.9,-256.5 386.3,-83.3 350.4,-399.4 -12.2,-107.1 191.3,-110.5 597.2,173.8 215.3,150.8 470.8,59.2 634,-178.3 72.2,-105.1 119.9,-206 160.1,-321.7 9.9,-28.6 82.2,-43 127.9,-51.5 95.3,-17.6 164.3,51.5 144,122.5 -50.7,178.5 180.6,484 -234.7,514.7 -108.2,7.6 -49.8,175.3 -70.1,269.7 -56.8,266.5 331.7,77.9 317.1,321 -8.5,145 -83.1,391.7 44.9,426.7 446.9,122.8 205.7,608.7 493,815.1 160.1,-175 2.4,-431.3 125.6,-622.8 238.8,176.6 -22.1,463.4 181,627.5 26.2,-40.3 71.7,-79.1 74.1,-120.5 4.7,-80.1 15.2,-165 92.9,-183.5 96.2,-22.9 233.1,-17.1 214.4,125.8 -23.6,175.9 251.4,211.1 139.3,442.9 -299.6,8.5 -440.4,256.5 -514.9,525.4 -361.8,-25.3 -206.5,-465.3 -546.7,-496.7 -265.6,-24.7 -218.1,-380.7 -357.5,-576.2 -174.2,12 -46.3,338 -298.4,289.6 -170.1,-32.7 -351.8,-6.2 -508.7,-6.2 -326.7,-389.2 406.5,-241.1 238.9,-554.2 -160.6,-301.6 490.5,-123.5 241.5,-519.9zm37008.6 -28326.8l1027.1 0c327.5,-288.4 243.3,-680 260.7,-1037.8 357.3,-47.4 225.5,421.7 555.7,463.8 159.9,20.2 48.6,689.9 -154,686.6 -510.3,-9.1 -410.6,297.9 -390.8,591.6 106.7,172.3 428,-69.2 436.9,173 13.3,347.1 390.9,289.7 500.7,556.4 106.7,259.9 461.5,27.2 712.5,146.7 22,61.7 56.3,150.5 85.3,240.5 17.1,55 185.6,110 50,155.6 -387.1,129.6 -440.6,437.8 -394.3,750.2 43.5,292.5 -233.8,423.2 -244,677.3 -98,-447.8 202.9,-862.1 47.2,-1332.8 -244.7,-25.7 -469.6,-452.5 -811.5,-90.7 -3.9,4.1 -151.2,-103.7 -206,-177.8 -54.3,-74.2 -83.9,-251.7 -111.5,-249 -468.1,43.5 -464.3,-318.1 -543.1,-609.8 -12.3,-46.1 -28.7,-132.7 -38.8,-132.3 -537.9,32.5 -484.9,-500.5 -782.1,-811.5zm-55033.1 -18585.3c54.8,-185.9 151.2,-315.5 144.3,-491.4 -8.3,-200.5 424.3,-580.2 620.7,-584.9 128.3,-2.9 258.9,-14.7 384.8,2.9 157.2,22.3 227.9,-85 315.7,-172.9 120.6,-120.1 55.4,-209.1 -32.6,-320.2 -141.6,-179 -13.1,-378.3 -71.2,-568.2 185.7,-19.9 307.7,-33.4 411.5,-44.1 77.4,-46.5 76.6,-92 4,-116.9 -106.7,-37.4 -271,2.9 -247.2,-193.7 26.5,-223.6 -480,-46.8 -277.6,-400.3 123.8,-93.8 284.8,-11 427,-46.8 334.5,-83.5 332.9,364.3 605,371.1 -5.8,69.3 14.4,160.4 -21.9,204.9 -148.4,182.8 -452.2,323.5 -114.6,596.9 -74.4,226.2 -88.2,587.8 -234.5,653.1 -488.9,218.8 -349.5,524.1 -232,863 22.8,67 16.5,144 24.3,218.4 251.4,-57.5 447.6,-164.5 511.4,-464 165,277.6 -17.3,427.5 -50.3,603.8 -69,372.3 -317,144.5 -471.8,204.9 -44.7,17.6 -121.6,21.3 -130,48.3 -51.4,164.5 -134.5,435.5 -296.8,191 -123.6,-187.5 -662,-317.5 -265.9,-718.1 17.9,-18.4 49.3,-34.7 52.2,-54.9 9.5,-71.8 40.7,-155.9 -37.2,-207.1 -96.5,-63.7 -221.8,-55.4 -255.9,46.8 -130,386 -416.5,399.2 -761.4,378.4zm1683.5 14660.6c-228.7,260.9 -277.7,317.3 -621.5,297.6 -219.5,-12.9 -334.8,216.9 -547.7,159.9 -121.1,-127.5 -116.7,-316.4 -26.3,-405.2 240.9,-235.1 66.2,-375.6 -95.1,-478.1 -159.6,-101.5 -438.3,33.9 -485.6,-318.6 -15.3,-113.7 -313.5,-0.2 -480.2,326.2 -115.4,-358 -42.3,-671.7 -65,-974.8 154,68.4 395.8,-173.6 483.3,194.9 53,223.3 186.4,180.3 358.1,-221.8 163.2,291.7 219.3,623.7 542.6,762.2 42.7,18 67.7,230.2 225.1,188.5 122.7,-32.7 93,-160 93.3,-257.8 0.4,-154.5 48.1,-330 -9.6,-459.6 -134.7,-302.3 11.4,-498.7 137.8,-752.1 81.3,-161.6 113.6,-238.7 295.2,-231.7 160.6,6 375.5,82.1 363,-231.2 -3.8,-84.3 115.5,-58.7 139.4,19.9 81.4,265.4 544.8,387.8 262.7,789.5 -305.5,38.7 -600.3,272.3 -963.4,210.9 -16.3,-2.7 -57.2,75 -68.2,119.9 -20.9,82.9 19.2,163.2 96.9,173.9 221.5,30.5 453.3,-39.4 675.3,55.9 -310.1,601.6 -310.1,601.6 -310.1,1031.6zm46458.5 21584.5c349.3,-132 543.5,237.4 835.8,141.4 160.4,169.2 -16.5,400.8 107.6,575.1 121.6,104.4 310.1,-48.7 444.2,145.2 -167.5,319.1 -450.4,600 -551.8,986.6 -184.8,-177.7 -16.5,-406.6 -117.5,-584.1 -187,-139.6 -438.9,47.2 -635,-155.2 -192.6,-198.1 -47.4,-439.5 -128.3,-640.7 -148.1,-16.5 -269.8,-30.1 -385.6,-43.2 -260.7,-236.3 225.8,-318 101.7,-539.7 -42.9,-76.8 7.6,-206.2 -140.5,-216.5 -127.7,-9.3 -178.1,52.8 -179.4,177.9 -0.9,42.3 -43.9,83.7 -73.9,135.9 -86.4,-173.5 -169.5,-340.7 -239.6,-481.4 66.6,-298.6 524.6,4.4 449.8,-273 -100.2,-372.5 330.8,-257.1 331.3,-482 0.4,-199.5 0,-399 0,-692.9 -168.1,246.9 -511.9,125.6 -484.8,467.8 6.1,74.3 -130.4,84.3 -194.8,59.6 -113.8,-43.8 -124.7,-153.2 -70.6,-246.5 84.9,-147.3 292,-197.6 294.4,-422.7 1.3,-123.9 147.6,-100.2 245.4,-100.2 152.3,0.4 305,0 515.8,0 -61.9,266.2 131.2,453.3 161.5,696.2 32.5,262 -55.7,623.4 -229.1,845.8 -66.9,86 -66.9,86 -56.6,646.6zm13591.1 4525.6l0 -811.1 -507 0c-194.1,-135.3 -40.7,-323.7 -141.6,-440.8 -213.5,-191.7 -284.7,159 -464,113.3 -93.1,-24 -241.3,30.9 -266.1,-82.1 -24.4,-109.6 -78.8,-330.2 42.6,-346.9 443.3,-60.2 176.6,-393.3 287.2,-641.9 194.6,26.2 510.3,-222.3 450,297.6 203.9,-59 77.7,-257.3 212.8,-312.1 71.3,47 68.9,120.2 82.4,195.2 24.5,134.1 138.9,134.8 234.2,101.4 82.2,-28.5 92.7,-128.5 67.1,-196 -32.3,-88.6 -126.9,-159.2 -143.9,-247.4 -37.4,-191.4 -19.6,-350.6 259.4,-324.8 218.7,20.5 273.5,-108.9 139.9,-277.2 -67.5,-85.7 -148.3,-185 -80.9,-261.6 136.7,-156.3 195.8,-232.3 -83.3,-236.2 -72.5,-0.9 -100.6,-104.5 -84.6,-183.7 15.9,-80.2 60.2,-134.5 156.1,-119.6 146.3,22.9 304,-49 485.9,89.1 -232.9,311 -156.6,686.4 -186.2,1050.7 -20.7,256.2 127.4,292.7 344,263.3 -137.8,252.8 -391.2,37.9 -490.9,225.4 -155.4,293.2 -190.4,608.3 -145.6,946.9 223,142.7 494.3,-18.5 724.7,94.8 175,207.6 -150.8,279.9 -121.8,461.4 27.6,172.5 6,353.1 6,520.3 -237.6,144.5 -474.9,-2.9 -776.4,122zm-34357.2 16811.6c-378.5,-228.4 -401.6,336.4 -690.4,309.5 -105.1,389.6 -374.5,361.4 -705,265.2 54,-362.3 440.5,-788.7 -152.4,-1039.1 -27.9,-197.8 54.1,-405.9 -41,-598.8 -163.2,18.3 -85.1,149.2 -126.5,218.4 -20.5,35.3 -77.9,57.5 -123.3,68.8 -84.7,21.4 -163.3,-24 -168.8,-101.2 -13.6,-203.3 -4.5,-407.7 -4.5,-596.8 177,-148.3 366.3,-17.6 533.3,-85.4 150.1,-66.2 58.1,-269.7 212.2,-371.6 65.2,-42.8 90.6,-208.9 158.9,-313.6 24.6,-38.2 -93.9,-243.8 -145.4,-294.1 -181.4,-177 -161.6,-378.1 -130.7,-568.2 28.5,-176.3 153.5,-293.9 371,-304.6 229.8,-12.2 253.1,101.3 240.2,277.5 -8.6,110 15.6,189.7 159.7,197.2 193.7,9.6 186.8,149.2 106.6,260.8 -76.5,106.4 -195.7,210.3 -60.3,313.7 85,65 236.2,44.5 401.6,68.5 -4.4,201.3 -351.7,55.2 -305.9,295.9 41.9,220.2 -301.4,66.4 -297.9,244.1 7.1,349.7 -263.6,128.9 -407,273.2 174.3,268.1 47.4,632.3 120.5,1016.2 233.7,0 462,-16.7 687.3,4 265.2,24.7 398.8,183.9 367.8,460.4zm-27704.4 -41838.1c-103.3,186.1 187.1,318.6 29.7,576.9 -112.9,184.6 -26.5,499.9 -339.4,602.1 -22.7,475.8 -447.9,24.4 -593.5,360.2 -2.5,33.4 192.3,95.7 138,271 -42.7,137.4 -8.2,298.3 -8.2,447.1 530.5,107.5 747.6,494.9 971.6,897.3 -207.1,139.8 -362.4,76.6 -507.9,95.7 -20.6,-94.9 61,-245.4 -56.3,-277.6 -183.7,-51.1 -386.7,-89.6 -563.1,55 -248.4,203.2 -249.6,201.7 -611.4,183.9 -28.3,-310.9 276.3,-497 303.1,-782.2 -80.6,-208 -268.5,-58.8 -415.7,-127.4 -41.7,-24 -32.8,-52.3 -13.2,-97.9 234.7,-548.2 597.4,-1051.9 584.3,-1686.4 -1.8,-71.5 469.6,-516.1 542.1,-517 179.9,-2.5 360.1,-0.7 539.9,-0.7zm13038 43640.1c-64.5,-82.4 -154.1,-318.5 -183.6,-464.7 -54.3,-269.4 -134.4,-473.2 -413,-599.2 -146.5,-66.3 -31,-283 -59.7,-428.8 264.5,300.6 264.5,300.6 756,368.9 -68.4,144.5 -268.1,225.1 26.9,433.7 194.9,137.3 464.8,361.8 472,690.1l-598.6 0zm2765.7 -63446.3c193,83.5 526.8,-22.7 489.4,417.7 63.9,-109.1 108.2,-149.9 109.3,-192 3.3,-122 45,-190.7 176.6,-181.4 89.2,6 150.4,52.5 134.2,140.3 -86.6,476.7 198.6,604.5 587.4,632.1 114.4,7.8 196.1,27.4 190.5,167.2 -3.9,92.8 -48.5,144.3 -135.1,142.3 -198.8,-5.4 -165.4,132.4 -179.4,257.1 -16.3,150.3 109.5,387.9 -220.3,371.8 -77.4,-4 -77.4,88.7 -6.9,150.4 139.4,121.5 56.6,286.7 73.9,432.1 14.5,119.4 -35.4,191.9 -169.6,183.9 -89.3,-5.6 -152.1,-52.5 -135.4,-138.9 82.4,-424.2 -131.8,-763.5 -315.7,-1107.7 -114.2,-213.7 -131.4,-547.9 -530.3,-467.6 -57.1,11.2 -203.5,-126 -208.5,-200.8 -16.7,-254.7 -163.8,-266.5 -356.4,-254.5 -148.7,9.3 -242.7,11.8 -318.4,-204.2 -77.1,-220.4 -335.6,-127.5 -496.7,189.7 -202,-85.2 -109.6,-278.7 -76.7,-370.2 37,-104.2 107.1,-285.7 155.2,-307.5 188,-83.3 271.5,-328.6 374.5,-361.8 256.5,-83.3 558.2,-27.4 841.5,-27.4 -226,372.5 346.8,200.8 320.4,478 -21.9,230.9 -292,50.5 -303.5,251.4zm-10696.2 46581.7c0,240.2 -2.9,417.9 1.1,596.2 2.9,125.6 -52.6,165.2 -176.1,183 -183.9,25.9 -167.2,149.5 -87.5,273 153.6,238.1 224.6,365.4 -140.8,556.4 -326.6,170.8 -279.2,831.4 -67.2,1216.2 66.3,119.7 140.7,119.3 240.9,116.2 100.7,-3.6 222.2,-21.4 225.6,124.2 2.8,116.2 68.3,286.4 -88.9,333.5 -267.2,80.4 -382.5,556.3 -842.1,225.8 -174.9,-190.6 201.3,-371.3 162.4,-603.4 -104.9,-194.1 -494.5,88.4 -495,-322.6 -0.4,-109.5 -364.2,-95.9 -429.2,38.8 -29.9,61.4 -0.5,160 -79.5,196.6 -139.7,64.7 -0.9,350.6 -240.5,313 -295.2,-47 -177.9,-333.7 -132.1,-423.7 94.9,-186.3 41,-453.5 383.2,-543.5 380.1,-101.1 359.9,-176.5 377.7,-662.2 164.9,-169.8 386.1,-12.4 575.1,-99.7 295.4,-137.1 402.1,-294.3 348.2,-618.5 -14,-82 -55,-142.3 -150.5,-123.6 -46.1,8.5 -105.6,20.2 -129.8,52.8 -55.7,74.6 -0.5,207.3 -115.8,251.8 -43.4,17.1 -108.9,14.7 -148.5,-6.9 -35.6,-20.3 -81.3,-96.4 -69.3,-117.4 105.8,-187.6 137.2,-412.3 297.3,-576.2 26.5,-26.7 9.1,-100 84.2,-69.7 313.9,127.4 137.1,-368.7 399.4,-312.4 72.8,15.8 151.4,2.3 297.7,2.3zm62691.4 15399l807.8 0c-157.9,367.4 -451.8,640.1 -401.2,1028.4 -240,154.6 107.7,214.2 57.7,359 -10,29.4 -27.9,54.6 -48.4,78.2l-266.9 0c-1.3,-166.9 -2.5,-343.5 -2.5,-533.6 -140,204.5 -146.5,375.8 -148.9,533.6l-1148.7 0c65.4,-146 169.6,-256.6 437.9,-281.1 230.1,-20.7 296.6,-441.9 550.4,-579.7 -73.4,-241.6 228.3,-390.6 162.8,-604.8zm-66402.8 342.3c395,-224.1 711.3,212.4 1029.1,80.3 316.4,-132 614.9,-143.4 961,-134.5 -26.3,192 138.5,338.7 -178.4,490.3 -223.3,107.4 -376.8,410.5 -496.5,687.2l-877.2 0c64.5,-36.6 47.6,-246.9 6,-337 -120.3,-260.7 -280.6,-503.4 -444,-786.3zm42941.8 85c-233.2,64.6 -419.3,-22.5 -536.4,-254.5 -106.5,-212.2 -202.2,-430.1 -311.7,-640.6 -122,-235.3 -293,-252.7 -454.9,-30.7 -37.2,50.5 -38.1,145.9 -117.1,158.5 -97.3,14.9 -198.8,3.8 -277.9,3.8 -39,-39.6 -72.4,-57.2 -72.8,-75.5 -3.5,-205.3 -2.4,-410.1 -2.4,-614 -40.4,-29 -83.5,-85.1 -117.2,-80.2 -259.3,37.9 -614,-160.3 -723.4,281.2 -6,24.3 -139.3,16 -213.2,24.1 -81.6,9.5 -160.2,-13.8 -181.8,-91.7 -18.9,-67.3 -11.7,-141.7 56.2,-205.4 514.5,-480.2 693.5,-810.9 753.6,-1375.3 227.4,-30 4,293.7 226.3,284.4 177.6,-7 147.1,-141.2 212.2,-226.5 131.3,-170.1 363.3,-81.3 588.6,-62.6 -13.8,458 -404.3,836.3 -265.1,1339.1l1188.5 0c-23.4,543.7 197.9,1011.9 248.5,1565.9zm-11216.1 -56946.6l-152.8 0c-25.3,0 -72.3,-4 -72.8,0.5 -80.4,439.9 -705.1,487.1 -710.3,987.6 -1,80.9 -119,154.4 -142.5,241.9 -34.4,129.7 234.9,234.6 8.8,421.2 -87.3,71.5 -14.3,338 -14.3,515.7l-693.6 0c-72.3,-48.6 -88.8,-119.6 -79.4,-198.2 22.7,-193 -85.3,-372.1 -87.5,-537.9 -1.2,-100.2 69.8,-332.4 236.9,-436.6 26.9,-16.3 38,-162.6 -54.2,-194.9 -60.5,-21.3 -159.1,-22.7 -203.9,12.9 -308.1,245 -304.8,248.7 -632.1,228.7 -145.6,-230.6 198.8,-323.7 133.8,-576.7 367.4,0 722,0.3 1076.3,0 128.2,0 337.5,44.4 369.8,-11.8 96.7,-169.2 395,-62.3 391.2,-282.5 -5.3,-315.1 -266.9,-126.9 -410.3,-165.2 -93.5,-24.9 -199.1,-4.7 -262.8,-4.7 -122.8,-71.4 -96.4,-156.9 -91.7,-228 34.5,-535.2 138.3,-618.1 630.3,-449.1 329.8,113.6 625,73.7 915.2,-96.8 79.7,283.9 -180.2,500.5 -154.1,773.9zm-35773.3 36315.5l-546.2 0c-169,164.9 0.3,394.9 -104,573.3 -95.9,75.4 -521.8,70.8 -567.5,-20.7 -26.2,-52.3 11.2,-197.1 20.3,-197.1 423.9,0 197.7,-439.3 405.9,-614.3 114.9,-96.8 -182.8,-306.6 -214.5,-504 -2.6,-17.2 -152.2,-43.5 -196.6,36 -14.8,26.6 -26.9,54.6 -37.7,83.7l0 -1211.9c232.1,17.8 466.2,7.8 700.8,-128.7 142.7,-83 209.8,-134.4 260.5,-280.7 41,-118.2 183.9,-36.1 279,-57.3 7.1,342.1 -38.8,642.6 -408.3,813 -97.4,44.9 -78.6,264.5 -273.5,403.4 307.1,13.6 548.6,24.5 770.8,34.1 251.7,246 -193.2,316.6 -100.6,544.4 61.7,152.3 11.6,349.9 11.6,526.8zm24650 1937.5c-2.2,-488.1 -29.2,-961.4 -433,-1291.9 -31.9,-26 -60.6,-96.4 -47.9,-130 122.4,-326.8 -151.9,-450.6 -313.9,-631.9 169.6,-234 -532,4.5 -184.6,-350.4 170.5,-173.9 -192.9,-273 -126.9,-461.1 5.1,-14.5 -23.6,-40.1 -80.7,-130.1 -63.4,301.3 -377.5,355.4 -458.1,723.7 -52.6,-327.6 -401.3,-492.4 -94,-824.7 101.1,-108.7 16.2,-389.5 16.2,-583.6 147.9,-82.6 271.7,-114.3 304.2,69.9 20.7,116.9 45.8,191.7 177.6,181 130.5,-10.5 233.9,15.4 339.6,117.5 327.1,316.2 414.6,353 678,375.9 140.2,186.8 -83.8,486.7 166.5,620.1 196.2,105.1 100.7,472.9 423.5,434.4 62.6,188.1 324.8,388.3 206.8,536.8 -231.3,292.6 -96.8,590.2 -121.7,879.7 -23.2,271.4 -132.7,411.2 -451.6,464.7zm23835.4 -38952.8c-393.2,-358.9 -319.6,-747 -330.2,-1063.3 -124,-209.8 -477,85.2 -471.4,-295.7 1.4,-126.3 -145.1,-139.9 -232,-92.7 -100.9,55.5 -115.1,181 -26.7,253.9 179.4,147.3 75.9,313.4 128,496.2 -434.6,-135.1 -292.6,-453.5 -336.4,-698.2 -42.6,-22.2 -82.2,-54.8 -127.2,-65.2 -112.4,-25.2 -277.1,65 -322.4,-105.8 -43.4,-164.7 131.2,-151.6 204.5,-220.4 180.9,-170.5 379.6,-172.8 564.2,-130.7 294.1,67.5 298.8,-165 405.2,-329.5 36.7,104.2 67.9,193.7 130.4,370.9 124.7,-360.2 60.2,-714.5 297.1,-960.7 218.2,325 376.2,632.3 111.1,1033.7 -93.3,140.3 -15.4,394.4 -15.4,587.4 67.9,27.1 110.7,52.3 156.1,61.5 195.5,40.7 505.6,-108.9 572.2,63.2 119.1,306.3 490.9,321.5 588.2,672.8 60.4,220.4 34.1,297.7 -83.4,438.6 -87.5,105.2 -286.4,4.1 -323.6,241 -24,154.1 -343.9,189.7 -413.2,84.4 -92.9,-139.9 -5.1,-252.7 103.8,-312.4 379.6,-208.7 13.5,-428.8 6.4,-637.2 -4.4,-119.4 -254.9,-127.4 -289.4,-1 -57,208.2 -152.3,383.4 -295.9,609.2zm-32824.7 52799.7c227.8,159.4 595.6,-154.1 629.2,302.2 6,82.5 123.1,65.8 197.9,65.8 226,0.7 452.2,0.3 739.7,0.3 -90.4,301.7 2.6,546.4 -124,834.7 -101.1,228.9 -426,218 -414.2,513.9 2.9,70.8 -173.4,72.4 -245.4,-21.8 -26.2,-33.4 2.5,-105.6 -20.2,-144.3 -144.9,-247.2 -273,-526.1 -652.4,-413.2 -29.4,8.8 -79,-47.9 -115.1,-72 -29.2,-116 38.7,-183.4 100.2,-269.2 91.1,-127.1 116.9,-323.9 -18.3,-402.8 -198.3,-115.9 -203.2,81.6 -268,217.4 -56.6,118.2 -285,64.8 -397,298.1 -62.3,-426.6 12.2,-820.3 -200.8,-1133.8 -121.4,-177.8 -43.7,-514 -403.9,-521.6 -86.9,-2.2 -47,-129.6 -53.7,-201.3 -14.5,-154.7 106.6,-72.3 153.6,-72.1 204,1.3 424.6,-88.2 517,250.5 40.1,146.4 413.3,56 562.9,-155.3 73,-103.2 159,-132.7 246.2,-81.7 100.3,58.2 85.8,157 25.9,259 -132.9,226.9 -321.3,437.3 -259.6,747.2zm14791.9 -36290.5c-30.1,19 -90.2,37.7 -91.8,60.4 -4.6,68.8 -38.9,158.1 49.5,198.1 21.3,9.2 94.1,-32.9 95.3,-54.3 4.2,-69 37.4,-152.1 -53,-204.2zm-1791.1 -2172.6c176.4,-11.4 300,-52.3 447.8,37.4 36.3,237.3 -65.7,544.4 236.2,723.2 133.2,78.6 114,210.2 -2.2,312.1 -148.1,129.4 -13.1,279.2 -80.6,386.1 239.6,166.1 623.9,-108.9 690.2,344.2 9.6,67.9 353.1,101.3 382.7,-38.3 92.5,-438.2 394.2,-143.6 564.7,-238.7 126.5,137.4 70.1,271.9 70.1,392.3 0,150.1 23.6,243 202.6,234.5 116.3,-5.6 273.9,-44.5 265.5,161.2 -8.7,208 -173.5,143.8 -283.2,141.4 -123.8,-2.7 -183.1,147.6 -246.3,138.5 -279.2,-39.6 -195,302.3 -319.3,309 -129.4,7.6 -28.7,-373.6 -315.7,-293 -126.5,-214.2 -228.7,-93.3 -325.7,26.7 -94.7,117.2 -252.1,142.1 -371.4,49.7 -155.4,-120 -132.1,16.2 -150.1,101.7 -50.6,240 -254.7,146.1 -368,124 -159.5,-31.6 -134.8,-263.3 -85.5,-315 184.5,-194.8 142,-418.4 142,-638.3 0,-195.8 -405.5,-45 -298.6,-316.2 52.1,-131.4 214,-214.7 291.3,-341.8 104.6,-171.2 -95.4,-271.2 -157,-386.1 -277.2,-516.9 -292.6,-508.5 -289.5,-914.6zm9897.6 5555.1c37.2,339.8 252.3,653.3 128.4,1034.3 -108.4,112.8 -272.3,47.4 -416.1,43 -198.2,-6.3 -321.9,-136.1 -329.3,-338.7 -9.6,-279.5 -2.2,-560.2 -2.2,-842.5 -214.2,-104.4 -421.5,-23.2 -619,-50.8 0,-25.8 10,-58.1 -1.8,-76.4 -133.5,-206.1 335.6,-268.3 103.3,-538.8 -206.1,-239.6 -333.7,58.4 -497.1,-0.9 -66.6,-24 -216.2,-0.4 -195.8,-59.7 94.2,-274.7 -391.1,-508.5 -40,-810.6 64.3,-55.2 37.2,-239.8 213.9,-215.1 216.9,30.5 339.8,-183.2 542.7,-198.1 151.8,-244.7 -268.1,-356.3 -135.6,-623.3 90.8,-183.6 -25.9,-380.2 -139.9,-553 -43.4,-66.2 17.6,-150.3 96.2,-170.6 72.2,-18.7 208.7,8.7 192.4,64.2 -90.4,309.6 385.8,154.5 320.4,398.7 -55.5,208.9 227.3,364.5 144.7,466.5 -166.8,206.4 -55,501.1 -268.9,669.3 -15.9,12.4 -15.6,44.3 -25.4,65.7 -201.8,440.4 -194.9,466 259.3,834.7 146.5,118.6 229.2,252.5 209.6,457.1 -31.4,324.1 150.2,458.4 460.2,445zm-15322.7 27859.4c179.9,-314.2 477.4,-60.4 712.1,-186.6 38.4,205.7 194.6,392.3 -127,496.5 33.7,23.6 54.8,0.4 34.8,-73 -17.6,-65.2 -18.3,-136.7 -43.2,-198.2 -19.6,-47.6 -73.9,-37.2 -97.3,26.1 -33.7,92.6 -27.2,183.2 105.7,245.1 33.7,76.6 1.1,188.4 39.4,225.1 236.7,225.5 165.7,415 10.7,658.4 -57.2,89.5 -133.6,197.5 -170.7,311.9 -70.4,216.9 51.2,327.3 392.3,352.1 219.5,296.5 -105.4,706.8 198.1,1002.3 30.7,29.6 -105.3,239.6 -177.4,356.9 -17.6,28.7 -92.7,37.6 -136.9,29.4 -43.3,-7.8 -114.9,-46.5 -116.1,-74.8 -10.2,-205.1 -5.7,-411 -5.7,-616.5 -106.2,-160.5 -291.9,-18 -459.4,-138.9 -67.9,-216.2 285.2,-399.3 128,-652 -68.3,-102.9 -179.4,-60.7 -275.1,-59.2 -521.1,7.4 -493.9,16.9 -642.9,578.7 -71.7,269.8 -200.3,476 105.8,690.9 149.6,105.5 4.5,349.1 70.2,503.8 54,126.9 248.2,209.3 80.6,374.3 -87.5,87 -304,-90.9 -365.7,-341.8 -80.8,-329.3 -134,-666.4 -186.1,-1002.3 -25.2,-163 61.5,-367 -242.7,-361.2 -86.2,1.4 -115.7,-175.9 -27.8,-247.3 261.4,-212.2 334.8,-530.2 501.4,-829.4l966.7 0c-5.5,-256.5 -172.3,-898.9 -271.8,-1070.3zm-5247.5 -33455.3l0 582.9c134.8,112.7 539.8,78.4 591,-76.5 55.2,-167.2 124.2,-202.2 260.5,-153.2 88.4,32 56.3,130 62.5,203.2 12.5,141.2 -3.8,255.4 -191.2,243 -73.3,-4.5 -147.7,8.4 -247.6,15.1l0 708.5c201,136.3 472.5,-20.5 716.7,87.9 121.4,313.5 -105.1,695.2 169,983.7 -235.4,264.5 -309,-197 -541.1,-107.7 -178.8,68.8 -405.4,13.5 -600.4,13.5 -285.1,-232.2 191,-335.1 75.4,-533.9 -89,-136.7 -228.2,-70.4 -347.7,-84.6 -271.3,-33.6 -376.8,-195.9 -298.4,-508.8 27.1,-108.9 40.1,-252 -51,-255.1 -393.6,-11.8 -301.5,-169.9 -120.5,-350 263.9,-261.9 387.3,-569.3 352.3,-938.3 -17.1,-179.4 44.1,-234 229.8,-299.9 122.2,-43.9 157.1,-326.8 236.6,-499.9 35.2,-75.9 108.7,-107.9 187.3,-87.4 145.4,38 372.1,638.5 257.6,688.2 -244.7,106 -305.5,525 -740.8,369.3zm9872.2 7619.8c-132.7,-6.9 -254,-13.5 -379.6,-19.7 -163,-166.1 15.4,-397 -110.2,-580.7 -211.3,-22.5 -17.6,226.4 -201.5,232.8 6.6,3.4 -58.6,-12.8 -59.5,-32.2 -8.4,-153.4 -7.5,-307.7 -3.3,-461.4 2,-72.1 -20.3,-214.4 49.4,-199.5 303.7,65.1 218.4,-448.6 458,-328.1 191.1,95.9 130,306.5 -0.7,500.5 -106.6,158.9 -75.2,380.3 23,568.2 79.5,-49.2 82.1,-120.2 91.7,-195.7 10,-80 65.5,-121.6 158.7,-117.8 93.6,3.8 143,47.4 145.2,131.6 6,200.6 2.2,401.7 2.2,603.4 313.3,134.5 585.2,-96.5 899.8,11.1 211.9,72.4 299.4,141.6 408.5,311.7 68.9,107.5 42.3,247.4 146.3,325.8 129,-39.2 73.9,-160.4 127,-269.5 211,-35.8 39.4,318.2 282.5,296.4 168.8,-15.1 307.9,142 307.9,356.5 -0.4,31.1 61.7,68.3 101.6,91.9 433,258.3 484.4,355.6 187.9,691.4 -186.8,211.3 -100,426.6 -150.8,636.1 -132.9,112.9 -274.9,78.6 -418.5,25.3 -83.1,-242.6 -49.7,-469.1 94.1,-680.8 -248.4,-158.5 -52.7,-431.3 -163.2,-629.3 -114.2,-123.1 -346.9,62.9 -407.7,-107.9 -136.2,-380.7 -431.7,-393.7 -753,-400.8 -154.9,-3.6 -350,88.4 -374.5,-226.7 -10,-132.7 -108.6,-14.7 -136.4,85.1 -63.5,225.1 -191.3,200.4 -303.3,42.7 -119.1,-167.2 -120.9,-415.4 -21.6,-660.4zm18204.2 14691.7c-17.3,17.2 -51.2,38.1 -48.1,51 8.3,36.1 30.8,69.1 48.1,103.8 17.4,-17.4 51.5,-37.9 48.2,-50.8 -7.9,-36.5 -30.8,-69.7 -48.2,-104zm221.2 495.7c-232.3,-59.5 -558.9,53.2 -453.2,-351.1 -222.4,-208 -114.9,-513.5 -185.7,-767.3 -188.3,60.6 -65.8,256.7 -213.3,317.5 -87.9,-193.9 -176.1,-388.8 -266.5,-588 -286.5,-97.6 -533.9,-71 -679.3,327.3 -92.2,-449.1 -87.5,-805.4 208,-1117.8l774.4 0c142.5,208.5 -71.1,483.6 174.7,646.9 165.9,110.2 395.5,158.5 420.9,474.9 52.5,-149.2 83.7,-238.9 115.1,-328.4 36.1,-40.5 87.9,-33.9 106.6,32.7 69.7,250.2 114.9,496 422.9,597.8 68.8,22.7 65.2,264.3 96.6,411.9 204.4,-99.3 50.9,-282.1 139.8,-419.9 90.6,-93.8 225.8,-26 346.5,-39.9 98.1,-11.5 216.6,-26.5 239.1,110.3 29.6,178.3 -81.1,217 -230.5,197.4 -152.3,-20 -206.4,31 -240.6,197.8 -67.5,332.8 -235,645.9 -120.5,979 -237.1,84.6 -387.9,93.2 -540,-58.2 -178.9,-178.5 -63.8,-386.5 -115,-622.9zm10657.8 16532.6c55.9,317 111.4,587.7 -259.6,675.7 -4.2,247.1 -339.3,417.9 -91.2,748.6 166.5,221.7 128.4,539.9 -59.3,837.1 -89.5,141.9 -261.1,297.5 -242,511.2 -174.5,4 -350.7,48.6 -514.5,-28.2 -181.1,-216.5 279.4,-362.5 79.6,-519.1 -193.2,-150.9 -21.7,-395.6 -211.9,-523.8 -98.6,199.5 -51.4,437.7 -212,615.4 -121.3,134 -110.2,392.5 -290.5,456 -275.5,97 -118.7,-461.1 -453.1,-342.5 12.5,-209.3 -217.3,-485.4 189.5,-581.8 219.7,-52.1 -96.9,-517.9 319.9,-461.3 45.9,-351.1 299.3,-310.2 552.6,-311 515.7,-2 523,-12.3 601.8,-528 15.6,-102.8 86.5,-194.6 92,-266.9 26.1,-324.2 238.7,-292.4 498.7,-281.4zm-24885.8 -28791c-336.8,153 -86.8,443.1 -150.3,660.9 -25.8,89.9 -7.5,277.2 75.8,254.3 315.7,-87.1 139.8,382.4 400.7,323.2 347.1,-78.8 329.1,171.3 283.2,364.9 -40.5,171.3 203.5,260.1 105.3,370.1 -79.9,89.1 -256.9,40.8 -272.7,270.3 -9.3,128.5 -263.2,112.2 -391.4,39.4 -97.3,-55 -75.5,-172.7 11.1,-255.4 18.5,-17.8 44.1,-33.6 53.2,-55 57.9,-142.5 107.4,-338.2 -35.4,-403.2 -172.8,-78.1 -401.9,-90.4 -417.2,230.9 -4,87.7 -128.1,48.3 -231.4,60.8 -120.9,-281.9 4.5,-594 -79.5,-896.4 -186.3,-87.7 -392.3,-9.3 -589.5,-36.3l0 -395.2c221.9,-156.5 490.9,-6 724.3,-96.6 13.8,-152.3 222.8,-378.6 130.7,-404.1 -323.3,-89.1 -288.1,-179.3 -114.9,-399.7 112.9,-143.2 122,-367 232.6,-513.9 113.6,-151.2 124.1,-196.1 -73.9,-202.6 -200.4,-6.2 -89.3,-199.5 -171.4,-289 -135,-147.4 -152.3,-430 -470.7,-337.3 -60.3,17.6 -112.4,-76.8 -103.5,-164.8 9.3,-88.6 50.1,-136.9 140.2,-137.2 179.7,-1 359,-0.4 569.4,-0.4 69.9,159.4 156.7,326 216.8,501.9 45.9,134 139.4,127.1 238.3,116.2 321.2,-36.7 228.6,203.3 223.9,355.4 -4.9,166.5 -557.2,77.7 -211.5,436.4 225.8,234.6 -229.8,375.1 -92.2,602.4zm11496 32811.2c65.9,266.5 381.4,421.4 200.2,803.3 -57,120 -122.1,187.5 -192.6,225.6l-1413.8 0 -23 -45.1c-78.2,-154.9 146.9,-343 329.5,-247.3 330.5,173.7 542.2,-220.9 839.7,-132 43.8,-211.8 274.2,-356.1 260,-604.5zm-33319 -12226.5c48.1,180.3 -166.3,512.7 273.7,464.9 308.4,-33.2 229.5,282.9 324.6,419.7 95.1,138.2 20.9,393.2 20.9,586.9 112.5,126.9 250.9,47.8 367.9,78.3 152.7,40.3 46.5,237.2 168.5,301.5 73.5,-41 75.9,-109.7 85.7,-184.8 17.6,-141.1 138.1,-143.8 227.6,-108.2 44.7,17.6 95.3,157.4 72.1,185.9 -246,309 -315.7,694.5 -446.9,1047.8 -87,234.7 -250.9,158.5 -363.3,137.2 -163.5,-31 -154.1,-172.3 -47.7,-281.5 103.3,-105.7 142.1,-208.1 19.9,-318.1 -314,-282.1 -423.3,-646.6 -404.6,-1060.7 -228.5,-11.4 -82.4,199.9 -189.5,249.6 -104.2,48.7 -239.3,48 -253.2,-49.7 -32.9,-220.2 -10.2,-448.4 -10.2,-676.2 -209,19.2 -147.2,140.5 -152.9,221.3 -6.7,100 15.3,210.7 -130.8,223.6 -120.9,10.6 -197.7,-41.4 -179.4,-171.2 32.9,-233.4 -59.7,-330.9 -293.2,-292.4 -87.1,14.2 -155.9,-26 -168.4,-104.2 -16.4,-100.6 -7.8,-212.4 142.7,-204.4 142.5,7.3 174.4,-81 160.1,-191.5 -17.1,-142 -132,-120.7 -232,-119.5 -128,1.5 -256.4,0.6 -384.7,0.6 176.3,-126.6 49.6,-505.6 405.9,-488.3 17.4,0.7 61.2,-80.5 55.2,-117.3 -72.3,-443.5 253.8,-301.2 467.4,-323.3 -297.5,262.8 -297.5,262.8 -302.6,703.4 575.8,150.9 575.8,150.9 767.2,70.6zm57885.3 -8357.7c6.5,-147.2 -48.7,-317.8 170.6,-365.9 -246.1,-293.4 -351.2,161 -565.1,46.4 -138.1,-255.9 -154.8,-572.9 -354,-835.4 -228.5,-301.1 -216.2,-332.7 -488.8,-16.3 -105.5,122.5 -270,132.5 -293.4,7.1 -27.9,-149.1 -204.7,-284.7 -35.2,-499.3 98.8,-124.8 18,-392.1 18,-585.6 369.6,-249.2 663.7,113.5 1004,99.7 114.8,-4.6 64.5,173.7 4.9,302.4 -132.1,284.1 -51.2,361.4 283.6,322.1 48.4,-6 99.5,-30 143.9,-20.7 248.2,52.6 194.5,462.9 409,443.3 300.1,-28.2 315.2,162.8 397.9,328.5 136,-74.8 25.8,-383.2 322.8,-314.2 299.5,69.9 272.1,341.8 410.1,522.8 -208.6,97.9 -384.7,172.5 -502.3,344.2 -167.9,244 -226.6,227.6 -377.8,-81.9 -161.9,286.8 -161.9,286.8 -548.2,302.8zm-53663.3 -17956c-183.9,-454 315.5,-491.2 372.2,-771.7 453.3,188.8 567.6,-458.2 1026.7,-340 -221.6,-223.3 -454.7,-40.8 -670.4,-191.3 -19.8,-204.6 303.7,-448.8 11.3,-689.3 -46.3,-38.1 -73.7,-274.5 87.8,-317.7 107,-28.1 236.9,-38.3 361.3,51.6 176.8,127.8 134.7,379.4 315.8,492.5 -105.8,431.3 356.6,799.8 113,1247.3 -85,149.2 -308.5,-46.3 -388.9,108.9 -149.2,288.3 140.7,470.5 206.4,788.9 32.3,-398.3 226,-427.5 468.4,-363.6 114.5,88.6 37,203.3 66.6,295.9 87.1,269.8 -102,287.2 -282.5,376.2 -213.6,105.2 -335.4,-168 -519.1,-65.9 -149.1,82.9 -287,208 -476.7,151.7 -54.7,-16.1 -88.1,-23.4 -69.8,-137 90.6,-564.1 25.3,-618.5 -622.1,-636.5zm16362.9 32658.4c152,72.8 429.7,-183.7 470.6,197.7 19.6,183.6 199.5,101.7 312.2,110.4 150.3,12 145,-102.2 145.6,-205.5 0,-25.6 -5.3,-53 0.7,-77 67.2,-255 286.3,-445.3 309,-719.7 -302.5,-18 -296.7,-323.2 -505.2,-539.7 381,95.3 524,-114.2 637.7,-367.1 41.6,-93.1 -254,-155.2 -28,-249.6 85.5,-35.6 198.6,-5.8 345.7,-5.8 44.3,287 -71,642.4 278.3,807.8 19.6,9.5 47.3,44.9 42.8,56.5 -108.7,263 -211.7,529.5 -337.1,784.5 -55.4,112.2 -187.7,34.9 -283,52.9 -24.3,4.7 -50.3,0.7 -99.7,0.7 -140.1,282.3 67,651.2 -198.4,916.6 -42.5,42.2 6.7,190.4 33.6,283.7 210.9,724.8 149,804.9 -631.4,779.7 -11.6,-152.2 108.4,-101 181.6,-125.3 77.1,-25.2 111.1,-90.8 98.9,-175.5 -12,-85.4 -52.1,-136 -145.6,-131.8 -327.8,14.9 -464,-61.4 -190.6,-368.2 69.2,-77.5 47,-206.6 -66.1,-244.5 -91.7,-30.9 -213.1,-19.8 -215.5,128.5 -3.4,187.4 -118.9,211.3 -247.8,153.2 -115.6,-51.7 -50.1,-182 -62.4,-277.9 -20.9,-159.5 207.7,-214.2 160.1,-399.7 -31.4,-120.6 -6,-255.4 -6,-384.9zm-22132.7 -53550.3c563.7,155.7 786.1,-309 1075.8,-618.1 138.9,-148 195.9,-372.3 293.9,-570.4 -89.5,-109.8 -229.3,-23.2 -400.3,-63.9 -45.2,-215.5 -102.9,-410.1 75.7,-665.9 215.9,-309.6 210.6,-349.9 497.2,-35.9 83.5,91.9 159.8,97.3 257.6,96.9 103,-0.3 236.4,-3 207,141.3 -60.7,291.3 206.2,513.3 154.3,785.3 -55.6,293 190.9,509.2 158.3,786.4 -5.5,45 -39.2,86.2 -56.7,122.1 -254.1,-38.6 -167.2,-389.2 -452.9,-473.2 -213.7,342.9 -415.9,697.3 -722.5,972.8 -162.8,146.2 -146.3,168.5 -313.1,-35 -147.6,-180.3 -405.9,-205 -446.6,-18.2 -80.6,370.5 -328.2,126.7 -482.5,194.6 0,-122.7 -26.3,-249.2 102.9,-338.3 103.7,-70.3 32.7,-186.8 51.9,-280.5zm52328.8 60461c-1.3,-57.9 -4.6,-116 -10.1,-174.4 -2.4,-22.7 70.2,-66.4 113.6,-77.1 77.5,-19.3 147.8,9.8 188.8,82.6 11.3,19.2 4.6,50.4 1.3,75.5 -4.1,31.2 -7.2,62.3 -9.4,93.4l-284.2 0zm-13198.9 -26803.2c-585.5,-388.2 -178.6,-482.4 -32.9,-668.3 357.3,-455.2 377.2,-427.5 538.6,-932.5 59.4,-186.6 264.5,-332.9 421.4,-478.1 48.6,-44.9 188.2,20.3 175.1,80.7 -38.3,182.8 232.2,259.3 154.2,396 -101.7,176.9 -144.2,354.5 -177.4,548.4 -15.1,89.1 -132.7,56.4 -203.7,50.2 -155.9,-12.8 -257.9,33.3 -225.1,205.7 25.3,132.5 146.2,106.2 244.9,106.9 49.9,0.6 99.7,6.4 200.2,14 43.4,368.5 -55.5,797.7 276.9,1098.1 93.1,83.9 71.9,209.5 41.5,286.5 -167,423.3 -400.6,806.1 -782.7,1075.4 -14.5,10.8 -47.6,-4.9 -138.9,-17.7 0,-211.6 32.1,-441.1 -8,-656.7 -54.3,-291.4 228.2,-201.7 313.4,-325.5 -37.8,-27.4 -73.4,-74.3 -113.1,-78.3 -224.6,-21.2 -266.7,-254.1 -130,-268.6 328.7,-35.6 177.9,-377.4 399.5,-465.3 -465.6,-31.8 -893.1,249.8 -953.9,29.1 523,-277.1 540.6,-480 394.5,-733.1 -72.1,258.7 -98.3,461.7 -394.5,733.1zm-2225.4 11229.9c-222.9,151 -377.8,145 -531.7,153.3 -97.5,5.3 -138.9,-43.2 -154.5,-123.6 -15.6,-80 13.4,-178.8 87.5,-182.4 376.7,-19.3 183.5,-262.9 199.3,-437.1 -161.5,-5.7 -310.9,279 -428,33.7 -44.5,-93.5 -151.2,-385 187.1,-381.2 75.9,1.5 117.3,-75.1 109.3,-164.8 -8.3,-89.9 -52.6,-151.6 -138.1,-136.4 -188.6,33.1 -490.2,-163.5 -508.5,246.9 -3.5,85.7 -139.6,80.1 -197.3,53.4 -106,-48.7 -112.6,-153.2 -58.8,-252.7 112,-208.6 458,-165.5 497.3,-480.1 9.3,-72.1 229.5,-53.6 346.6,-10.6 123.4,45.4 -19.4,271.8 177,285.6 98.9,6.7 223.3,-14.4 290.8,36.6 109.8,83.2 247.6,164.3 197.7,366.6 -111.7,450 -77.2,550.4 254.5,503 380.1,-54.3 419.9,480.7 780.8,349.6 90.4,194.1 157.3,536.6 276.4,555.7 446.8,72 105.9,299.3 77,380.3 -67.9,191 -362.7,198 -435.9,4 -60,-157.4 -149.5,-256.7 -271.2,-335.5 -128.3,-82.6 -350.3,37 -353.4,218.2 -6.5,368 -240.2,224 -445.7,225.3 0,-254.3 0,-505.2 41.8,-907.8 -51.9,-120.4 -76.1,-67.8 -69.4,7.2 4.4,47.6 -11.9,132.2 2.9,137.8 83.7,30 138.9,-31.2 147.8,-101.3 8.2,-61.7 -24.5,-128.7 -81.3,-43.7zm1242.6 -25847.8c-141.6,-174.8 -45.2,-420.4 -216.4,-607.7 -170.3,-186.1 -360.7,-263.1 -458.7,-22.4 -113.3,279.8 -275.4,128 -475.1,149.8 -34.5,-307.5 323.5,-588.5 76.6,-914.7 -149.6,483.9 -519.9,258.5 -856.7,326.5 0,-335.1 7.3,-613.2 -2.5,-890.7 -5.8,-168 77.7,-179.9 218.6,-222.8 195.8,-60.4 29,-263.6 116.1,-377.7 -88,-37.4 -130.3,-59 -175.3,-73.9 -152.9,-50.3 -429.7,126.5 -450,-119.7 -30.7,-365.9 292.8,-158.3 454.5,-181.7 206.4,-30.1 588.6,388 617.2,591.5 36.7,261.2 -96.2,473.8 -226,789.3 243.5,-62.9 494.2,218.7 538.8,-228.4 8.5,-87.5 89.9,-51.6 149.1,10.5 190.9,200.2 204.5,203 302.4,40.1 40.5,-67.5 57,-126.7 149.7,-129.6 140,-5.1 142.5,82.6 169.6,189 88,345.3 209.8,479.8 502.3,584.3 128.7,46.3 138.5,220.1 102.9,227.9 -472,110.7 -253.2,637.5 -537.1,860.4zm-28574.7 24605.2c137.4,361.9 -109.3,670 -179.6,1080.4 356.4,-51.7 724.9,208.8 890.3,-301.5 133.8,250.7 330.9,484.5 377.2,745.4 43.6,244.3 50.1,386.7 343.8,338.4 144.9,-23.8 181.5,163.5 132.5,199.1 -287.2,207 -62.1,379.2 -1.8,576.7 29.1,93.7 82.6,283.4 -115.8,295.9 -123.4,7.7 -358,96.6 -330.2,-159 24.7,-226.2 -190.4,-343.5 -179.7,-548.4 -169.6,-146 -398.3,22 -597.8,-123.1l0 -646.2c-194.1,-81.9 -141.1,60.1 -160.8,130.7 -52.1,183.9 -203.9,108.9 -315.4,110.5 -123.8,2.2 -149.4,138.2 -244.3,155.2 -98.2,17.6 -201.7,3.7 -361.1,3.7 93.2,-181.4 160.5,-344.9 257.1,-488.5 50.6,-74.5 63.7,-191.2 37,-204.3 -562.7,-278.6 -203.5,-872.9 -465.8,-1271.4 316,179 632.3,93.3 914.4,106.4zm35466.5 -42252.4c-2.3,-319.7 -260.5,-594.9 -157,-934.9 27.2,-90.2 -41.6,-138.9 -124.5,-147 -118.4,-11.6 -187,35 -186.1,168.3 0.4,42.3 -39.6,84.5 -102.6,209.4 -54.8,-434.2 -112.2,-786.9 18.7,-1143.2 484,-52.1 259.6,-974.1 1000.3,-750.7 -97.7,171.2 -241.1,332 -282.1,515.9 -49.4,219.1 -2.4,458.9 -15.1,688.4 -8.9,163.6 75.9,271 141.6,405.2 58.1,118.5 53.7,242.1 222.2,212.4 164.6,-28.5 52.1,-231.3 173.3,-297.6 98.3,138.9 102.8,398.1 388.5,302.1 88.2,-29.8 152,33.4 158.3,112 29.6,377.2 313.3,128.4 467.1,195.3 68.3,191.7 372.1,437.4 -114.7,501.8 -54.7,243.8 -92.8,487.2 26.5,723.9 21.4,43.1 84.6,79.9 82.8,116.6 -4.4,67.9 -24.9,161.9 -71.9,193.1 -49.6,32.5 -186.6,46.1 -197,-36.8 -46.6,-383.4 -415.3,-587.8 -504.5,-946.2 -15.9,-63.9 -112.7,-104.3 -147.6,-168.8 -248.1,-457.3 -322,-454.2 -647.8,25.3 -21.6,32.3 -84.6,37.5 -128.4,55.5zm-1470.4 3250.3c-17.4,16.9 -51.2,37.8 -48.6,50.7 8.5,36.6 31.5,69.9 48.6,104.2 17.4,-17.5 51.4,-37.8 48.7,-51 -8.4,-36.3 -31.3,-69.7 -48.7,-103.9zm-1721.8 -922.3c-52.7,-161.1 70.8,-171.8 192,-158.7 217.5,23.2 529.9,-139 563.9,270.1 273.7,-10.5 484.3,222.8 765,194.1 123.8,-12.9 249.7,-2.2 350.3,-2.2 229.1,177.2 -149.6,628.1 377.4,643.9 -112.7,309.7 -365.8,569.1 -297.7,922.9 16.5,84.4 -46.7,132 -136,136.3 -132.8,6.9 -174.1,-63.3 -171,-182.8 3.1,-125.4 0.8,-251.2 0.8,-436.7 -237.3,0 -460,-3.8 -682.8,1.6 -70.8,2 -155,7.6 -209.1,46.1 -86.8,62.5 21.4,261.6 -185.9,264.7 -269.6,3.8 -130,-276.7 -279.9,-389 -111.8,-83.9 -258.2,-341.1 -35.6,-534.3 -136,-153 -121.1,-385.6 -283.9,-528.8 -90.2,-79.3 -214.4,-150.1 32.5,-247.2 156.8,185.3 114.9,203.6 99.5,235.4 -31.6,64.8 0.1,97.1 65,65.2 31.5,-15.5 51.7,-57 70,-90.8 3.1,-5.4 -29.7,-30.8 -234.5,-209.8zm-36120.1 36994.8c467.5,-53.2 754.7,-295.3 766.5,-774.8 6.1,-233.2 72.8,-419.8 289.1,-462.3 179.2,-35.6 155.8,-138.9 200.8,-250.2 41.6,-103.1 244.5,-95.3 240.9,-30.3 -15.8,291.2 397,549 59.4,870.3 -56.9,53.9 -48.1,178.1 -180.7,173.9 -150.1,-4.7 -318.9,-39 -295.1,214.7 23.7,250.2 148.6,549.2 349.4,531.2 321.7,-28.7 209.7,317.7 401.2,333.3 178.8,14.3 359.8,-2.2 539.5,7.1 40.7,2.1 82.6,51.5 116.4,86 69.1,70.1 163.4,125.6 144.3,248.7 -22,145.1 -128.2,128.7 -229.1,125.4 -99.8,-3 -214.9,-23.4 -234,118.6 -24.7,184.4 96,207.5 238.2,190.4 157.7,-18.7 238.9,35.2 226,207.1 -9.3,124 24.9,259.5 -175,259.8 -224.8,0.7 -427.5,-119.8 -441.5,-309.7 -17.4,-230.2 -4.4,-462.9 -4.4,-751.5 -304.9,18 -659.8,-220.9 -833,267.9 -189.5,-36.8 -19.1,-305.9 -217.5,-336.9 -57.5,-9.1 -47,-96 -166.4,-71.3 -302.1,63.9 -308.5,34.3 -370.7,-319 -200.3,-10.3 -52.3,202.8 -160.9,252.2 -104.9,47.2 -233.2,48.6 -253.7,-52.7 -35.1,-173 -9.7,-358.2 -9.7,-527.9zm20430 18252.8c-10.9,-334.4 -169.6,-561.1 -471.5,-712.7 -126.7,-64 -335.5,-49.2 -332.2,-308.2 1.5,-106.6 -122.3,-4.4 -119.8,46.3 14.5,259.8 -169.2,202 -308.6,198 -139.1,-3.4 -228.7,-217.3 -133.2,-241.9 397.7,-102.6 281.9,-379.4 262.8,-630.3 -144.3,-98.4 -299.5,-34.5 -445.3,-53.4 53,-300.2 283,-116.9 429,-149.6 156.8,-34.6 370.5,67.6 358,-240.7 -3.7,-83.9 131.4,-55.4 136.1,18.9 18.9,303.2 437.3,219.3 464.9,484.1 24.1,227.9 4.7,459.9 6.2,690.4 0,22.7 12.5,45.6 37.6,130.2 362.1,-122 664.9,206.7 1045,149.9 -27.2,315.1 300.1,554.2 109.7,928.7l509.2 0c-8.4,195.5 -71.9,374 -126.2,559.1 -102,344.4 -282.1,179.9 -441.3,193 -133.8,-187.3 46.7,-550.9 -117.1,-558 -407.3,-17.6 -363,-728.3 -863.3,-503.8zm-20120.5 -31082.3c0,-104.2 -6.3,-181.9 1.5,-258.5 15.2,-151.3 -35.4,-199.9 -197,-245.5 -225.4,-63.1 -317.3,295.4 -540.2,128.2 46.6,-252 294.6,-426.2 271.9,-705.6 -9.8,-119.7 36,-191.5 170.1,-184.5 149.6,8 136.5,114 140,215.7 2.5,72.2 14.7,144.3 23.4,219.7 222.7,11 57.2,-225.5 181.9,-250.7 118,-24.2 240.9,-24.2 417.3,-39.8l0 621.4c142.5,-27.1 152,-89.5 151.6,-165.2 -0.3,-88.8 49,-130 139.4,-137.8 90.1,-7.4 156.7,31.4 165,110.4 15.3,148.3 59.4,276.8 113,417 80,210.7 164.2,267.7 365,251.4 144.3,-11.6 311.5,-52.3 308.4,205.8 -1.4,123.1 148.4,89.7 244.7,102.6 385.1,51.2 493.6,230 465.3,749.4 -93.5,-6.6 -73.3,-89 -104.9,-142.4 -249.6,-420.8 -341.5,-420.4 -614,-16.7 -113.2,168 -116.5,171 -308,-36.8 -118.6,-128.4 -134.5,-64.8 -158.7,60.4 -45.7,239.8 -177,202.1 -305.7,69 -161.7,-168.1 -240.9,-224.5 -427.5,-258.8 145.1,-211.9 142.5,-443.5 87.3,-708.7l-589.8 0zm12629 26748.8c215.8,435.3 256.5,906.2 623.8,1299.8 -394.5,152.1 -731.8,125.8 -1031.9,71.5 -173,-31.4 -327.3,-266.1 -450,-437.7 -67.3,-94.4 92.4,-157.9 146.5,-242 -165.9,-167.9 -395.4,0.4 -626.6,-134.8l0 -852.5c-205,514.8 -598.2,211.5 -905.2,319.9l0 -1058.7c235.3,-44.3 72.5,268.4 226.2,256.1 280.5,-22.3 477.1,28.7 647.9,302.8 98.4,158.3 454,83.5 511.2,396.3 20.5,111.4 169.4,78 267.9,78.9 201.9,1.3 403.4,0.4 590.2,0.4zm37543.6 -29306.8c-200,-196.8 -430.9,-18.3 -608.8,-140.3 -171.2,-270.9 300.4,-329 92,-614.3 250.3,86.7 91.9,358.5 347.1,350.3 226,-6.5 67,-274.4 236.5,-302.2 148.9,171.9 -19.4,401.2 107,574.5 123.9,96.2 309.3,-47.4 409.3,91.7 116.4,225.8 -236.2,270.8 -150.7,492.9 90.6,235.4 -201.8,167.5 -253.2,263 -144.9,270.3 -301.9,558.6 -337.8,853.2 -20.9,174.8 80.6,473.8 283,554 378.7,149.6 364.5,390.7 274.1,709.5 -279.2,-391.8 -424.8,-401.8 -744.6,-55.4 -62,67.2 -133.8,73.9 -204.6,59 -37.1,-8.2 -87.2,-64.1 -90.4,-101.7 -21.6,-227.4 92.9,-517.9 -286,-562.4 -49,-377.7 -55.7,-758.6 6.2,-1132.4 16.2,-97.6 172.3,-94 250.2,0 56.6,68.5 -7.5,198.8 176.4,268.9 -99.5,-545.5 260.2,-910.6 494.3,-1308.3zm-42813.3 29279.8c139.6,255 -26.5,481.2 145.8,644.4 139.1,-55.6 10,-254.9 169,-297 108.9,132.9 90.2,281 20.9,415.5 -131.6,254.4 -282.7,498.9 -419.5,750.1 -132.7,242.6 -190.5,270.3 -294.3,29.4 -114.2,-264.3 -425.1,34.7 -480.2,-235.1 -34.3,-167.3 79.7,-357.9 -77.8,-506.4 -55.4,-52.1 -102.8,-121.8 -168.3,-151.8 -346.2,-157.7 -347.5,-154.3 -219.8,-468.3 8.7,-21.8 1,-50.9 1,-81.9 -150.1,-144.1 -397,15.6 -493.4,-84.6 -162.2,-168.5 -300.2,-303.3 -546,-349.1 -100.2,-18.9 -31.4,-224.9 -35.9,-349.1 160.6,-130.3 355.6,-9.2 513.9,-68.4 322,-120.5 157.2,405.5 478.1,324.8 369.1,-93.4 173,264.3 279.2,427.5l1127.3 0zm-11557.2 -21359c-142.1,16.7 -369.8,28.3 -370.3,45.7 -9.3,363.8 -611.9,271.8 -519.4,746.3l763 0c-13.1,177.3 18.4,326 -40.6,412.1 -92.6,134.8 -156,206.2 -47.4,386.1 165.7,273.9 161.9,545.3 -223.1,683.6 -110.6,39.4 -196.4,160.5 -163,313.3 59.5,269.4 -134.2,458.2 -219.5,680.2 -123.6,-43.2 -55.4,-177.3 -114.2,-242.7 -277.2,-307.8 -274.5,-392.1 51.4,-674.5 42.1,-36.9 195.8,-69 74.2,-118.6 -596.9,-244.1 -43,-608.6 -127.1,-956.5l-742.4 0c173,-389.5 327.5,-696.3 651.9,-927.8 193.5,-137.8 272.3,-441.6 392.3,-676.4 61.5,-120.5 25.2,-277.2 266.3,-276.8 240.9,0 199.1,160.7 269.4,274.7 52.2,84.6 143.5,143.7 98.5,331.3zm58282.2 -6946.5c-163.8,-267.1 -297.9,-550.4 -467.5,-816.2 -153.2,-240.7 -96.9,-612.3 -299,-873.9 -102.7,66.6 -61.7,176.3 -78.2,272.3 -22.1,127.1 98,329.5 -163.2,342.9 -207.7,10.2 -100.4,-194.2 -182.8,-272.1 -179.3,-169.2 -155.6,-346 -14.5,-528.2 28.1,-36 42.6,-85.9 52.3,-132.2 142.8,-690.4 341.6,-774 1008.2,-472 115.6,52.5 267.9,29.4 227.3,207 -71.9,312 160.1,400.1 347.4,544 171.4,130.9 248.9,286.5 -67.7,345.5 -80.6,14.9 -128,57.5 -123.4,155 8.1,179.9 3.4,360.7 2,541 -2,241.2 -2.8,241.2 -240.9,686.9zm241.2 -8813c296.8,34.5 68.3,303.9 186.5,417.9 90.7,87.5 344.9,3.1 276.8,257.2 -41.4,155.4 -264,42.5 -297.9,171.7 -101.8,384 -477.1,613.2 -604.3,1012.2l0 -1378.7c-256.9,9.5 -110.6,277.2 -278.1,296.6 -148.7,16.9 -354.7,-109.1 -383.8,215.2 -15.8,176.9 -251.2,73.5 -435.3,68.8 -79.1,-251.6 254.2,-430.6 149,-688.4 -35.4,-86.4 8.4,-207.7 -139.9,-218 -128.9,-8.6 -159.9,58.8 -181.4,178.2 -29.6,163.4 -243.4,242.4 -188,460.2 -239.7,-454 -193,-447.5 -132,-869.9 40.7,-282.3 421.3,-239.1 387,-525.9 49,-5.8 115.5,-33.9 144.9,-12.7 135,100.2 92.4,408.5 403.3,311.9 188.3,-58.5 272.5,38.5 365.3,239.1 80.8,175.7 376.1,26.3 572.9,64.6 16.9,42.6 27,116.9 52.3,122.5 92.6,21.4 108.4,-47.7 102.7,-122.5zm-19827.2 -9710.1c-376.5,-250.7 -408.1,-254 -437.5,17.6 -21.4,197.5 -68.6,278.6 -266.9,252.1 -138.1,-18.7 -377.9,-329.5 -294.9,-436.9 150.8,-195.5 51.3,-389.2 80.7,-578.4 -182.2,-178.1 -432.7,14.2 -641.7,-153.6 -208,-166.6 -253.6,-133.9 -40.1,-381.2 156.5,-181 -12.7,-400.1 109.5,-583.6 110.9,-68.3 249.6,-58.5 353.8,-10.7 63.2,28.9 77.5,164.8 113.8,252.9 36.3,30.3 80.6,19.7 108,-42.9 170.6,-393.2 261.2,-786 7.5,-1186.1 -34,-53.7 -4.6,-147.2 -4.6,-235.3 202.8,-76.8 394.5,-63.9 623.8,-13.6 -41.4,544.1 112.5,1092.3 -279.8,1588 -76,95.7 -241.8,519.2 212.8,557.7 -36,369.2 499.9,505.9 355.6,954zm-22271.2 38343.1c249.2,35.2 73.3,-270.7 243.6,-300.1 128,128 52.3,289.9 62.1,435.7 8.7,129.2 61.4,184 184.3,173.1 147.4,-13 172.6,-179.1 122.5,-216 -390.7,-289.3 106.5,-466.5 97.1,-705.1 105.5,310.3 102.9,647 42.5,949.8 -34.5,172.1 -69,484.5 -456.6,452.6 -344.3,-28.5 -483.6,380.1 -755.3,539.7 -27.8,16.3 -29.1,149.2 54.8,200.2 417.3,252.9 432,246.2 553.9,517.5 57.7,128.6 137.7,117.5 237.8,124.6 17.7,1.1 30.3,67.7 45.5,104.4 -178.6,33.7 -267.4,139.2 -332.9,312.9 -26.1,70.5 -100.9,-37.6 -98,-107.1 7,-146.7 -87,-174.1 -195,-158.5 -362.3,53 -249.4,-217.1 -276.5,-405.1 -223.1,-148.5 -495.2,10.1 -727.4,-97.7 -200.2,-216.2 273.4,-315.7 19.6,-582.7l-679.1 0c70.6,-148.2 141.1,-295.7 221.3,-464.2 164.3,0 339.5,10.3 512.8,-2.7 218.2,-16.7 448.4,67.1 653.4,-69.7 -78.8,-322.6 275.2,-199.7 376.8,-358 76.8,-118.6 92.8,-220.6 92.8,-343.6zm15786.9 -24918.5c183.7,-401.2 -298.3,-474.2 -379.2,-752.1 -26.4,-90 -177.2,8 -305.7,277 -183.2,-100.2 -63.8,-268.1 -84.1,-401.5 -22.1,-148.3 -4.7,-302.5 -4.7,-440.1 94.8,-118 269.2,-36.5 332.9,-175.3 4.6,-10.4 443,-469.5 439.7,-480.7 -39.2,-151.6 128.3,-199 158.5,-319.3 51.2,-202.8 150.6,-392.5 399.7,-314.6 209.3,65.3 304.3,537.8 157.2,722.5 -35.6,44.6 -160.5,16.7 -199.3,61 -299.9,345.8 -261.6,701.9 100,1049.2 387.4,372.2 407.4,719.4 63.7,1101.2 -176.8,196 -321.8,192.4 -678.7,-17.6 109.4,-21.6 279,71.5 305.5,-117.5 35.6,-258.1 -170.1,-179.7 -305.5,-192.2zm-38074.3 -13978.9c224.2,-63.3 239.1,-294.2 293,-448.7 60.7,-173.4 150.9,-147.6 270.5,-175.2 265.2,-61.3 262.3,-72 56.8,-383.9 126.6,-134.5 274,-75.5 422.6,-42.5 35.1,145.8 -204.9,228.2 -55.1,435.7 172.6,238.3 117.8,269.6 -136.6,618.3 -40.3,55.7 -69.8,130.9 -73.7,198.8 -10.5,175.1 -3.4,351 -3.4,513 -205.1,129.8 -600.1,-99.3 -570.4,355.2 -32.7,-89.3 -64.8,-178.6 -135.4,-373 -112.9,444.9 -47.4,806.5 -68.3,1159.6l-696.7 0c-200,-165.4 47,-449.8 -159.7,-617.8 -189,178.5 55.7,464.6 -162.9,630.7 -53.9,41 -108.7,80 -163.3,120 -32.5,-209 -384,-22.7 -366.7,-298.3 5.6,-92 48.3,-144.3 133.6,-141.9 197.1,5.2 186.8,-128.4 176.1,-255.5 -13.8,-168.2 59.7,-228.5 221.6,-212.3 97.7,9.4 203.5,23.2 244.7,-107.7 21.8,-68.1 35.2,-174.4 79.4,-191.3 89.8,-33.8 210.2,-31.8 227.6,111.4 8.3,74.3 5.1,145.8 95.8,180.1 106.6,-361.1 440.6,-646.8 370.5,-1074.7zm22442.2 32998.8l-544.2 0c-264.5,1012.8 -241.1,1065.3 521,1133.5l0 689.5c-135.2,124.2 -323.5,48.1 -491.9,44.5 -194.3,-4.2 -266.5,57.3 -277.8,250.5 -4.5,80.6 -125.8,80.6 -195.1,61.9 -77.9,-20.7 -85,-99.1 -99.5,-177 -44.5,-238.4 80.6,-426.4 181.5,-658.6 -213.8,-105.1 -421.7,-206.4 -621.4,-304.6l0 -507.8c194.6,-131.8 425.5,47.1 592,-118 -39.2,-77.7 -106,-82.2 -181.5,-90 -143.8,-14.5 -133.8,-215.5 -119.8,-216.9 433.8,-43.4 289,-611.2 678.5,-725.2 209.3,-61.2 13.1,-427.2 240.9,-580.8 50.1,-33.9 32.9,-182.8 172.3,-178.2 150.7,4.9 144.7,107.1 145,210l0 1167.2zm-24918.4 6313.5c110,-22.8 286.4,74.8 303.7,-121.4 16,-179 98,-209.3 277.4,-173.4 110.1,278.7 -51.8,628.1 182,910.6 87.5,105.5 -136.3,224 -167.2,384.5 -27.7,144.5 -118.1,22.3 -134.1,-82.3 -6.7,-45 -45.2,-125 -58.8,-122.7 -262.3,41.6 -201.5,-285.5 -321.3,-305.3 -134.6,-22.2 -21.6,379.9 -314.4,284.6 -91.5,454.2 -411.2,281.2 -698.2,304.6 149.9,-489 149.9,-489 57.7,-1228.8 -41.6,-123.8 -62.1,-68.4 -56.4,5.7 4.1,47.7 -12.2,132.5 3,137.8 83.7,30.1 138.9,-30.7 147.8,-101.3 8,-61.4 -24.9,-128.4 -94.4,-42.2 -514.6,-367.6 -514.6,-367.6 -479.4,-933.6 172.1,0 347.1,-8.3 521,2 167.2,9.8 229.8,-58.6 217.5,-220.7 -1.9,-20.9 61.1,-45.8 94.5,-68.8 36.9,207.5 186.5,297.2 358.6,386.8 40.1,21.3 40.1,253.4 -7.3,282.9 -172.6,107.2 -162.8,305.3 -249.8,448 -167.7,274.5 91.3,249.2 263.4,253 0,50.5 -6.7,102.2 1.8,151.4 7.6,45.2 24.5,120 49.9,125.6 95.4,21.3 106.4,-49.9 103.2,-124.7 -1.9,-51 -0.2,-101.8 -0.2,-152.3zm26386.3 -29821.8c-272.5,208.2 -201.5,687.8 -700.7,409.7 20.9,472.2 22.7,871.2 -269,1186.3 -28.4,30.4 -48,118.8 -30.3,135.3 450,410.2 -269.3,774.6 64.6,1167 -321.7,30.4 -144.7,-206.4 -307,-247.7 -168.6,673.1 -694.9,388.1 -1098.3,449.6 -157.7,-350 94.1,-546.8 187.2,-782.6 98,-247.8 184.3,-536.6 564.9,-465.4 73,13.4 147.2,-55.9 118.9,-150 -79.7,-267.4 179.6,-461.1 153.2,-708.3 -44.1,-413.7 402,-73.9 470.9,-320.9 53.6,-191.9 -342,-307.2 -77.3,-521.2 75.3,-61.4 119.4,-162 246.2,-154.5 178,10.2 356.8,2.7 676.7,2.7zm26700.8 39285.3l-603.1 0c180.8,-698.8 155.4,-734 -517.7,-746.5 -125.3,-2.4 -250.5,-0.6 -364.9,-0.6 -110.2,-190.2 -38.3,-372.5 -68.1,-560.7 -275.9,-143.8 -593.9,10.7 -922.5,-105.5 25,-276.3 -83.9,-570.5 147.2,-839.2 51.9,-60.8 7.3,-214.7 158.5,-195 349.1,45.8 439.6,-219.2 554.7,-482.5 48.7,236.6 166.9,365.8 380.2,405.8 -289.2,40.8 -335.5,224.5 -317.3,477 15.6,213.5 133.2,361.1 310.7,359.8 268.5,-1.8 484.7,11.8 553.7,321.3 465.3,22.9 92.8,422.6 292.3,604.5 140.8,7.8 314.4,18 493.9,27.8 113.7,161.9 -210.2,195.7 -107.3,379.8 54.5,98 9.7,252.1 9.7,354zm9671 -42230.1c270.2,42.5 527,-39.2 802.6,140.3 306.4,199.9 505.6,311.5 512.8,630.3 9.6,405.6 2.6,811.6 2.6,1214.5 -502.3,9.2 -604.2,-74.5 -388.9,-396.9 182.1,-271.2 -78.4,-350.5 -82,-525.7 -4.6,-200.6 -185.4,-127.1 -294.5,-125.4 -162.1,2.7 -350.7,1.1 -389,-163.8 -89.9,-390.6 -370.3,-321.1 -614.5,-287.9 -224,-283.3 23.8,-481.9 106.9,-693.1 -519.1,-353.9 -485.4,255.6 -737.9,360.4 -111.1,-151.6 -132.5,-299.4 -2.3,-456.4 183.1,-220.4 82.6,-285.7 -155.8,-327.3 -98.6,-17.2 -121.4,-183.2 -32.3,-248.7 337.1,-247.2 744.8,-133.6 950.3,250.3 100.2,189 195,380.5 322,629.4zm-33406.5 33457.5c-32.1,17.8 -66.1,36.2 -99.6,54.9 17.4,17.2 38.1,51.7 51.2,48.3 36.3,-8 69.3,-31.1 103.4,-48.3 -17,-16.9 -34.1,-34.5 -55,-54.9zm1265.1 -690.7c-226,139.2 -499,-40.5 -724.3,96.8 -34.8,140.7 -46.5,260.8 145.2,261.6 91.9,0 125.8,49 144.9,132.5 31.2,138.1 -268.3,245.2 -14.9,428.2 67.9,49.2 63.5,334 -35.2,498.1 -212.9,5.7 -21.2,-232.7 -173.9,-267.7 -108.6,114.9 -99.3,379.6 -380.9,298.2 -118,-34.1 -259.9,18.4 -381.2,-10.7 -281.9,-67.2 -208.9,212.6 -375.2,349.5 -8.9,-418.1 -188.8,-808.9 200.6,-1123.4 35.2,-28.1 69.5,-79.1 72,-121.4 14.4,-221.3 -58.9,-583.1 197.9,-581.4 332.2,2.1 173.6,-432.8 456.8,-375.3 283.1,-504.8 750.4,-266.1 1153.4,-279.9 16.3,-0.2 56.5,87.9 47.6,124.7 -13.1,52.3 81.7,172.5 -71.6,154.1 -383.7,-45 -155,289.8 -261.2,416.1zm-16042.6 -41429.8c-102.1,267.2 169.1,583.2 -278.2,662.2 -132.7,23.2 199.2,169.9 92.6,275 -246.3,243.4 -37.4,477.3 18,695.1 -204.4,118.7 -395,94.6 -554.2,54.3 -132.5,-33.6 -49,-322.6 -321,-325.2 -120.9,-1.4 -63.3,-189.7 27.8,-301.5 133.3,-163.5 88.8,-285.2 -134.3,-283 -177.6,2.2 -306.8,-16.5 -270.3,-242.7 25.9,-156.8 -33.1,-244 -204.8,-225.3 -25.8,2.6 -53,-5.1 -77.1,1.3 -270.7,72.4 -165.2,-494.7 -379.6,-290.4 -213.1,202.9 -498.9,400.2 -574.8,730.6 -29.4,127.6 85.2,336.8 -176.2,329.9 -162.5,-4 -222.9,-191.9 -80.3,-424.8 133.3,-216.6 146,-581.5 394.9,-631.8 243.2,-49 73.1,-353.9 316.6,-338 281.7,18.7 565.4,4.6 848.4,4.6 -17.9,389.7 494.4,170.6 568.1,505.2 39,175.9 171.3,163.9 287.3,-24.7 34.5,-55.9 31.1,-152.7 109.3,-167 97.7,-17.3 200.6,-3.8 387.8,-3.8zm1542.2 38471.2c53.6,-180.8 284.1,-364.5 296.1,-645.3 -250.1,-150.9 -525.1,28.5 -752.4,-110.9 -88.4,-148 13.8,-232 110.7,-320.1 -81.7,-202.9 -267.2,-34.3 -405.5,-122.2 -71,-173.3 -55.6,-364.8 -17.5,-542.7 55.2,-46 102.2,-35.4 125.5,28.1 23.8,66.8 -30.2,161.6 59.2,203.7 19.6,9.2 74.7,-31.2 98.5,-60.7 233.3,-290 264.9,-312.6 452.4,-33.5 102.8,153 203,117.4 313,119.8 354.7,8.1 709.8,2.9 1080.3,2.9 61.5,472 -278,749 -385.6,1105.3 -103.9,343.8 -329.7,658.8 -158.1,1176.7 -335,-363.8 -488.5,-664 -816.6,-801.1zm28349.8 8873.6c139.3,12.9 261.4,24.4 387.4,36 38.7,214.2 66.6,407.7 -31.8,597 -83.5,-45.2 -75.8,-119.4 -97.1,-188.4 -51.7,-170.5 -177.9,-169.4 -279.7,-57.4 -58.3,64.3 -14.2,195.2 -113.8,260 -118.8,76.8 -32.7,442.2 -311.9,266.1 -196.4,-122.7 47.6,-241.6 83.1,-367.6 99.3,-347.8 -18.3,-507.5 -444.9,-684.9 -140.9,-58.5 -372.1,-468.7 -279.4,-565.1 234.4,-243.8 29.6,-544.8 146.2,-808 176.8,16.2 373.9,-160.7 451.4,199.9 47.9,222.3 418.3,-24 536.3,123.9 191.3,240.6 385.9,-47.9 481.8,24.4 196.7,148.6 392.2,61 583.2,96.5 130.9,92.4 71,230.6 79.2,350.4 6.9,97.5 32.6,227.6 -85.5,262.5 -151.6,45 -179.6,-56.5 -236.9,-195.5 -81.5,-198.6 -389.2,-169.2 -418.8,-34.7 -68.3,310.6 -482.9,309.3 -448.8,684.9zm-17548.1 -7549.1c38,57.1 63.9,96.5 90.1,135.4 25.5,-64.1 64.4,-126.7 71.7,-192.6 4.1,-36 -46.2,-77.3 -71.7,-116.9 -31.8,61 -63.4,122.1 -90.1,174.1zm-247.4 -195.9c98.9,-7.4 96.4,-73.2 107.6,-145.8 38.9,-247.4 261.1,-163.2 360.6,-128.7 196.6,67.4 337.4,657.2 224.1,862.8 -60.4,109.3 -337.1,-0.9 -279,259.6 44,197 -91.3,210.4 -235.8,287.4 -190.9,101.8 11.6,383.7 -117.8,557.1 -130.5,-393.5 -208.2,-761.7 -39.7,-1018.9 209.1,-319 -103.5,-268.7 -164.7,-394.5 -115.6,-237.4 -493.8,-322.8 -396.8,-671.3 -428.1,-74.1 -262,-380.5 -260.7,-651.9 187,-10.7 360.3,-20.5 554.2,-31 57.2,-269.6 67.9,-648.3 328.9,-735.6 289.8,-96.4 126.6,-632.3 610.7,-446.7 110.6,103.1 4.6,293.5 31.1,461.2 27.6,176.1 -36.7,236.8 -227,300.3 -120.7,40.5 -195.3,318 -227.2,500.5 -44.3,250.5 81.8,565.4 -317.9,630.4 23.6,120.6 -53.7,256.4 49.4,365.1zm38895.1 618.7c90.4,-52 57.2,-135.8 52.8,-204.1 -1.4,-21.4 -74,-63.9 -94.9,-54.4 -88.6,40.1 -54.6,128.8 -49.4,197.8 1.3,22.5 61,41.8 91.5,60.7zm212.6 -2763.7c-75.5,216.9 201.8,336.4 150.8,544.1 -49,74.8 -123.2,74.8 -199.8,76.4 -72.5,0.9 -144.7,11.1 -238.2,19.6l0 1164.5c143.2,151.2 369.1,-9.6 584.7,89.2 -67.9,290.6 -81.1,614.1 -221.5,867.7 -119.6,216.2 -385,351.6 -670.4,595.2 -2.7,-511.5 -127,-909.1 121.3,-1311.7 109.3,-177.7 -13.2,-292.3 -300.8,-342.4 -21.8,-110.2 72.8,-269 -119.8,-308.1 -116.4,-23.4 -242.5,37.8 -348,-82.7 -108,-123.1 -141,-105 -216.4,69.3 -114,-517.9 -114,-517.9 142.2,-1071 230,-0.4 460.5,0.5 690.7,-0.8 356,-1.9 356,-2.7 625.2,-309.3zm-69205.9 -40872.4c87,-104.3 130.5,-246.9 169.6,-399.1 -54.2,-49.4 -111.1,-71.5 -169.6,-81l0 -778.8 412.5 0c152,274.9 -49.5,629.9 190.1,916.8 74.2,88.9 -133.4,329.6 -170.5,529.5 -20.1,109.8 -392.5,122.1 -432.1,314.1l0 -501.5zm0 572.3c1.2,6.4 2.5,12.8 4.3,19.5 40.3,152.3 32.8,260.2 -4.3,337.4l0 -356.9zm59989.9 -3075.2c108.2,167.5 53.4,291.5 166.3,343.8 175.5,-228.9 176.1,-576.3 528.8,-699.2 166.4,-58.3 266.3,-237.1 55.9,-419.9 -61.9,-53.9 -67.4,-173.4 -98.9,-262.5 -93.9,35.9 -101.3,99.8 -105.7,175.7 -4.5,83.3 -51.9,127.3 -146.9,130.3 -93.8,2.9 -153.2,-40.3 -157.2,-119.2 -15,-345.3 -38.1,-695.7 240.7,-964.7 167.4,-27 203.2,51.9 233.7,206.8 19.4,97.8 153.9,196.8 258.8,247.4 103.3,49.7 288.7,-53.2 337.3,90.8 46.7,138.5 74.3,368.5 -3.1,445.3 -177.7,178.1 -119.4,370.5 -144.8,564.2 -32.9,253 -81.3,479.9 -361.4,626.6 -140.2,73.5 -259.5,305.4 -319,462.2 -104.4,273.7 -257.2,331.5 -496.5,292.1 -233.6,-38.3 -370,31.4 -423.9,275.4 -6.7,31.6 -183.5,34.1 -281.2,32.8 -41.7,-0.7 -110.5,-39 -117.8,-71.3 -15.2,-68.1 -43.5,-190.1 42.1,-200.2 226.6,-26.7 233.1,-154.9 275.1,-344.2 44.8,-204.3 116.7,-458.9 409.3,-516.7 46.9,-9.2 64.1,-167.5 108.4,-295.5zm-2469.2 4416.5c108.9,-250.2 108.9,-456.9 0,-707.1 -108.9,250.2 -108.9,456.9 0,707.1zm-802.6 -1145.5l730 0c-20.9,-391.6 -28,-768.8 240.9,-1058.1 47.2,-51 196.6,-7.1 356,-7.1 -21.5,260.5 168.8,659.5 -82.6,742.1 -407.4,133.2 -112.9,386.3 -200.4,554.9 -23.1,43.6 80.6,100.6 166.6,99.9 41.6,-0.4 83.5,42.1 125.6,65 -451.1,471.6 260.3,983.3 -52.6,1460 -180.3,-19 -22.9,-235.1 -205.2,-294.4 -85.5,318.9 -24.1,641.7 -44.6,957 -5.5,85 -51.6,129.3 -145.2,132 -141.4,3.8 -212.4,-120.7 -155.1,-184.6 229.7,-257.3 -112.5,-480.9 -14.5,-728.3 45,-113.5 -57.2,-146.9 -169.4,-180.5 -170.4,-51 -308.6,-166.1 -288.6,-380.5 19.4,-206 24,-385.2 -261.4,-427.5 -99.7,-14.7 -31.8,-181.3 -47.7,-277.7 -28.4,-166.5 302.4,-178.7 48.2,-472.2zm9856.8 50938.3c-237,-35.9 -413.5,78.4 -454.9,290.6 -50.4,262.2 41.4,547 -158.6,787.3 -51.8,61.8 27,145.8 106.9,157.2 104.6,14.6 200.4,8.8 199.9,159.2 -0.9,152.5 -99,150.2 -203.4,154 -119.6,4.3 -269.7,-37.4 -263.7,166.8 2.7,92 -47,137.6 -134.5,141.8 -77,3.4 -154.2,0.3 -292.5,0.3 15.3,-331.1 -148.8,-630.8 -193.7,-962.4 -11.1,-80.8 -58.1,-124.7 -154.6,-123.8 -152.5,1.1 -120.9,112.5 -159.6,200.9 -95.5,219.3 322.8,350.4 113.1,530.1 -267.6,229.8 28.8,348.4 54.1,513.7 38.3,253.8 -196.4,387.1 -222.8,622 -153.5,-706.7 -124.1,-1542.7 86.1,-2586.5 136.1,-98.4 293.5,-30.7 440.2,-51.2 123.1,327.8 378.1,82.2 628.8,163.6 -197.8,-432.8 296.3,-466 366.9,-757 15.3,-63 214,-45.2 233.8,61.9 32,172.1 8.5,353.8 8.5,531.5zm-51230 -18768.5c0,-252.6 -17.8,-354.8 4.2,-447.5 42.1,-181.4 385,-114.9 337.5,-389.9 -1.3,-9.1 88.6,-56.1 126.9,-46.7 640.1,154.5 800.9,-307.7 978.4,-757 34.3,22.5 67.6,44.7 100.6,67.4 3.8,2.5 23.6,737 21.2,742.6 -129.8,303 16.7,566.2 440.1,791.1 -6.8,444 90.7,904.6 -210.2,1300.7 -88.3,-16.5 -97.7,-79.3 -97.3,-154.7 0.3,-88.6 -49.1,-130.3 -139.5,-137.9 -90.4,-7.7 -155.9,31.6 -165,110.3 -14.5,127.1 2.7,257.6 -6.1,385.8 -5.7,81.9 -53.2,127.2 -150.4,128.3 -96.5,0.9 -164.4,-49.7 -151.7,-122.9 58.4,-340.2 -136.7,-700.3 121.8,-1034.1 91.1,-118.2 56.8,-339 -6,-510.9 -154.1,-100.7 -533.9,88.6 -431.5,-335.8 21.6,-89.1 -31.2,-156.9 -109.3,-161 -65.2,-2.9 -192,50.8 -190.6,70.9 27.4,341.9 -332,184.7 -473.1,501.3zm-2778.2 -38836.9c-2.7,30.9 -6,62 -12.3,93.5 -15.4,77.7 -101.3,108 -180.6,88.4 -44.1,-10.5 -99.6,-39.2 -118.5,-75.9 -14.3,-28.4 -18.6,-69 -13.9,-106l325.3 0zm-11952.9 22051c0,-51.6 -19.6,-114.9 3.3,-152.8 203.7,-344.8 213.8,-432.6 77.9,-929.3 -230.2,-41.4 -376.7,278.8 -625.2,143 94,-270.1 92.4,-272.1 335.5,-475.8 100.5,-84.4 33,-192.4 53.5,-287.5 205.3,-12 456.7,92.8 507,-261 12.6,-88.3 231.7,-79.9 240.7,14.3 43.8,456.9 403.9,148.1 637,303.5 -92.6,336.2 105,670.8 190.3,1018.6 97.5,395.9 -477.3,234.9 -343.5,556 -178.4,24.9 -296.2,287.2 -548.4,85.7 -109.8,-88 -347.8,-14.7 -528.1,-14.7zm9159.6 8933.5l-427.7 0c-95.5,-313.5 -31.8,-661.7 -162.1,-994.8 -94.6,-241 -217.3,-302.8 -353.5,-230.3 -255.2,135.6 -419.5,20.3 -606.3,-104 34,-332.8 423.9,-557.5 285,-941.6 -350.9,44.2 -503.7,131.2 -776.6,512.1 127.5,-720.7 289,-1266.2 803.1,-1646.4 41.1,339.1 249.8,651.7 135.3,1011.9 215.4,97.1 410,185.2 657.3,296.6 0,249.1 -2.9,524.6 5.4,800 0.8,20.5 80.8,53.2 124.2,54.5 43.9,1.3 124,-23.8 127.8,-47 28.3,-170.5 36.1,-344.8 64.3,-515.2 3.8,-24 82.7,-49.4 126.7,-48.8 43.7,0.7 119.1,25.9 125.6,53.5 40.5,170.5 100,400.1 -16.9,503 -173.7,151.4 -37.4,352.7 -152.8,482.7 -257.3,289.7 -92.8,549.2 41.2,813.8zm38686.5 -13605.6l1186.5 0c106,145.4 25.6,305.7 61,449 66.3,270.8 215.5,310.4 534.1,164.6 41.9,-19.4 100,-2.9 161.7,-2.9 183,98.4 -30.7,349.1 170.3,464.7 31.6,-92.4 62.3,-181.9 98.9,-289.2 258.9,140.9 140.3,602 529.2,624 66.6,3.8 45.7,52.8 -5.1,107.1 -252.5,273 30.3,645.7 -156.1,929.9 -110.7,27.3 -202.8,31.1 -252.9,-90 -82.8,-198.2 -206.9,-392.6 -267.9,-581.3 -77,-237.8 -185.7,-267.7 -368.5,-239 -178.3,27.9 -326.8,-42.3 -381.3,-182.8 -74.2,-193.2 -224.7,-265.3 -366.1,-382 -251.8,-208.2 -230,-234.5 -387,88.4 -133.3,-357.6 -512.7,-578.1 -556.8,-1060.5zm-28962.2 18247.2l882.6 0c125,132.5 49,267 72.2,387 -264.5,-4 -258.1,329.2 -441.8,377.4 -220.2,57.2 -518.7,-75.7 -557.9,307.6 -0.9,9 -98,24.1 -141.2,9.8 -76.8,-26 -138.7,-116.4 -92.2,-172 179.3,-214.2 175.5,-450 126.5,-699.9 -287.9,-154.9 -437.5,-18.4 -525.9,252.5 -174.6,-111.5 89.5,-491.1 -314.1,-489.8 -100.3,0.7 -97.3,-183 36.5,-283.7 289.8,-217.3 303.7,-252.7 11.8,-452.6 -246.8,-169.4 -6.1,-383.4 -198.6,-588l1142.1 0 0 1351.7zm13937.4 -9398.2c-215.7,-327.3 -215.7,-327.3 -576.7,-395.6 161.2,-208.2 161,-439.5 103.1,-682.9 -163.2,-93.9 -344.6,-23.6 -515.9,-48.5 -18.4,-18.3 -52.1,-36.1 -52.5,-54.4 -3.1,-326.6 -2.2,-653.4 -2.2,-976 290.8,-116.1 575.8,-212.5 705.8,-536 42.3,-104.8 82.1,-181.4 -7.8,-264.9 -105.5,-98 -161.5,-201.5 -35.6,-316.4 71.6,-64.8 114.4,-158.5 235.5,-175.9 232,-32.9 425.7,120.4 479,359.3 61.2,275.3 -78.9,569.2 -217.8,662.7 -194.6,131.5 -290.6,220 -251.1,441.7 50.7,280.8 -186.4,673.5 305.4,792.2 18,4.4 35.6,169.5 -1.3,217.3 -214.4,276.5 -119.3,616.5 -167.9,977.4zm20711.5 11267.6c-218.2,-41.2 -403.8,57 -562.6,-71.9 -58.4,-223.8 181.9,-334 202.1,-527.9 0.7,-8.5 185.5,-21 191.6,-2.5 183.9,578.7 640.1,129.2 965.8,332l0 -755.5c274.5,-89 480.3,-189.4 507.7,251.8 13.3,215.1 303.2,433.5 -143,499.7 15.1,205.9 -236.9,314.1 -190.6,538.6 22,106.2 26.1,212.2 165.5,187.2 224.4,-40.9 284.1,79.7 348.8,265.4 35.2,100 360.8,25.6 249.6,253.8 -56.3,114.5 -331.3,255.6 -387.8,215.6 -485.2,-343.2 -439.3,170.5 -605,352 -146.5,-178.2 -40.5,-387.7 -78.6,-576 -13.6,-68.6 -53.6,-191.5 -74.6,-190.2 -567.7,40.1 -470.2,-430.3 -588.9,-772.1zm-398.3 6679.8c169.9,-33 398.1,-108.3 423.9,44.1 37.4,217.9 123.2,246 294.1,230.2 184.4,-16.3 207.4,97.1 190.6,239.1 -18.7,156.7 33,240.9 205.5,226.7 97.1,-7.8 180,-2.1 263.7,88.1 216.2,232.9 225.7,224.4 378.1,-85 147.3,76.3 46.5,284.8 211.4,374 71.8,39 -3.5,240.1 195.6,245.6 233.5,6.9 47.6,-287.2 235.1,-295.9 87.7,399.5 87.7,399.5 547.2,532.8 -69,229.8 -213.5,435.8 -189.9,699.8 13.4,146.1 -132,265.8 -289.7,292.8 -153.1,26.7 -236.8,-116.5 -289.2,-211.3 -148.7,-269 -261.1,-558.2 -402.1,-872.1 -112.2,170.7 -166.5,431.9 -446.6,312.4 -129.1,-55.3 -191,-403.9 -133.6,-725 -109.5,-98.6 -244,-23.8 -364,-48.3 -119.8,-25 -353.9,50.3 -344,-52.3 29.1,-297.5 -424.7,-201.1 -344.3,-464.1 66.2,-217.2 -232,-278.9 -141.8,-531.6zm-29329.7 19229.9c270.5,-281.4 213.3,-609.6 211.3,-929.7 -129.6,-136.7 -292.1,-55.9 -436.9,-68.6 -120,-10.2 -188.5,-44.6 -181.4,-175.7 8.9,-148.5 114.9,-137.8 216.6,-137.1 122.9,0.6 245.2,0 369.9,0 40.5,-235.8 70.5,-429.5 -33.9,-625.5 -95.7,165.3 -105.1,399 -401.4,323.6 -168.4,-43 -357.6,-2.5 -536.8,-13.2 -27.7,-1.6 -66.2,-73 -74.2,-116.6 -7.8,-44.1 4,-126.1 28.9,-135.6 281.2,-107.6 542.4,-230.5 706.5,-510.1 25.6,-43.7 189.1,-6.5 288.3,-6.5 113.6,-210.2 36.6,-417 51.7,-614.5 6.9,-92.7 42.1,-140.7 121.8,-157.4 78.4,-16.1 183.2,11.1 184.6,82.3 2.9,155.9 40,234.3 212.4,231.4 58.8,-0.9 122.9,44.3 41,140.5 -397.5,466.4 -47.7,942.2 7.3,1411.8 7.1,57.9 88,159.9 51,200 -304.6,334.8 -43.9,739.4 -214.7,1153 -139.5,66.6 -345.9,57.9 -612,-52.1zm35655.9 -31027.6c0,-26 1.6,-51.4 -0.4,-77 -19,-247.8 -190.4,-425.5 -294.2,-634.8 227.6,-173.3 122.5,-408.8 126.1,-659.3 -169.2,36.7 -403,-203.7 -452.4,173 -18.8,138.3 -137.4,115.4 -236.7,115.4 -100.9,0 -208,17.5 -226,-127.8 -10.5,-82.5 29.3,-186.7 92.2,-174.2 180.1,35.7 234,-197.5 398.9,-162.5 287.7,60.6 487.9,-83.3 526.2,-337.5 31.8,-210.4 427.4,-370.8 103.3,-632.2 115.1,-162 119.5,-344.4 122.4,-535.9 4,-263.8 -176.1,-186.3 -314.3,-197.5 0,-25.6 -7.4,-54.1 1.3,-76.6 90.2,-234.7 111.8,-497.4 287.2,-697.3 356.2,158.5 75.3,488.3 192.1,711.3 11.2,21.7 35.7,37 53.3,55 148.7,-49.4 27.3,-245.1 167.8,-302.1 189.1,189.9 -64.7,517.5 208.5,690 25.1,15.6 12.2,171.4 -25.7,195.9 -352,226.3 -261.6,575.4 -264.3,897.5 -3.9,385.9 -0.8,771.8 -0.8,1157.2 -255.6,25.8 -156.3,229.3 -147.2,348.2 20.3,262.5 -111.3,299.2 -317.3,271.2zm-11887.8 19029c-167.7,-391 411.4,-230.7 288.5,-542.6 263.4,-149.5 549.6,-22.1 815,-78 209.7,239.1 203.2,605.6 531.6,786 28.1,-255.4 24.3,-508.8 96.9,-738.3 27.8,-87.6 271.4,-20.3 317.3,-217.3 218.9,296.3 -114.7,522.8 -43.5,653.6 118.9,219.6 126.5,422.9 130.7,644.6 3.4,228.9 0.5,457.4 0.5,667.1 -340,252.7 -557.7,-178.6 -865.5,-112.4 -68.5,14.7 -77.6,-256.1 -206.4,-364.3 -69.4,-57.9 8.5,-180.8 92.2,-256.9 89.3,-81.1 87.8,-193.1 -12,-256.8 -87.9,-55.6 -227.5,-40.9 -237.8,76.7 -14,165.2 -76.3,256.9 -226.6,204.1 -153.4,-53.9 -74.4,-218 -92,-335.7 -4,-23.2 -15.1,-45.2 -24.5,-72.6 -187.3,-116.5 -398.1,-0.9 -564.4,-57.2zm-43211.2 -11184.8c0,-102.2 -7.3,-205.7 2,-307.6 8.2,-96 -41.8,-139.2 -121.5,-155.5 -78.7,-16 -181.7,11.8 -184.4,83.8 -13.6,373.5 -258.3,189.6 -414.8,203.2 -210.6,-222.9 92.2,-302.6 114.2,-467.7 35.6,-264.1 287.5,-95.1 440.9,-125.6 166.5,-33.6 272.1,-239 1028.8,-385.7 502.5,-310.3 486.1,-367.6 449.4,-386.3 -40.4,-20.5 -142.6,-8.6 -142.8,-5.8 -23.8,400.1 -610.3,218 -645.4,617.2 -3.4,36.8 -400.6,-96.6 -112.3,187.1 30.3,30 33.9,86.6 49.9,130.7 83.7,229.3 134,143.3 151.9,-21 16,-145.6 110.6,-145.2 211.7,-140.2 467.4,23.3 364.5,-445.6 37.6,-381.7 -609.4,-16.4 -437.7,-191.5 -331.9,-362.9 91,-147.2 63.8,-282.3 97.7,-458l1038.2 0c86,175.5 1.8,380.7 33.9,574.4 45.4,271.7 -30.8,490.6 -258.7,654.7 -102.5,74.1 -32.3,188.5 -51.5,282.5 -436.1,0 -436.1,0 -464.6,309.7 -318.2,1.3 -592.1,263.4 -928.3,154.7zm4443.2 2678.6c706.5,-359.2 1011.5,-442.5 1500.7,-153.2 71.3,42 105.1,101.5 91.5,183.6 -13.6,82.2 -53.9,138.8 -149.2,125.8 -261.8,-36 -477.3,-13.8 -568.4,304.2 -11.6,40.8 -287.7,5.4 -494.5,5.4 0,282.5 -124.9,559.2 101.1,839.3 63.7,78.9 22.1,243.4 28,368.7 5.8,116.3 -31.1,192.2 -167.2,186.6 -91.2,-4.2 -155.8,-52.9 -138.4,-134 61.9,-292.1 -123.8,-512.3 -219.1,-788.6l-645.7 0c-99.3,-191.7 -127.2,-344.7 30.9,-499.5 82.8,-81.7 103.3,-171.6 -15.3,-287.2 -280.8,-274 95.2,-479.1 116.8,-726.9 2.1,-19.6 135.6,-20.9 204.2,-43 288.4,-92.8 149.9,396.3 475.2,323.5 368.4,-82.6 95.5,317.7 -150.6,295.3 -509.1,-156.1 -591.3,-117.6 -570.2,9.1 8.3,48.8 -77.9,152.1 69.7,149.8 129,-2.4 247.8,1.1 236.1,-179.2 -5.2,-83.5 -49,-128.3 264.4,20.3zm53146.4 -28918.1l867.4 0c132.8,92.9 -34.4,292.6 88,399.5 104.4,91 238.9,34 414.8,29.4l0 -729.7c134,455.3 578,788.7 472.9,1286.9 184.8,164.3 415.7,-10.7 592.7,124.5 -67.5,136.5 -135.4,273.9 -208,420.6 -174.3,-361.1 -173.2,-360.2 -386.3,-92.2 -22.7,28.9 -67.6,39.9 -102.6,59.2 -33.8,-88.6 -67.5,-177.4 -122.5,-321.3 -162.2,278.6 -19.3,569.2 -110.2,799.1 -451,-119.7 -179.4,-535.9 -341.7,-766.8 -145.2,76.6 -37.9,297.7 -192.9,306.4 -122.6,7.1 -327.5,114.9 -364.6,-132.3 -29.9,-200.3 152,-146 250.9,-190.8 22.2,-9.7 37.2,-35.3 56.8,-54.9 -103.4,-55.1 -216.2,-98.3 -306.2,-169.5 -50.8,-40.5 64.1,-221.3 -117.3,-169.4 -35.4,10 -27.8,136.5 -61.3,198.1 -18.7,33.6 -79.5,51.2 -124.6,62.1 -90.4,21.7 -151.2,-30.7 -162.3,-110.4 -43.5,-307.9 94.8,-640.6 -143,-948.5zm-29814.6 -9191.7c-172.6,407.4 -245.2,443 -373.2,233.1 -46.8,-77.1 -8.3,-201.1 -160.5,-197.1 -210.4,5.8 -147.4,162.3 -154.3,275 -4,76.8 -11.2,143.9 -102,193.7 -176.6,-503.4 18.5,-976.1 103.9,-1453.4 22.5,-126.1 280.2,-137.7 283.7,-25.7 9.2,303.5 201.5,236.5 365.2,234.3 79.4,-1.1 173,-89.7 115.3,-145.6 -284.5,-278.1 24.7,-535.5 11.6,-801.6 -6.5,-142.2 -67.9,-305.7 61.6,-433.9 147.7,254.2 195.8,286.5 535.3,354.9 -79,211 -261.6,41.4 -390.7,115.3 -95.6,174.3 -62.8,367.6 -32.1,559.3 54.5,16.9 98.8,35 145.4,44.8 108.9,23.1 271,-66.6 293,137.1 14,128.3 -66.3,146.7 -176.1,181.2 -167.7,53 -377,210 -265.2,366.5 91.9,127.9 75.3,317.3 263.6,409.5 276.3,135.4 384.5,395.6 305,765.9 -259.6,-2.7 -593.3,-82.8 -684.4,306 -2,9.5 -103.3,12.4 -142.5,-9.6 -35.6,-19.9 -61.4,-75.9 -71.2,-120.5 -27.8,-122.7 94.8,-165.2 141.1,-248.5 86.2,-154.9 58.8,-428.3 -72.5,-740.7zm5501 48793.2l0 -541.6c105.5,-161.9 290.3,-20.5 415.3,-108.2 228.9,-213.1 -144.6,-276.4 -112.5,-456 30.7,-172.8 6.9,-354.9 6.9,-598.8 -256.9,0 -505.2,2.3 -754.1,-1.3 -128.9,-2.2 -173.7,56.1 -177,179.5 -4,147.3 -128,157.4 -218.2,125.1 -109.6,-39.9 -90.2,-144.7 -68.6,-251 78.4,-381.3 498.8,-465.9 664.9,-788.1 76.6,-148.3 346.8,6.7 559.9,185.5 292.8,245.5 536.2,500.3 708,852.5 76.6,156.5 -51.2,362 143.9,463.8 37.2,-37.5 73.5,-74 112.9,-113.1 107.3,-35.7 93.9,46.3 113.7,111.9 65.7,220 -187.6,343.6 -164,552.5 2.4,20.6 -73.3,64.5 -117.2,73.2 -248.9,47 -131.3,-223.8 -248.5,-293.4 -167.6,32 -26.6,383.4 -315,297.9 -220.9,-66 -216.6,112.8 -271.6,250.9 -46.1,117.5 -184.4,32.9 -278.8,58.7zm23215.9 -970.9c-203.7,97.9 -431.5,-87.8 -456.8,166.5 -26.8,260.8 -203.3,186.6 -332,177.5 -221.3,-15.2 -98.7,-323.3 -291.3,-378.1 45,-71.7 122.1,-63 190.6,-85.9 166.3,-55.5 165.5,-255 53,-272.3 -455.3,-69.9 -166.5,-391.9 -247.8,-599.6 339.1,-92 725.9,-94.7 860.4,-507.2 128.4,333.1 477.7,577.5 390.2,1002.3 -12,58.8 134.7,44.6 188.8,78.4 170.6,105.5 189.5,231.3 -30.4,301.2 -320.2,102 -139,294.4 -106.7,494.3 69.2,-131.3 100.9,-289 183.7,-323 94.2,-38.1 274.1,-83.9 348.5,50.1 67.9,122 -7.4,177.2 -142.6,259.6 -294.5,179.4 -323.9,511.4 -298.7,836.9 8,100.4 23.5,214.5 -121.9,230.5 -115,12.7 -165.2,-34.5 -195.6,-163 -34.3,-146.5 -80.7,-245.8 -12.1,-422.8 85.8,-220.7 20.7,-500.3 20.7,-845.4zm7203.9 8392.6c120.5,-103.7 8.3,-297.5 78,-350.7 279.4,-212.8 87.7,-389.2 -8.3,-576 -106.6,-207.9 -166.8,-217.1 -298.5,24.5 -64.2,117.4 -130.3,156.3 -223.8,127.6 -116.5,-35.2 -142.5,-181 -70.1,-237.8 132.6,-104.8 104.6,-272.7 209.4,-383.6 236.1,-249.8 -75.4,-446.9 -90.6,-668.9 176.8,-207.2 389.4,-23.1 551.8,-112.4 147.1,247.4 138,549.1 442.4,637.5 72.4,20.9 119.5,74.5 28.5,146.7 -148.3,117.6 -75,283.7 -80.8,428.2 -11.2,256.9 -8.9,515.1 -1.6,771.9 6.9,250.7 -477.8,211 -318.4,556.8 23.8,52.3 -70.8,110.3 -161,107.3 -734,-23.8 -734.1,-22.4 -820,611.4 -219.5,-163.4 18.9,-441 -161.4,-602.2 -29.8,32 -86.6,65.7 -84.2,95.3 19.6,262.9 -169.2,191 -310.1,205 -95.8,9.2 -142.5,-40.1 -157.2,-120.7 -27.9,-155.6 105.5,-222.8 195.5,-300.7 47.8,-41.2 147.1,-58.1 209.9,-39.9 310,91.5 332.9,-186.8 478,-326.9 95.8,-92.6 -93.5,-299 197.3,-315.7 291.7,-17.1 301.3,171.3 395.2,323.3zm-12156.6 -26461.1c170.8,-654.1 279.9,-752.7 866,-773.2 123.8,-4.3 248.2,-0.7 372,-0.7l0 1000.6c315.1,182.4 707.1,283 774.2,729.4 12.9,83.1 53.6,138.3 148.7,127.1 209.9,-24.5 397,157.9 613.8,66.2 83.1,330.6 -260.9,595.1 -148.9,933.5 4.7,14.7 -91.7,87.8 -105.3,79.3 -251,-163.6 -374.8,279 -626.4,126.5 43,-300.6 352.3,-513.9 276.2,-853.9 -22.8,-100.8 -8.7,-199.5 -159.3,-199 -151.8,0 -144.9,97.9 -157.4,201 -4.9,37 -53.6,68.6 -93.3,116.7 -34.3,-98.4 -65.8,-187.7 -99.9,-285.9 -160.8,-9.1 -81.8,124.7 -115.8,190.6 -54.1,106.7 -161.7,124.7 -249.4,61.9 -98,-69.9 -90.8,-173.7 -2,-258.1 87.8,-84.6 155.6,-181.2 309.5,-188.3 117.6,-5.1 114.9,-135.6 79.7,-251.4 -224.9,-106.7 -485.6,-11.1 -773.7,-70.6l0 -1085c-597.4,328.7 -597.4,328.7 -908.7,333.3zm9824.8 -31874.1c117.6,209.2 282.1,427.5 75,643 -291.9,302.8 4.7,750.8 -298.5,1042.9 -53.3,51.6 26.2,151.8 104.8,156.3 65.3,3.3 190.4,-46.3 190,-71.7 -1.6,-152.5 31.8,-259 209,-229.3 134,22.2 96.4,148.2 124.2,236.9 10.1,32.7 83.6,41.4 120.5,71 206.4,164.3 221.1,196.2 20.3,296.5 -111.8,55.5 -145.9,96.2 -159.7,205.1 -6.6,51.9 -107.1,177.9 -117.3,55.9 -29.8,-340.7 -256.7,-248.9 -439.1,-245.4 -167.6,3.4 -167,-95 -228.9,-214.8 -89.9,-175.3 -327,-156.1 -435.5,63 -124.4,252.3 -347.3,187.7 -414.6,103.1 -100.2,-125.6 -145.1,-278.5 -333.5,-314.4 -19.1,-3.3 -46.1,-165 -14.5,-194.1 110.3,-101.4 361.8,-70.2 286.4,-336.3 -78.9,-278.3 316.1,-109.9 308.1,-322.3 -4.7,-123 45,-197.1 174.4,-179.5 308.6,42.9 350,-412.1 703.5,-354.7 135.4,22.3 -50.5,-289 125.4,-411.2zm-2086.2 32957.4c-271.5,-33.5 -411.7,103.9 -464.5,356 -28.7,137.6 71.3,300.6 -132.2,453.9 -16.3,-386 14.8,-787.9 -470.8,-885.2 -32.2,-6.3 -31.8,-168.5 -102.6,-253 -118.7,-141.8 -119.5,-433.9 -335.8,-429 -222.1,4.7 -444.1,133.6 -657.4,228.2 -27.7,12.5 -3.4,143.4 -3.4,219.4 -240.5,-15.2 -135.6,-447.8 -452.6,-371.5 64.5,-231.9 517.4,93.4 452.6,-318.3 193.7,-55.5 308.4,-175.7 375,-373 57.6,-171.9 139.8,-326.4 363.1,-389.9 138.7,-38.9 -107.1,-369.5 190.6,-404 -48.3,354.8 216.7,454.2 525.5,530.7 -224.9,330.2 -268.8,640 -186.6,976.1 239.8,68.2 475.4,97.3 744.7,-164.1 -67.2,339.1 178.4,542.5 154.4,823.7zm-41627.1 10463.3c-62.7,-98.2 -144.7,-76.8 -214.1,-96.9 -141.9,-42.3 -405.7,146.9 -404.4,-170.1 0.7,-214.4 320.9,-97.3 377.4,-288.4 292.4,41.7 607.9,-108.8 879.1,102.2 134.2,104.2 125.1,-110.6 271.6,-74.7l0 694.2c99.7,25.8 147.6,33.8 191.9,50.7 144.5,54.2 384.1,-143.3 435.7,144.8 43,240 -211.9,145.8 -314.3,233.1 -219.8,188.3 -115,422.3 -153.9,634.7 -72.6,104.1 -182.3,65.5 -278.8,68.9 -175.4,6.4 -348.7,39.4 -363.3,-243.9 -4,-80.5 -97.3,-210.3 -153.4,-314.1 -82.4,-152.5 -205.1,-267.4 -387.7,-67.5 -46.3,50.1 -193.2,7.6 -299,7.6 -87,-372.3 423.5,-384.7 413.2,-680.6zm24137.8 -18029.1c-204.7,13.9 -399.5,-152.9 -469.9,147.2 -61.6,262.7 -297.7,183.5 -410.7,92 -102.9,-84 -85.5,-390.8 21.8,-384.3 331.9,20.5 311,-297.1 346.6,-403.3 76.8,-228.9 181.9,-261.4 373,-243.7 220.4,20.6 63.6,-269.5 265.2,-301.7l0 982.7c248.9,183.3 519,28.8 765.7,125 120.4,202.6 -81.7,506 201.5,681.3 243.8,150.9 127.8,405.2 131.3,620.7 -296.6,163.9 -443.9,20 -535.7,-241.3 -159.6,325.5 -123.1,270.2 -390.1,95.7 -240.7,-156.8 -342.9,-293.9 -303.4,-570.5 25.4,-176.9 4.7,-360 4.7,-599.8zm-36836 -23852.9l-728.4 0c-120.9,-335.1 -1.3,-596.7 289.5,-764.6 115.1,-66.6 154.5,-134.4 124.9,-226.9 -81.5,-257.1 -206.2,-503.2 -150.5,-785.7 -289.7,-98.6 -403.2,-570.6 -889.7,-329.8 -50.6,118.1 -129.1,312.2 -216.6,502.1 -41.7,90.6 -140.6,70.8 -204.4,51.2 -77.7,-24 -118.1,-133.8 -76.9,-186.5 136.5,-172.4 155.2,-420.4 351.2,-549.3 133.6,-87.7 109.3,-216.2 108,-341.6 292.7,-36.2 80.8,-293 196.5,-432.1 125.6,-67.9 142.3,151.2 281.3,132.5 137.3,-18.5 413.2,-69.1 410.5,47.8 -8.2,310.8 458.7,207.7 390.6,521.9 -10.9,50.5 141.3,56.1 71.6,161.6 -167.1,250.5 -191,495.2 37.7,730.6 25.4,26.9 24,110.8 1.8,147.1 -274.6,442.9 116.9,881.5 2.9,1321.7zm13265.1 20418.1c2.5,189.5 210.9,403.4 -134.9,475.3 -83.1,17.6 -150.3,56.8 -126.7,147.2 68.4,264.3 -153.8,462.3 -153.8,705.8 0.4,151.2 -24.5,252.5 -202.4,230.5 -182.8,-22.3 -282.4,27.6 -279.9,239.5 0.9,73.5 -120.2,85.5 -192.6,67.1 -78.2,-19.6 -109.3,-84.6 -104.4,-171.2 7.3,-127.8 -12.5,-258.1 5.1,-384.3 27.4,-193.6 -165.5,-281.1 -195,-463.6 -26.6,-165 -287.1,28.3 -400,-109.3 122.1,-465.2 119.2,-560.9 -31.6,-949.9 171.5,-148.2 372.8,-66.8 564.5,-71 2,205.7 244.6,310.8 214.1,528.6 -21.8,151.6 33.5,284.5 194.4,221.5 148.8,-58.3 379,-207.5 239.1,-380.9 -156.3,-193.8 -109.7,-377.2 -120.2,-569.8 -4.6,-78.6 52.3,-126 149.2,-126.7 96.2,0 149.6,44.3 153.2,124 9.1,204.6 3.3,410.2 2.9,615.4 -0.2,109.6 14.4,197.5 159.8,195.1 151.2,-2.2 141,-102.5 153.7,-204.7 4.4,-34.9 54.7,-63.9 105.5,-118.6zm-13858.5 36689.3l-719.4 0c-160.7,155.8 16.7,390.5 -187.5,500.2 -106.2,57.5 22.9,269.4 -180.1,279.3 -196.1,10.2 -145.2,-148.3 -198.6,-246.3 -55.2,-101.8 -242,-96.7 -243.6,-18.1 -6.9,314.2 -478.5,238.7 -410.6,585.4 -188.8,-377.2 -190.6,-407 -95.7,-1024.8 149.6,-147 339.3,-39.3 506.8,-72.9 167.2,-33.4 409.2,124.1 452.6,-235.8 11.4,-94.6 355.1,-115.5 285.5,-406.3 -33,-136.2 316.6,-377.6 63.6,-407.7 -312.1,-36.5 -215.5,-270.5 -321.9,-385.8 -127.2,-137.6 17.6,-374.7 241.3,-413.7 126.5,-22.1 250.5,-52.8 333.6,175.9 189.6,520.5 280.7,1063.6 474,1670.6zm42537 -14235.3c22.7,109.7 -75.3,281.7 121.8,305.2 177.6,20.7 360,-3.8 539.2,8.1 78.8,4.9 120.5,68.3 115.2,160.5 -5.4,93 -47.9,140.9 -133.7,144 -149.3,4.9 -298.5,1.1 -467.7,1.1l0 763.5 753 0c-174.2,433.1 -577.4,643.1 -675.5,1059.2 -18.3,78.1 -242.1,43.9 -238.8,-41.6 7.8,-215.8 -368.6,-420.8 -19.8,-652.7 46.3,-30.9 6.3,-191.9 6.3,-281.8 -346.5,-239.8 -618.1,112 -928.5,82.2 0,-200 21.4,-403.1 -6.4,-599 -27.4,-193.9 107.7,-309.3 154.9,-463.5 21.9,-71.8 52.8,-186.9 95.3,-167.9 359.2,160.1 359.2,-430.7 684.7,-317.3zm-39647.7 -1573.5c17.9,298.8 25.7,519.5 221.3,710.7 -217.2,36.7 -434.3,309.3 -513.4,-126.2 -28.5,-158.5 -212,-87.5 -328.4,-91.8 -156.7,-5.8 -232.4,-15.6 -307.3,-217.1 -79.7,-215.7 -336.1,-117.5 -497.1,198.2 -192.6,-215.7 -226.2,-496.3 -318.7,-749.7 -86.8,-239.3 -327,-435.3 -208.6,-780.4 206,87.1 53.5,436.5 351.2,403.5 221,1.8 194.8,-242.7 304.3,-405 166.6,0 343.8,-2.2 520.4,0.9 119.5,1.8 146,-57.7 192.3,-167 123.8,-293.9 372.1,-108.5 571.3,-98.2 15.2,1.1 36.6,86.4 36.1,131.8 -1.3,86.4 -77.7,97.1 -136.5,139.4 -265.1,190.6 -420.6,290.6 -590.2,305.9 -90.2,229.4 -34.7,476 -37.4,745l740.7 0zm10085.1 -40611.3c207.5,-68.5 413.6,-68.5 620,-68.5 -71.4,373.3 195.7,635.6 313.5,939.6 -171.6,284 -635.2,212.4 -704.7,604 -225.3,-255.1 68.2,-447.7 87.8,-661.3 -138.5,-283.4 -485.6,71.9 -637.2,-246.7 -102.3,-214.8 -120.1,-377.6 61.8,-547.2 -336.4,-173 -652.1,-17.2 -934.7,-119.8 -224.6,-430 164.6,-685.8 310.6,-991.1 82,-171.4 377.9,-24.7 574.1,-60.7 -59.5,284.5 96.1,518.3 218.4,741 65.4,118.9 91.2,219.7 90.4,410.7 -34.8,33.4 74.5,-87.3 -70.8,-63.9 -32.3,5.2 -79.7,68.2 -77.8,102.2 3.4,63.7 37.5,126.5 59,189.7 72.6,-25.3 101.4,-76.8 89.6,-228zm50860.4 22730.4c-36.3,15.1 -66.8,33.1 -88.9,54 -39.2,37.5 16.9,151.7 -94.8,199.5 -115.2,-170.5 -55.7,-364.2 -49.2,-550.4 45.4,-20.6 88.4,-55.6 132,-57.2l100.9 -2.2 0 356.3zm-34338.6 -23579.8c84.2,-277.6 137.6,-515.4 332.7,-598 156.3,-65.3 215.7,-134.3 149.8,-256.7 -72.1,-134.8 -334.4,-72.4 -337,-62.6 -79.6,284.3 -330.7,285 -541.3,365.4 -68.6,26.4 3.1,193.9 -124.1,247.8 -204.1,-584.9 10.5,-1103.1 252.3,-1615.4 58.3,-123.8 284.6,-123.5 294.1,-2.8 11.8,148.4 149.2,217 159,320.6 34.8,374.2 269.4,177.2 432.6,193 89.8,-267.4 60.2,-510.8 -120.2,-733.9 275,-54.9 407.4,89.8 443.8,206.2 71.2,226.2 -18.5,497 181.4,695.8 -182.4,182.6 -115.3,454.6 -252.9,668 -137.8,213.3 -245.4,462.4 -229.3,811.5 -190.2,-300.3 -409.5,-215 -640.9,-238.9zm-38498.7 2589c275.7,-25.4 491.9,216.2 782.9,160.6 225.3,-43.2 76.1,263.1 240.6,305.2 127.2,32.7 350.9,-106.2 360.3,136.7 9.8,245.1 277,107.6 306.3,245.6 23.9,112.9 78.7,274.1 -40.5,354.2 -111.3,74 -234.4,50.8 -278.5,264.5 -54.1,258.8 -485.2,-127.5 -603.9,243.2 -106.6,332.2 -387.6,25.6 -665,276.3 136,-601.6 620.7,-1012 125.6,-1495.1 -140.3,121.3 -124.7,452.4 -473.2,435 -144.3,-231.5 -22.7,-514 -64.3,-771.4 117.5,-23.2 296.3,76.5 309.7,-154.8zm52858.9 -4482c-106.6,197.8 -274.7,151.7 -399.2,206.2 -383.2,166.8 -448,-264.3 -698.9,-352.7 -163.7,-57.6 182.4,-162.3 84.6,-276.3 -224.6,-261.6 -119.1,-573.5 -162.5,-877.5 -226.3,-132.4 -499,29 -728.6,-93 -176.5,-240.3 280.6,-300.8 68.8,-551.7l920.1 0c157.4,255.3 273.6,545 197.2,900.6l551.3 0c48.8,46.9 86,68.3 83.1,81.7 -84.2,385.9 142.9,736.5 84.1,962.7 -81.3,-220.8 -81.3,-243.5 -81.3,-266.7 -40,14.3 -84.1,22.5 -119.3,44.7 -40.5,25.6 -30.7,72 28.9,90.7 21.4,6.9 60,-42.5 171.7,131.3zm-6267.7 -885.7c178.9,0 308.2,20 429.3,-4 355.4,-70.3 372.7,372.9 649.7,413.7 -58.3,238.3 43.9,351.1 273.9,421 81.3,25.4 59.2,213.6 -42.5,244.3 -385.2,117.3 -394.3,429.9 -385,736.1 -184.8,28 -247.4,-188 -408.4,-128.5 -19.3,-43.2 -45.8,-85 -56.1,-130 -64.3,-283.5 142.6,-615.6 -154.2,-857.5 18,-18.4 34.9,-37.4 54.5,-54.5 108.4,-95.1 173.5,-243.1 29.2,-302.4 -116.7,-48.5 -322.6,-150.2 -410.1,143.7 -59.3,198.8 -270.6,184.1 -272.1,27.1 -2.3,-280.5 -330.9,-121.4 -330,-319 2.2,-406.8 12.4,-813.4 27.8,-1220 0.5,-19.3 87.5,-57.2 124.7,-48.1 52.6,12.9 102.2,-43.4 166.6,65 280.7,470.5 296.1,461.4 302.7,1013.1zm-46455.4 31950.1c-6,134.5 30.3,235.4 93.8,355.2 145.3,274.5 97,343.1 -228.1,421.4 -116.4,27.7 -233.3,87.5 -168.7,174.6 218.8,295.5 -155.2,586.3 56.5,920.9l578.9 0c-162,511.4 -322.8,953.6 -596.9,1433.9 -41.9,-457.3 -57.2,-880.6 -203.4,-1269l0 -1348.8c26.5,-35.6 33.8,-85.6 6.3,-162.5l-6.3 -19.2 0 -111.7c44.7,-84.4 215.7,-54.4 278.2,-124.9 71.1,-79.9 -8.5,-268.3 189.7,-269.9zm35771.7 -5329.1c51.7,-298 51.7,-298 618.8,-280.1 0,297.4 -10.3,599.4 3.8,900.1 9.3,198.7 189.6,266.6 409.4,141.6 142.1,340.1 -113.7,749.3 257.6,974.2 -189.7,178.8 -326.2,87.9 -502.1,148.7 65.9,398.5 -137.6,771.5 -217.3,1350.2 -114.4,-463 -305.4,-726.3 -263.4,-1067.4 36.8,-298.8 -147.1,-554.4 -180.8,-853.5 -62.5,-556.2 -122.2,-549.3 182.9,-1028.8 47.6,-74.8 88.6,-154.1 132.6,-231.4 -138.9,-101.7 -295.6,-33.4 -441.5,-53.6zm-1057.3 6650.8c82.6,-21.4 256,80.6 279.1,-117.4 25.4,-218.6 76.2,-429.2 123.9,-637.2 44.5,-194.4 229.3,-334.9 191.4,-541.3 -104.2,-203.7 -356,11.9 -472.9,-184.8 -97,-193.7 198.6,-242.8 182.2,-461.5 -18.7,-243.1 382.5,-324.9 417.6,-117.3 61.5,366.9 352.9,101 490.5,296.5 0,207.5 -5.7,460.5 2.3,712.7 4.4,134.7 -29.4,233.8 -127.6,335.3 -342.9,355.2 -337.8,360.3 -338.4,692.3 -1.2,355.3 -0.5,711.1 -0.5,1081.2 -326.4,-122.2 -37.2,-404.8 -195.3,-552.7 -36,-38 -103.2,-26.6 -103.5,34.6 -2.7,357.8 -238.9,228.6 -448.8,214.1l0 -754.5zm1831.9 16564.2c-72.5,-151 183.9,-438.4 -197,-466.5 -78.6,-5.7 -121.6,-67.2 -115.6,-160 8.3,-127.8 -14,-258.5 5.6,-383.7 35.9,-227.8 -40.5,-395.9 -223.6,-524.6 -63.2,311.7 -527.9,-48.9 -556.6,334.3 -10.4,140.4 -138.7,143.3 -228.2,107.3 -44.5,-17.6 -86.6,-175.7 -73.9,-183.9 449.8,-291.9 250.9,-774.9 323,-1183l542.7 0c142.4,358.2 369.5,674.4 410.5,1070.9 225.4,-110.6 7.2,-358.4 186.4,-463.5 167.7,101.8 17.8,287.4 118.4,422.8 119.4,98.4 197.1,-1.8 310.8,-65.5 162.4,-91.4 408.4,72.2 424.9,251.7 13.5,143.4 -81.5,170.7 -191.3,160 -363.8,-34.5 -330.8,303.5 -412.5,485.9 -86.4,193.4 254.4,58.1 282.1,228 -304.6,68.8 -383.9,117.5 -605.7,369.8zm5751.3 -32965.6c-10.2,-194.8 -87.2,-460.5 59.3,-441.6 310.6,40.4 161,-456 481.8,-339 113.8,41.3 255.6,5.7 384.3,6.9 154.7,1.7 208.4,-60.8 313.7,-202.4 175.3,-235.4 515.5,-359.4 878.2,-221.4 -100.3,232 -143.7,468.7 -513.7,448.2 -119.1,-6.7 -110.2,341.4 -375.2,506.8 397.4,102.4 671.3,171.9 945.4,242.5 79.7,20.5 119.6,58.7 127.1,154.5 10.9,134.5 -25.3,171.9 -159.6,157.8 -239.6,-25.3 -125.3,224.2 -234.5,322.7 -275.6,248.5 -426.5,221.9 -531.6,-165.7 -30.6,-113.6 -117.8,-157.4 -161.9,-242.9 -123.8,-243.8 -149,-249.8 -464,-229.6 -230.7,15.2 -463.6,3.2 -749.3,3.2zm12853.7 34108.9c-246.6,-131.8 -137.6,-458 -431,-368.5 -291.4,88.4 -150.9,-273.6 -320.8,-309 -168.4,-35.2 -345.4,60.5 -513.9,-65.1 -174.8,-129.8 -158.8,-296.1 -163.9,-476.4 -5.3,-215.1 144.5,-396.5 288.3,-370.9 395.7,71.2 472,-320.4 462,-435.3 -38.5,-441.8 252.8,-809.4 194.9,-1226 429.2,-273.8 467.5,290.4 749.8,332.9 33.2,4.9 31.5,216.2 -97.5,222.6 -374.3,18.1 -307.2,411.5 -510.7,569.6 41.4,472.2 -317.7,905.7 -103.3,1402.7 129.6,6.7 253.5,-211.7 462.4,-5.3 288.4,284.9 -172.3,442.4 -16.3,728.7zm-49792.3 -5875.8c228.7,0 464,-32.5 684.9,8 295.2,54.6 187.9,-237.7 319.3,-315.3 89.7,152.8 95.7,412.6 388.7,307.3 7,506.8 -353.8,679.6 -773.7,834.3l0 808c-71.9,26.7 -123.6,67.3 -160.3,56.5 -268.1,-80.5 -507.8,376.8 -748.5,81.3 -184.2,-226.7 211.3,-435.3 190.1,-846.5 -41.6,-123.4 -61.9,-68.1 -55.9,5.8 3.6,47.8 -12.5,132.7 2.9,137.8 83.3,30.1 138.9,-30.9 147.4,-101.1 8,-61.7 -24.7,-128.9 -94.4,-42.5 -296.1,-239.4 -279,-361.8 53.4,-655.5 89.3,-79.3 28.5,-185.9 46.1,-278.1zm14307.6 -19542.4c63,622.3 -427.7,828.3 -753.2,1158.9 57.9,114.3 502.1,9.4 228.5,351.1 -69.7,86.9 -137,189.3 -61.3,261.2 354,338 -60.8,552.6 -83.9,861 -185,-206.8 -12.9,-437.1 -149.6,-624.3 -182.4,-16.5 -375.4,-34.1 -625.9,-56.8 91.9,-80.3 133.6,-110.4 167,-147.6 80.3,-89.5 85,-195 -14.9,-258 -87.6,-55 -178.8,-29 -248.5,75.4 -173,259.2 -178.4,255.7 -411.7,382.5 -192.4,-439.9 312.4,-794.2 65.4,-1233.2 296.8,69 145.2,247.3 200.4,368.2 105.4,151.4 272.6,55.1 413.7,73.1 102.9,13.6 209.8,1.3 199.5,-151.6 -18,-263.7 199.5,-438.2 260.7,-661.6 115.2,-420.3 389.3,-473.3 813.8,-398.3zm26128.2 -19363.5c-122.6,258.7 -266,406.7 -587.8,236.2 21.6,-223.3 230.9,-413.1 162.2,-684.2l1081.4 0c0,273.2 -16.8,572.8 5.5,868.7 19,249.4 -217.5,145.2 -325.1,287.7 360.7,134.9 740.1,-12.7 1075.7,97.1 46.3,432.8 -383.6,610.5 -462.2,970.3 -29.9,137.4 -234.5,95.8 -340,65.7 -159.5,-45.2 -104.9,-157.9 -53.2,-291.4 75.6,-196 -93.6,-433.6 -289.1,-473.4 -153.8,-31 -392.3,-331.1 -315,-441.5 154.7,-222 35.9,-421.5 47.6,-635.2zm23106.9 6709.6l0 837.4c318.4,-24.1 545.7,265.3 868.3,166.3 112.2,-143.4 -150.1,-155.5 -110.9,-293.3 24.1,-85 49.2,-135.3 129.2,-151.2 79.5,-15.3 178.3,12.8 182.3,86.2 14.3,281.2 28.1,565.6 -1.3,843.9 -23.2,223.3 -258.3,250.4 -410.8,360.2 -160.8,116.3 53.6,392.5 -116.9,556 -14,13.6 -47.7,5.8 -71.9,9.8 -89.5,15.3 -155.7,-30.8 -163.2,-108.7 -13.8,-150 -3.8,-301.7 -3.8,-504.3l-1203.9 0c292.6,-217.7 486.7,-134.7 656.8,-165.4 33.6,-6.2 69,-70.4 79.8,-113.3 19.3,-77.1 -6.9,-177 -81.1,-185.5 -171.2,-19.6 -346,-6.3 -520.3,-6.3 -62.4,-373.5 323.3,-449.9 359.3,-741.8 27.8,-225.8 209.3,-432.6 322.6,-647.7 28.6,18.9 57.1,38.5 85.8,57.7zm-26670.4 24081.8c265.8,-490.8 613.4,-720.3 873.5,-784.2 374.5,-92 403.6,355.3 685.7,370 -30.7,269.5 209.1,369.4 321.1,548.4 76.1,122.1 190.1,260.3 188.4,463.1 -2.7,265.9 -254.1,142.8 -347.6,305.3 -153.2,265.6 -356,605.6 -787.3,491.8 -79,-20.7 -140,-61.4 -117.8,-156 10.3,-45.3 28.3,-120 54.8,-125.8 151.2,-33.6 293.2,-47 258.3,-271.2 -23.8,-148.8 -34.7,-315.8 10.9,-454.5 34.9,-104.4 189,-168.1 97.5,-380.7 -219.7,76.1 -607.6,-302.6 -605,379.8 -204.8,-368 -204.8,-368 -632.5,-386zm5922.1 6502.3c73.3,-216.2 -195.5,-335.6 -141.6,-603.8 161.6,57.6 402.3,-222.7 468.4,215 20.8,138.3 261.7,106 393.9,46.1 110.7,-49.8 33.7,-182.8 53.2,-276.3 97.3,-18 148.5,41.7 151.9,121.8 8.9,201.3 2.7,403.2 2.7,559.7 131.5,202.2 441.9,-76.1 490.9,295.5 18.1,140.5 73.2,492.1 470.2,434 268.3,-39.2 0.9,319.7 200.4,435.3 108.7,-347.6 364.1,-352.3 701.2,-249.4 -43.2,414.6 -420.6,620.3 -608.3,936.5 -98.7,166.1 -270.1,86.8 -467.6,88.3 225.6,-344.4 110.5,-697.1 149.8,-1048 -209.7,0.5 -426.1,-164.3 -467.7,132.9 -29,207.6 -172.4,138.1 -283.9,149.2 -189.9,19.2 -206.6,-110.9 -181.7,-243.5 28.9,-155.3 -123.8,-210.5 -154.1,-322.7 -153.6,-560.4 -225.1,-627.4 -777.7,-670.6zm-7119.7 -36526.3l1003.7 0c203.9,165 -41.6,450 163.9,624.8 179.9,-217.1 -87.1,-592.7 313.4,-747.5 151.2,78.4 255.7,211.3 221.4,432 -94.2,-17.6 -142.8,39.9 -151.5,116.9 -11.5,104.6 6.1,203.7 151.5,192.6 -67.7,154.1 184.5,437.3 -197.7,468.4 -136.3,11 -112.7,139.9 -111.6,238.7 0.6,153.2 0,306.8 0,456.2 -120.9,173.7 -507.6,-75.7 -486.5,321.8 4.4,77.4 -128.5,77 -196.1,58.1 -78,-21.8 -129.4,-120.9 -86.7,-178.8 267.7,-367.2 99.1,-773.5 161.9,-1181.4 -584.9,13.6 -730.7,-353.1 -785.7,-801.8zm-21195 22695.6c44.8,-340.6 -137.5,-728.1 128.3,-1110.6 51.9,-74.1 156.5,-379 -175.7,-384.7 -39.2,-0.9 -114,-58.1 -110.9,-79.7 74,-489.7 -298.8,-873.3 -313.5,-1340 -1.1,-22.4 12.7,-45.2 21.2,-73.6 160.7,-106.5 343.8,-27.9 515.9,-51.3 26.9,39.5 69.9,76.2 78.2,119.8 44.5,238.5 -122.5,545.7 146.4,703.8 187.1,110.2 295.5,266.5 436.5,409.2 246,248.5 307.4,569.2 21.5,691 -360.7,153.8 -393,456.8 -255.4,631 260.6,331.3 14.3,339.1 -168.5,448.2 -87.9,53.1 -152.3,134 -324,36.9zm12837.5 -11397.3c-4.5,-267.4 48.7,-546.2 -154.8,-774 51.1,0 114.9,19.8 152.1,-3.1 497.7,-301.4 496.8,-302.8 880.4,-301.5 62.6,641.3 625,388.8 1008.6,498.4 -128.2,302.1 -219.7,573.7 -358.5,818.8 -65.6,115.6 -165.4,256.3 -362.4,230.5 -171.7,-22.7 -348.3,-4.7 -520.8,-4.7 -18.3,-169.9 -31.4,-291.6 -45.4,-423.5 -195.7,-93 -402.1,-13.6 -599.2,-40.9zm10060.3 38538.4l892.2 0c26.3,250.6 120.4,493.6 237.5,757.6l794.9 0c176.3,239 154.8,548.7 489.8,682.2 180.4,72.4 38.3,837.6 -157.6,1017.8 -28.9,27.1 -100.2,28.3 -143,14.5 -40.2,-13 -83,-56.2 -98.3,-96.2 -16.7,-45 -1.6,-101.1 -4,-152.3 -14.3,-295.5 114.6,-648.2 -309.3,-781.8 14.2,-216.8 40.1,-413.7 -304,-369.1 -195.2,25.8 -299.4,42.9 -355.8,264 -31.1,120.7 -352.2,65.9 -422.3,-68.1 -168.5,-321.9 -222,-715.6 -613.6,-898.1 -49.2,-23 -6.5,-242.1 -6.5,-370.5zm20587.5 -52158.5c-75.7,-6.5 -142.9,10.3 -127.6,100.7 4.3,24.2 78.2,44.5 122.5,52.3 74.3,12.7 142.1,-8.5 126.5,-99.3 -4.1,-24.3 -79.1,-36.3 -121.4,-53.7zm-729.6 124.3c-167.5,-254.5 138,-615.7 -209.3,-815.8 282.8,-252.3 467.3,92.4 685.1,80.6 201,-115 -10,-362.1 177.9,-467.6 74.8,49.2 73.9,124.4 73.5,201 -0.3,123.2 -29,267 171.4,258.5 148.7,-6.6 138.1,-114.2 138,-215.9 -0.6,-174.1 -0.4,-347.8 -0.4,-527 206.9,-9 113.1,140.2 158.3,190.3 380.1,417.3 393.6,480.1 151.6,951.9 -334.8,651.4 -334.8,651.4 -181.4,1279.3 -171,-19.6 -394.4,189.7 -448.5,-184.3 -21.8,-153.5 -163.4,-288.2 -244.4,-434.9 -142.3,-258.9 -140.1,-260 -471.8,-316.1zm-32273.2 47984.8l0 1069.1c-506.1,92.5 -515.4,108.1 -433.7,592.3 12.2,70.2 27.1,164.5 -59.9,202.4 -96.7,42.5 -174.6,20.7 -250.3,-76.4 -224.4,-287 -398.3,-290.3 -615.8,-31.1 -2.2,2.9 -154.3,560.1 -155,563.1 -17.6,115.9 62.4,273.1 -94.4,332.4 -147.2,55.6 -236.4,-73.9 -307.3,-171.9 -90.6,-124.5 -91,-307.5 -319.3,-326.9 -89,-7.6 -73.7,-244.4 2.7,-236 425.8,44.8 107.1,-436.1 386.3,-507 261.6,-66.1 228.5,-382.9 397.2,-594.2 78,-97.3 408,-42.8 627.7,-9.4 222.2,33.9 373.4,-89.5 553.3,-160 282.7,-110.7 83.3,-348.5 149,-514 14.9,-37.4 56.7,-64.3 119.5,-132.4zm21082.5 -284.1c0,77 -4.7,220.9 0.7,221.7 276.2,18.5 340.1,269.7 410.5,442.4 81.7,198.4 53,441.8 73,674.7 103.8,144 312.2,-39.6 407.5,102.9 73.7,109.7 26.7,324.1 268.7,265.6 7.2,-2.2 31.2,66.8 47,103.1 -223.3,15.8 -255.2,247.1 -390.1,339.3 -86.1,59 -345.3,121.8 -367.4,-202.6 -14.2,-213.6 -592.2,81.2 -449.9,-398.4 -163.2,-168.7 -128.5,-409 -222.2,-641.7 -313.3,128.8 -650,185.7 -861.3,485.7 -108.1,-409.5 241.4,-672.5 336.5,-1018.5 45.4,-164 307.9,25.4 401.4,-115.1 73.3,-111.5 29,-322.6 268.7,-260.2 23.9,6.2 51.1,1.1 76.9,1.1zm-10532.6 -7429.3c148.3,0 246.3,-7.3 343.3,2.1 110.7,10.2 269,-63.7 284.4,144 14.9,204.2 -163.2,136.3 -256.3,188.8 -21.2,11.2 -35.4,35 -52.3,52.6 48.7,71.4 120.5,79.4 198.8,77.7 97.5,-2.3 225.1,-30.3 258.7,89.5 43,153.2 -35.6,237.5 -203.9,221.1 -18.9,-2 -39.7,25.8 -61.3,35.6 -306.3,141.8 536.6,545.7 -114,568.6 -442.4,15.2 -111.9,423.8 -359.3,556.7 -144.7,77.7 61.9,312.4 171,337.7 339.7,78.4 323.9,364.1 442.9,565.6 -155.9,156.1 -301.8,102.9 -445.3,67.6 87,-313.7 -447.1,-192.3 -362.5,-534.3 50.7,-204.4 -124.3,-302.6 -260.1,-151.4 -210.4,234 -276.1,-30.5 -291.7,-89.3 -63.7,-239.6 -213.9,-501.6 205.1,-638.1 216,-70.6 317.3,-367 493.6,-545.5 95.1,-96.4 353.8,-346.9 33.8,-561.1 -50.3,-33.2 -15.5,-192.4 -24.9,-387.9zm4806.6 -6706c-610.7,70.8 -621.4,65.5 -919.7,669.7 -55,111.4 -93.8,166.6 -201.8,152.5 -140.2,-18.6 -143.8,-141.1 -113.5,-231.5 99.7,-293.5 -314.4,-514.3 -139.6,-770.6 152.3,-222.7 201.5,-488.7 366.7,-696 127.1,-159.6 133.8,-318.8 -4.3,-470 -199.6,-217.8 11.8,-321.8 131.2,-419.9 102.2,-83.6 232.9,-83.3 262.3,107.5 52.3,338.9 106.9,675.9 519.2,784 119.8,31.6 145.6,189.6 77.5,236.4 -315.9,217.5 32.9,387.4 22,637.9zm-29866.5 11533.4c183.7,-31.7 398.3,-30.5 409.5,-77.1 49.6,-212.2 351.7,-425.9 189.7,-600.2 -313.7,-337.8 45.2,-489.9 126.4,-721.9 -25.6,617.2 185.7,1244.9 -107.8,1848.7 -28.9,60.3 -12.8,212.4 6.5,216.7 444.7,102.3 283.2,452.6 295.5,721.1 14.4,308.2 22.9,619.7 -5.2,926.2 -13.3,144.3 -138.2,251.2 -302.8,290.6 -226,54.5 -350.4,-52.1 -307.6,-281 35.6,-189.2 229.3,-324.4 161.8,-556.2 -34.9,-119.7 6.5,-255.6 -188.1,-253.1 -48.1,0.9 -148.8,6.4 -83.7,-125.6 127.1,-258 264.2,-499.9 -146.6,-702.9 -156,-77.5 -39.3,-425 -47.6,-685.3zm3118.7 10215.2c-48.3,-339.1 -291.3,-516.5 -177.9,-746.5 129.3,-260.5 -257,-380.1 -138.9,-622.6 136.9,-101.9 297,-20.2 439,-56.1 333.8,-83.7 333.3,347.2 601.2,384.3 56.8,7.4 25.4,180.8 -66.8,247.9 -179.5,131.1 -265.4,295.8 -223.1,524.3 25.8,138.3 -2.7,241.1 -187.9,244 -141.8,1.6 -104.9,132 -122.7,227.8 -60.8,323.7 -165.4,616.7 -591.1,539.9 -290.6,-52.5 -118.9,474.3 -454.9,354.1 -130.7,206.8 -196.8,15.3 -270.1,-51.1 -112.5,-102.1 -113.6,-288 22,-285.1 253,5.3 212.5,-182.2 250.7,-294 142.8,-414.5 417.3,-590.6 920.5,-466.9zm-2195.3 -44449.5c280.9,65.9 131.8,262.2 126.8,415.2 -10.6,307.9 -438.6,309.5 -448.2,648.4 -7.5,255.4 -247.1,448.2 -310.8,711.8 -31.4,130 -193.4,117.5 -297.2,-3.1 -186.6,-218.4 -217.5,-230.2 -298.8,-49.5 -56.6,124.3 -123.8,149.4 -222,129.9 -77.2,-15 -110.7,-89.6 -97.9,-174.1 28.5,-183.7 -100.7,-406.2 238.2,-538 -409.9,-108.6 -625.7,-49 -704.9,301 -28.8,127 -150.3,138.1 -236.5,90.6 -100.6,-55.6 -104.7,-166.7 -29,-255.5 127.2,-148.8 336.5,-250.3 268.1,-502.8 94.6,-20.3 202.7,46.6 286.1,-52.7 286.6,-342.3 377.7,-359.2 636.6,-47.7 129.8,156.3 339.5,138.5 387.9,78.4 117.5,-144.8 130.4,-329.5 416.8,-309.5 158.7,11.1 185,-290.1 284.8,-442.4zm24899.1 -2940.6l-364.2 0c-71.8,47.6 -86.5,117.1 -81.1,196 24,357.7 -377.4,573.1 -316.4,950.2 10.3,65 -93.9,90.8 -175.9,94.7 -110.8,6.2 -272,-63.3 -281.2,145.6 -8.7,193.2 -157.2,211.3 -250.7,126.7 -114.2,-104 -104.2,-278.2 -1.1,-407 238.4,-297.7 169.2,-528.6 -201.9,-642.2 -45.5,-13.8 -103.4,-18.3 -130.8,-49.4 -27.6,-32.1 -38.5,-93.3 -31.1,-137 8.2,-43.8 43.2,-112.6 74.3,-117.1 100.4,-15.1 204.6,-12.4 306.6,-4.4 147.9,12 250.7,-16 235.1,-196.9 -24.9,-293.6 241.2,-468.9 301.3,-720 71.9,-301.5 265.8,-132 416.6,-150.3 115.3,161.4 31.1,344.7 55.6,515.5 81.1,218.1 640.8,-124.9 444.9,395.6zm-249.2 19736.3c-387.6,92.6 -584,301.3 -508.5,695.4 19,99.1 3.2,205 3.2,307.5 -1.2,403.4 -16.7,392.3 -298.6,790.1 -70,98.9 -116.7,151.4 -217.1,134.8 -78.2,-13 -108.9,-82.2 -105.5,-169.1 6.6,-178.1 1.9,-356.6 1.9,-538.6 -195.4,-126.6 -403.8,-40.7 -600.4,-58.3 -127.2,-11.3 -183.1,-60.1 -173.1,-183.2 11.9,-146.8 121.9,-132.3 222.9,-130.1 51.2,0.7 102.4,0 151.4,0 115.1,-61.4 113.6,-177.6 84.9,-264.7 -107.8,-329.9 195.9,-337.1 346.8,-461.3 98.2,-80.6 196.4,185.4 337.4,-9.6 78.4,-108.2 104.8,-226.4 138.9,-330.6 72.6,-218.7 453.6,-389.5 141.6,-689.1 -8,-7.8 30.5,-95.3 51.4,-96.9 71.1,-6 167.2,-37.2 202.9,53.5 26.2,66.7 35.2,150.9 20.7,220.4 -53.9,262.3 78.4,477.8 199.2,729.8zm-19735.8 4979c250.2,105.9 131.4,299.6 277.8,351.3 153.7,-108.2 1.8,-294.6 107.8,-418.8 134.9,-97.3 233.2,-24.1 313.3,81.7 275.2,364.1 339.5,851 695.3,1175.2 67,60.8 30.6,238.2 36.6,362.2 9.7,212.2 -49.2,437.3 165.1,639l-717.8 0c-204.8,-454.9 -267.4,-959.8 -210.6,-1490.6 -196.1,-15.1 -153.9,102.8 -164.3,178.6 -9.2,71.9 -15.1,144 -24.1,234l-714.9 0c114.9,-349 395.6,-660.9 235.8,-1112.6zm42279.1 17673.2c26.6,51.7 58.4,112.9 89.8,174.1 25.8,-39 76.1,-81 72.1,-116.9 -7.3,-66.1 -46.3,-128.5 -72.1,-192.8 -25.8,39.2 -51.9,78.1 -89.8,135.6zm-1173.8 -131.4c417.9,-629.9 432.8,-1243.1 418.2,-1902.1 376.2,332.4 286.3,719.4 307.2,1071.8 252.3,34.6 432,384.8 731.2,64.9 108.4,-115.6 255.9,208.3 451.8,172.9 9.3,-1.9 40.7,80.6 50.3,126.9 20,95.3 -41,141.7 -122.3,149.7 -97.3,9.6 -196.6,2.2 -319.9,2.2l0 991c-205.5,187.7 -407.7,27.6 -591.3,112.7 -44.4,-415 -277.9,-725.8 -186.9,-1252.9 -248.7,442.6 -248.7,442.6 -738.3,462.9zm-11666.3 -28244.3c122.3,-124.7 229.8,-74.3 326.7,-81 92.4,-6.2 132.9,-48.8 144.5,-135 11.3,-86.1 -37.4,-185.2 -98.4,-169.6 -354.7,89.3 -422.2,-430.2 -779.5,-354.3 -64.4,13.8 -91.4,-172.5 4.8,-246.7 247.2,-191.9 452.5,-140.9 717.4,165.7 36.6,42.8 103.3,188.4 121.2,59.7 63,-459.1 390.9,-169.2 617.4,-261 38,259 79.5,470.5 -99.5,712.5 -109.1,147.4 64.1,305.1 248.4,344 326.6,69.9 325.1,65.7 351.6,234.2 34,214.9 -57.9,431.5 124.2,647.7 144.5,171.3 -167.2,319.8 -179,515.9 -0.7,7.1 -133.6,19.9 -198.8,3.8 -27.6,-6.9 -57.2,-83.2 -53.7,-125.1 47.2,-560.7 48.6,-560.4 -464,-673.6l0 -496.7c-252.2,-164.7 -528.1,26.7 -783.3,-140.5zm-9389.7 -12071.9c-294.5,71.2 -543.7,71.2 -771.4,71.2 -155.7,-360.2 137.3,-586.5 153.1,-877.9 7.6,-138.7 313.3,48.3 388.4,-110.7 63,-133.8 50.7,-262.3 272,-258.5 366.3,5.2 475.2,126.7 380.1,544.7 -53,232.2 100.6,239.3 279.6,264l0 1028.9c-222.8,8.2 -56.9,-211.7 -179.4,-257.6 -103.8,-38.6 -229.1,-43.2 -249.1,61.9 -32.8,172.1 -8.9,355.3 -8.9,533.7 -370.3,-220.4 -304.9,-586.5 -264.4,-999.7 14.8,-47 -27.1,-28.3 -42.7,3.5 -31.2,64.8 0.5,96.7 65.5,64.8 31.1,-15.1 51.2,-56.8 69.7,-90.4 3.5,-5.8 -29.7,-31.1 -92.5,22.1zm-32969.3 -7559.3c-277.5,249.4 -174.6,588.5 -201.1,904 -133.2,121.3 -381,102.9 -398.6,28.7 -35.4,-151.2 -317.4,-272.3 -89.7,-482 73.9,-67.9 48.3,-205.1 -63.2,-243.2 -91.3,-31.8 -214.2,-20.7 -216.9,127.2 -3.3,186.5 -129.1,225.7 -244.9,152.3 -141,-89.8 -63,-207.1 32.5,-312 102.2,-112.6 105.6,-270.9 -67.2,-272.3 -252.3,-2 -400.8,-29.8 -344.9,-332.6 26.5,-144.1 -250,-203.5 -127.4,-401.5 121.6,-137.3 461.3,84.9 488.5,-305 8.3,-120.2 320.9,-43.7 493.6,-48.8 67.9,-1.8 226.3,483.6 191.1,573.4 -26.3,66.1 -90.9,118.9 -109.3,185.4 -19,71.9 -4.1,153 -4.1,236.5 165.3,202.6 448.5,-29.2 661.6,189.9zm10575.5 44946.3c20.5,43.2 34.9,90.8 62.3,128.7 308.8,428.6 309.3,428.4 89.9,926.5 -172.3,9.8 -345.1,19.3 -531.2,29.6 -9.6,93.1 -10.2,167 -25.2,237.3 -40.7,191 224.7,265.4 163.9,478.3 -40.5,139.6 -7.6,300.1 -7.6,411.2 -118.4,214.6 -447.3,-83.3 -482.4,290.6 -15.4,167 -163.5,154.7 -291.5,-19.2 -168.8,-228 -218.6,-214 -356.2,101.6 -147.9,-453.4 -142.7,-451.1 -2.3,-774.7 67.5,-155.8 93.3,-284.1 335.6,-291 414.3,-11.7 467.8,-102.4 486.7,-484.4 17.2,-331.1 9.8,-337.6 400.6,-742.8 87.5,-91.1 -4,-257 157.4,-291.7zm16708.7 -32371.3c-157.9,-46.6 -22.5,-399.3 -317.3,-301.7 -294.8,97.7 -165.2,-250.5 -326.2,-306 -147.2,227.4 7.8,497.6 -110,755.9 -159.6,8.3 -332.2,16.9 -513.7,26.3 -86.3,191.2 -174.7,385.8 -269.8,596.1 -237.6,-394.6 -47,-725.9 122,-1059.6 172.8,-9.6 345.8,-18.8 524.3,-28.6 39.2,-433 131.8,-827.1 338.2,-1190 105.1,-185 429.3,-244.9 426,-126 -9.3,291.9 371.2,183.6 340.7,390 -31,204.4 172,316 152.2,474.3 -19.8,156.9 -131.3,301.5 -204.6,451.3 -52.5,106.6 -107.9,212 -161.8,318zm12839.4 7919.2l1186.8 0c-111.4,298.8 -215.4,581.1 -13.6,816 -154.6,168.8 -337.1,31.4 -479,137 115.6,141.4 354.1,117.3 325.3,396.7 -27.1,259.6 -173.4,434.6 -276.9,641.9 -7.6,15.4 -102.3,6.9 -138.5,-16.7 -33.9,-22.9 -50.6,-79 -63.9,-123.7 -106.5,-362.7 -293.7,-605.4 -724.1,-458.7 -214.2,-539.3 503.9,-843 183.9,-1392.5zm-4838.2 -18438.2c-39.7,-297.1 -44.5,-596.5 -38.1,-896 5.3,-255.1 -179.9,-169.8 -311.1,-184.5 -11.8,-136.8 62.4,-292 -193.4,-322.4 -191.1,-22.8 -462.2,189.4 -580.3,-142.3 333.3,72.5 664.9,-63.1 1026.3,122.7 254,130.9 170.1,387.1 366.6,475.8 -278.2,315.4 70,626.7 6.9,947.4 -38.7,197 -1.3,407.9 -8.9,612.4 -6,170 -232,272.4 -152.9,472.8 -96.7,17.7 -119.4,-49.5 -157.4,-120 -129.6,-240.5 -169.5,-244.8 -306.9,-58 -170,230.9 -202.8,244.3 -301,33.4 -80.4,-173.8 -156.1,-303.9 -359.1,-320.1 -190.4,-15 -31.9,-368.3 -321.5,-320 -110.2,18.3 -115.4,-132.2 -87.9,-232.9 5.9,-21.8 41.1,-55.6 51.6,-51.9 310.1,105.4 345.5,-260.2 548.8,-315.2 98.7,-26.5 288.1,-79.5 308.8,105.7 41.5,377.4 316,128.5 509.5,193.1 -130.7,39.2 51.8,336.9 -223.6,322.8 -167.2,-8.9 -179.2,175.5 -76.3,255 108.4,83.5 271.6,87.2 405.4,-20.7 -10.4,-185.7 73,-383.4 -105.5,-557.1zm-30687.2 38490.7c309.7,150.3 740.1,-165 839.3,353.3 218.3,-162.3 -24.2,-441.3 203.6,-642.1l0 910.9c-393.2,156.7 -558.4,130.2 -882.9,-175.2 -58.7,-55.2 -109.1,-100 -189.5,-86.4 -257.3,43.2 -306.3,-94.2 -279.2,-309 9.4,-75.8 27.2,-167 -4,-228.1 -52.3,-102.2 -223.3,-125.7 -243.3,-49.6 -55.5,211.7 -271,251.2 -351.6,386.3 -68.6,114.4 -81.9,237.1 -237.6,196.6 -295,-77.3 -187.7,237.3 -323.2,313 -178.6,-177.4 -13.4,-383.1 -107.8,-595.1 465.8,39.8 643.7,-318 890.2,-530.1 121.1,-104.2 105.3,-332.9 379.6,-276.4 203,41.9 153,-154.9 151,-266.5 -3.8,-264.5 188.7,-186.8 321.9,-186.1 208.6,1.3 160.8,180.1 137.4,280.1 -36.8,159.6 -94,335.3 -200.4,451.5 -126.2,138.1 -87.8,279.5 -103.5,452.9zm51120.9 15782.1l0 -227.8 638.7 0c158.5,-199.5 115.6,-431.8 227.4,-634.8 188.5,-342.7 211,-756.6 180.7,-1160.1 -5.1,-68.7 100.9,-106.1 180,-86.5 44.5,11.3 120.6,55.4 117.3,74.1 -76.2,464.6 177.2,961.6 -142.7,1407.2 -48.8,67.8 -23.2,206.3 124,218.2 124.2,10 187.9,-45.9 179.4,-174.4 -1.7,-25.8 -6.2,-53.4 0.7,-77 37.9,-125.4 -104.4,-317.7 140.1,-368.7 128,-26.8 207.3,98.1 143.6,254.2 -26.7,65.9 -127.4,122.1 -122.9,176.8 20.7,248.9 -15.9,388.1 -326.9,353.6 -153.8,-17 -149.7,123.7 -185.2,245.2l-1154.2 0zm-38891.3 -17898.6c-146.1,19.6 -302.9,-46.3 -452.9,59.9 -71.1,245.5 147.1,495.4 249.4,532.6 270.5,97.9 267.1,171.6 107.5,358.4 -78.2,91.7 -214,139 -215.8,295 -2.2,208.4 -169.8,133.8 -280.5,145.4 -120,13 -196.1,-38.3 -180.3,-169.6 13.7,-110 -41,-217.3 128.7,-305.5 228.4,-118.5 223.3,-186.6 27.1,-285.5 -108.2,-54.3 -150.1,-89.9 -162.1,-201.2 -4.7,-45.9 0.3,-154.8 -131.6,-69 -386.3,250.6 -392.3,241.3 -774.8,198.1 -33.2,-102.4 -25.4,-182.6 78.1,-251.6 175.3,-116 392.4,-599.6 310,-739.9 -67.2,-115.5 -172.6,-218.8 -32.1,-313.9 94.4,-63.7 332,-66.3 341.3,8.9 45,358 295.9,258.5 502.8,275.2 91.1,6.9 98.9,24.3 245.3,299.9 164.6,-33.1 -8.8,-334.4 239.9,-301.4l0 464.2zm-3439.6 17644.5c-12.9,74.4 9.7,164.6 27.8,254.1l-922.8 0c165.2,-85.6 294.5,-249.9 365.6,-558.7 -41.2,-123.8 -61.5,-68.6 -55.9,5.3 4,48.1 -12.1,132.5 2.9,138.3 83.3,29.8 138.9,-31.2 148,-101.7 7.8,-61.5 -25.1,-128.5 -95,-41.9 -204.2,160.8 -176.8,44.7 -215.4,-43.7 -183.8,-422.6 -191,-492.2 263.7,-559 254.7,-36.8 128.5,-292.1 354,-318.2l0 843.2c151.6,113.3 220.7,-192.4 308.1,4.2 47.3,106.2 8.3,250.7 8.3,378.1l-189.3 0 34.8 0c-14.7,-40.5 -22.7,-84.2 -44.6,-119.4 -25.8,-40.9 -72.6,-30.9 -91.2,29 -6.7,20.9 42.7,59.6 101,90.4zm-17927.2 -54018.5c24.9,464 22.9,904 -138.7,1335.7 -42.8,115.5 -76,175.6 -193.1,163.4 -144.9,-14 -126.2,-126.4 -124.7,-226.9 1.6,-128.2 -5.8,-257.1 2.3,-384.7 6.2,-94 -45,-166.8 -116.9,-155 -263.2,42.8 -139.7,-223.5 -253,-293.6 -11.1,-7 -49.4,4.8 -51.6,13.3 -125.6,529.5 -520.4,159.2 -733.7,276.8 -215.3,-198.6 151.4,-592.3 -305.2,-623 -20.1,-1.4 -56.6,-31.8 -54.4,-43.6 6.1,-37.5 25.6,-103.4 43,-104.5 153,-8.4 307.7,-8.7 461.1,-3.8 199.8,6.3 375.2,31 436.4,-257.3 22.1,-102.7 364.7,-104.5 380.1,7.3 62.6,454.7 405.2,156.3 648.4,295.9zm53449.1 4024.4l547.3 0c-1.6,505.9 321.5,973.5 140.3,1529l-837.6 0c96.1,-310 217.2,-600.3 -99.3,-907.5 -210.9,-203.8 -296.8,-537.8 -427.5,-791.4 112.4,-286.3 481.6,-279.6 541,-577.7 1.8,-10.3 135.4,-8.3 198.8,13.8 27.6,9.6 57.9,96.4 43.4,127.5 -82.6,175.3 -218.4,334.2 -106.4,606.3zm-19217.7 -2935c163,43.7 496.9,-167.6 446.8,273 -21.3,188.8 104.9,196.4 243.2,188.4 101.3,-5.6 209.9,-15.2 220.4,133.6 8.9,128.7 -78.2,135.6 -174.6,184.1 -275.4,138.9 -92.6,380 -114.6,590.2 200.8,-25.8 74.8,-355.3 339.7,-294.5 169.2,38.9 350.9,21.1 523.9,48.3 21.2,3.6 52.4,176.6 27.8,193 -193.6,126.7 -537.6,205.7 -568.4,354.7 -40.9,197.9 180.8,441.1 119.8,701.1 -5.3,22.1 -24.5,41.2 -39.8,65.7 -162.8,85.5 -398.8,-45.4 -511.9,172.6 -98.9,-59.7 -69.5,-145.9 -64.2,-217.1 20.1,-274.1 237.6,-467.1 311.5,-730.8 -113.7,-179.4 -427.7,-130.2 -470.4,-403.4 -62.6,-398.5 -400.3,-38.5 -589.4,-287.4 51.9,-129.6 -259.1,-430.6 223.8,-548.7 152.1,-37.8 4.5,-283.8 76.4,-422.8zm-26790.8 7763.3c215.2,-94 90.3,-378.6 390,-354.3 235.1,19.2 177.3,187.7 264.1,277 319.9,328.6 257.1,684 -7.1,1123.9 -219.8,112 -420.2,1.2 -629.5,-324.1 -101,-157.3 -278.3,-356.8 -482.5,-432.5 -229.9,-85.5 -194.6,-189.7 -75,-319 153,-165.4 62.8,-313 -73.2,-364.1 -364.1,-137.6 -384.5,-378.4 -278.3,-694.8 179.9,20.7 57,357.6 311.9,286.1 305.4,-85.1 237.5,244.7 376.9,349.8 135.4,101.9 279.9,217.9 202.7,452zm25069.9 4609.7l0 -542.4c-428.6,-50.3 -632.6,-508.7 -1067.8,-574.9l0 -986.3c49.4,-20.9 93.2,-55.6 136.7,-55.6 641.8,2.6 642.1,3.7 921.3,531.4 11.1,20.3 10.7,48.6 9.3,73.1 -9.7,137.8 71.1,171.6 187.5,166.9 200,-8.2 60.4,-226 213.7,-306.3 113.2,174.3 126.8,464.6 43.3,528.6 -380.5,291.9 -271.2,679.7 -292.2,1048.6 -4.2,76.6 -48.3,147.6 -151.8,116.9zm-7119.5 10291.5c0,-127 0.4,-300.8 0,-475 -0.3,-101.9 -10.7,-215 137.6,-213.7 131.6,1.6 181.7,-62.4 171.2,-182.8 -13.1,-146.3 -123.8,-133 -224.2,-127.8 -373.2,18.5 -212.6,-238.9 -227.1,-451.5 263.1,-71.8 442.8,249.5 696.6,160.9 4.5,-1.7 50.8,178.8 108.7,248 67.9,81.5 159.7,233.2 106.4,250.3 -308.1,99.1 7.2,525.3 -273.4,550.8 -277.2,25.4 -117.5,314.4 -300.1,371.5 -26.5,8.8 -44.8,142.9 -20.1,197.6 54.4,121.4 356.9,9.6 278.6,248.8 -43,131.3 -204.2,218.8 -279.9,345.5 -82.1,137.2 57,215.8 120.9,318.9 50.1,80.1 35.4,209.9 -97.5,229 -61.7,8.8 -190.4,-50.7 -188.8,-70.8 18,-219.5 -224.7,-322.1 -224.2,-526.7 -173.1,28.7 -28.3,237.1 -164.4,285.9 -79.5,-126.1 -179.6,-243.8 -234.8,-380.3 -85.8,-210.2 99.7,-366.8 143.5,-551.3 67.3,-286.3 318.4,-51.5 471,-227.3zm41431.5 -9030.1c441.3,20 731,-324.2 1099.5,-129.2 -168.6,179.2 -186.9,437.5 -103.1,604.1 79.7,158.1 299.9,290.1 532.5,280.3 123.8,-174.4 -224.9,-220 -88.3,-387 72.7,-89 154.7,-82.4 248.9,-83.7l0 708.5c-75.1,217.7 -129.6,430.1 -94.4,667l-712.8 0c-12.4,-21.8 -51.2,-61.2 -57.8,-105.5 -11.2,-75.2 -2.3,-154.1 -3.2,-231.5 -9.1,-688 -9.1,-688 -719.3,-744.8 -122.7,-162.1 -3.1,-349.4 -102,-578.2zm-50214.1 -8560.1l-1704.4 0c-149.8,-236.7 199.1,-304.4 117,-497.7 288.9,-62.7 296.1,-314.1 363.8,-530.7 95.9,-305.7 313.9,-404.2 648.6,-312.9 181.9,134.3 108.8,465.3 377.4,602.7 332.8,170.4 60.7,483.2 197.6,738.6zm8847.4 -15139.2c-190,156 -315.3,156 -494.1,156 -79,-352.7 -14.9,-721.6 -35.2,-1083.8 248.5,-25.6 81.1,262.2 233.3,308.3 148.3,-48.7 -16.4,-327 233.2,-310.1 335.3,22.9 409.4,-55.4 196.3,-372.8 -77.9,-115.5 172.2,-51.6 265.7,-89.5 -3.6,107.2 47.8,158.6 155,154.8 -157.7,370.3 -115.8,737.4 76.8,1072.3 127.5,222.6 85.9,447.5 64.3,661.1 -15.8,161.8 -358.7,127.7 -335.7,387.4 0.6,9.5 -131.6,37.8 -203.3,44.3 -100.7,8.9 -210.2,16.9 -220.9,-130.7 -9.4,-125.6 49.4,-179.3 176.1,-180.8 42.3,-0.3 83.5,-42.6 128,-67.3 -151.4,-93.5 -407.4,-106.2 -239.5,-549.2 0,-157.2 -82.2,-118.3 -61.3,8 8.5,49.4 -78.1,152.7 69.9,150.3 129.4,-2.3 247.8,0.9 236.1,-179.3 -5.6,-83.5 -48.6,-128.4 -244.7,21zm-4828.2 178.5l682.4 0c77.3,314.8 265.4,500.8 633.7,443.8 100.2,-15.4 205.2,-2.7 307.9,-2 106,0.6 201.3,3.8 201.3,155.2 -0.3,152.7 -98,150.5 -202.5,154.5 -73.2,3.5 -146.5,11.6 -215.5,17.5 -129.6,613.5 -295.4,1208 -176.5,1879 -280.4,-141.4 -108.5,-331.5 -210.2,-447.3 -101.3,-111.1 -237.3,-28.9 -369.2,-59.9 -120.9,-176.8 -62.8,-374 -46.7,-562.2 117.1,-112.4 254.5,-19.4 402.8,-71.7 6.9,-155.2 -320.2,-445.3 141.1,-475.6 89.8,-6 59.2,-132.6 48.5,-201.5 -4,-31.1 -74.1,-73.6 -115.5,-74.5 -98.2,-2.9 -214.4,-12.7 -291.5,33.6 -104.6,62.6 -16.9,362.5 -255.4,259.4 -106.4,-45.9 -167.1,-220.2 -226.6,-346 -58.5,-125 -35,-263.7 -264.7,-283 -145.6,-12.5 -76.2,-252.7 -43.4,-419.3zm4663.8 6328.2c-322.8,89.1 -604.9,-268.1 -467.5,-409.7 110.8,-114.6 9.3,-315.2 197.5,-352.2 126.4,242.5 335.9,359.8 553.3,289.7 170.1,-55 122.2,-330.7 382.2,-354.5 120.7,-10.5 26.6,-271.6 53.1,-416.8 247.8,38.1 124.9,319.5 275.1,421.3 -222.4,172.5 -101.1,579.3 -457.1,663.7 -175.9,41.9 -184.6,189.7 -74.6,269.9 183.1,133.6 26.1,344.4 152.8,477.6 159,-7.2 65,-148.3 109.5,-205.1 91.7,-116.2 289.7,-104.2 299.7,6.9 15.6,176.3 4,355.3 4,532.6 -106.9,-4 -158.5,47.6 -154.9,154.9 -76.8,0 -155.4,9 -231.1,-1.5 -264.6,-38.1 -101.4,-461.4 -411.3,-462.7 -205.7,-0.7 -411.5,2 -617,-1.3 -87,-1.6 -129.5,-50.3 -135.5,-142.7 -5.9,-91.1 35.3,-139.4 113.1,-165.2 122.9,-40.6 326.3,103.2 408.7,-304.9 -41.6,-123.6 -61.9,-68.5 -55.9,5.6 3.8,47.6 -12.4,132.2 2.7,138 83.5,29.7 139,-31.1 147.7,-101.3 8,-62.1 -24.5,-128.9 -94.5,-42.3zm11709.7 20106.4c237.4,89.9 488.1,-172.1 623,170.5 77.1,194.4 286.2,361.2 -107.7,612.1 423,0 724.7,3.8 1026.4,-2.4 95.3,-2 140.5,41.1 156.8,120.9 16.2,79 -24.3,196.3 -81.3,182.8 -297.9,-72.6 -155.9,291.9 -322.7,313.2 -177,21.9 -358.7,4.5 -538.6,4.9 -583.5,0.9 -568.8,-18.7 -942.7,-301.7 -199,-150.3 -164.3,-303.7 -71.6,-438.1 237.8,-342.7 250.6,-334.5 258.4,-662.2zm-36920.3 -1426.3c-126.9,55 -10.5,247.1 -163.5,291.9 -211.7,-296.4 101.6,-490.1 135.4,-750.1l1182.1 0c-97.7,404.7 259.4,534.5 458.2,754.1 216.7,239.6 215.3,195.3 -33.6,479.8 -142.1,161.9 -205.1,381.6 -500.5,293.4 -158.1,-211.9 -5.1,-480.2 -90.9,-713.1 -296.1,-210.2 -829.4,232.5 -987.2,-356zm67955.2 19714.2c-113.4,-143.8 -54.2,-406 -285.7,-318.8 -381.6,144.3 -398.8,-329.9 -684.4,-371.8 -126.8,-18.5 44.5,-290.3 -108.1,-399.4 -29.8,32.9 -79.2,62.8 -83.7,98.4 -12.4,102.2 -3.3,201 -153.2,204.6 -93.2,2.2 -167.6,-46.8 -153.6,-116.2 34.1,-176.8 -221.3,-221.6 -160.3,-397.2 220.4,-66.2 1437.2,-169.9 1451.3,-104.9 68.5,317.3 338.2,279.8 539.7,363.8 -96.6,59.4 41.2,151.4 114,240.2l0 146.7c-34.1,23.2 -91.6,43.9 -183.5,61.1 -121.6,23.1 -184.1,360.7 -292.5,593.5zm-15561 -24499.7c234.2,-280.7 148.7,-572.6 141,-909.9l-729.7 0c-88.6,-277.3 182.2,-377.9 160.1,-607.9 163.4,0 313.5,-4.5 463.1,0.9 164.8,6 260.3,-2 295.1,-228.5 26.7,-174.3 259.5,-26 445.2,-142.7 0,388.3 -7.1,690.3 3.2,991.5 6.2,168.3 -20.8,326.6 92.4,501.9 138.4,213.9 92.2,221.1 -237.2,277.4 -184.6,31.6 -334.2,219.5 -633.2,117.3zm-23881.9 -5342.1c-87.2,364.8 -234.8,481 -503.6,409.3 -236.2,-332 33.8,-603.2 141,-883.1 69.2,-181 320.3,-283.8 443.9,-177 270.7,233.8 587.8,67 884.4,181.3 -33.6,510.7 -447.5,833.6 -620.6,1270.6 -74.7,187.5 -327,55.5 -497.1,77.3 -32.5,4.4 -97.1,-49.9 -104.4,-86.2 -14.7,-70.8 -26.1,-189 59.2,-198.4 397.9,-46.2 217.1,-284.3 197.2,-593.8zm-8693.8 32121.2c-167.2,545.7 -543.3,274.7 -832.1,327.3 -102.6,-439.8 588.5,-270.1 401.9,-750.2 -239.6,1.2 -544.6,-150.2 -649.2,288.4 -139.7,-84.7 -84.9,-223.6 -80.2,-336.7 10.2,-268 380.1,-504.5 592.3,-356 114.1,79.5 365.8,3.1 355.3,303.5 -3.8,118.7 247.4,168.5 281.2,-72.6 20.3,-147.9 104.9,-161.7 206.8,-147.2 78.9,11.2 113.2,75.7 110.2,165.4 -6.8,204.9 -3.5,411.3 -1.7,616.6 1.1,146.9 -36.1,276.3 206.8,317.9 142.1,24.7 153.9,618.3 27.2,740.3 -38.8,37.7 -141.8,37.2 -204.2,-32.5 -111.8,-124.9 117.1,-405 -259.2,-444 -197.5,-20.2 -4.4,-369.3 -155.1,-620.2zm335.5 -33120.9c-153.4,-0.9 -429.7,154.3 -399,-130.9 46.5,-430.8 -274.1,-254.7 -436.2,-337.3 -144.5,-340.5 30.3,-613.6 178.8,-891.9 76.6,38.9 80.4,106.2 88.6,181.6 15,143.6 129.4,125 230.2,120.7 -14.9,-272.7 371.4,-263.4 369.7,-442.6 -3.2,-349.1 321.3,-549.1 323.3,-873.3 1.3,-154.5 105.2,-57.6 157.8,-73.6 93.3,-29 162.3,44.2 149.4,117 -62.6,351.8 241.8,857.9 -395,976.8 -72.8,303.3 -150.7,605.7 -216.9,910.7 -31.1,144.2 41.9,302.4 -50.7,442.8zm36860.9 -10245.8c256.7,81.3 444.6,118.1 562.7,-105.2 107.5,122.6 105.5,425 19.3,449 -95,26.1 -205,-0.9 -299.4,27.2 -109.8,32.3 -508.4,2.4 -568.9,3.1 -239.2,2.3 -82.9,-291 -245.6,-312.8 -151.8,-20.9 -308.6,-4.5 -463.6,-4.5l-303.2 0c-140.7,-211.3 -34.1,-351.3 56.8,-548.3 78.8,-170.8 120.6,-234.9 298.5,-228.9 162.8,5.1 372.5,76.1 362.9,-233.8 -2.6,-88.9 143,-37.9 132.1,22.7 -46.6,258.2 212.8,161.4 279.9,263.6 73.5,111.5 44.9,242 264.7,285.2 193.7,38.3 57.5,240.3 -96.2,382.7zm1597.8 22669.4c163.8,-40.8 231.7,52.3 317.9,82.3 190.6,66.2 17.1,402.6 298.6,365.7 297.9,-38.8 612.3,95.4 893.3,-75.7 40,-24.3 27.4,-134.8 53.6,-292.9 188.4,318.7 217.8,673.3 586.9,756.9 -187.6,138.2 -371.1,62.9 -543.4,73.7 -191.7,12.2 -418.4,-52.4 -419.8,259.6 -372.4,-93.5 -449.5,486.7 -841.1,366.5 -92.4,-28.1 -208,9.1 -217.8,-139 -8.4,-129.4 55.5,-181.7 179.3,-175.4 51.8,2.8 103.2,4.9 154.7,-0.3 85.3,-8.6 128.2,-51.8 133.3,-145.3 4.5,-92.7 -37.1,-153.3 -116.6,-159.7 -149.9,-12.2 -301.5,-3.6 -478.9,-3.6l0 -912.8zm-17593.3 -2026.4c-204.6,182.4 57,498.7 -205.3,683.1 -106.2,74.4 63.4,327.3 -119.4,389.6 -136.7,47 -302.1,9.2 -526.1,9.2 0,-274.6 0.5,-547.5 -0.7,-820.3 -0.4,-100.6 -21.5,-222.4 87.6,-267.6 309.9,-129.2 428.6,-340.7 388,-678.2 -11.5,-98.6 223.6,-116.2 227.6,-70.4 30.7,349.4 278.5,276.1 493,291.7 132,9.2 352.6,340.2 282.5,441.1 -94.4,136 -52.6,405.2 -384.1,345.1 -240.5,-43.2 -98.8,-267.8 -243.1,-323.3zm10678.2 -16564c-72.2,-49.6 -63.3,-126.4 -79.8,-199.5 -29.3,-129.3 -141.3,-131.1 -237.6,-94.1 -83.7,32 -87.5,132.2 -62.7,197.9 25.1,65.9 135.4,113.3 137.8,171.4 6.2,172.1 70.8,359 -41.7,515.9 -78.8,110.3 -567,161.2 -733.3,93.8 -88.4,-35.6 -175.7,-72.6 -265.4,-109.4 -151.9,-223.1 137.6,-327.7 142.4,-538.6 11.4,-454.8 62.6,-460.4 543.8,-500.2 49.8,-4.1 99,-8.9 203,-18.7 16.3,-326.5 -31.4,-685.1 167.4,-983.5 32.5,-48.6 129.2,-78.1 194.2,-75.1 78.2,3.8 122.5,70 111.8,161 -8.5,75.1 24.3,177.7 -14.3,223.6 -232.7,278.1 -182.1,530.8 3.2,812.2 50,75.5 59.8,250 -68.8,343.3zm-33971.6 34358.8c0,299.2 -5.4,576.5 3.1,853.2 3.5,112.7 -14.2,206.2 -112.5,263.2 -216.6,125.3 -202.4,328.2 -204.3,536.8 -1.1,129.3 -312.9,353.4 -436,291.5 -122.5,-61.3 -208.8,-137.6 -323.7,-15.7 -105.6,111.4 -255,141.4 -304,2.9 -36,-101.5 -124,-338.8 108.5,-372.5 183.7,-27.5 164.5,-123.5 191.4,-252.9 107.2,-524.8 495.5,-878.1 819,-1268.2 32.2,-39.2 132.7,-22 258.5,-38.3zm-1740 -28939.8c-121.4,0 -198.7,0 -275.9,-0.5 -25.4,0 -50.6,-1.6 -76.2,-2.5 26.8,-281.8 -342.6,-245.8 -375.1,-447 -36.3,-223.8 -316.4,-261.9 -318.4,-488.7 -1.1,-127.6 0,-255.6 0,-379.5 -172.1,-174.1 -404.2,7.4 -579.8,-112.6 -72.2,-116.9 -33.6,-241.2 -24.9,-363.8 43.1,-21 85.5,-59.7 128.6,-60.1 503.4,-2.5 784.5,106.6 943.7,303.7 198.1,244.4 431.2,430.1 489.1,797.5 35.9,229.1 157.7,450.8 88.9,753.5zm29988 18399.2c-213,-301 -589.8,-546.8 -329.2,-1033.5 -283.9,-9.2 -156.8,211.7 -256.6,237.6 -118.9,30.9 -249.1,48.9 -370,35.3 -127.4,-15.1 -347.3,110.5 -355.4,-143.3 -7.7,-259.7 217.4,-125.2 342,-161.2 22.8,-6.7 44.3,-18.1 93.5,-38.1l0 -692c222.5,-16 444.9,-193.3 515.5,199.9 18.5,105.1 160.3,261.2 358.9,223.3 296.2,-57 234.3,412.6 527.7,371 -9.3,69.7 2.5,151.8 -30.7,207.1 -159.4,269.6 -331.1,532.3 -495.7,793.9zm-5966.3 18466.6c32.4,278.5 -234.1,368.9 -218.5,581.5 -375.4,-180.8 -377.2,549.7 -834,238.9 -157.4,-214.1 20.2,-472.7 147.6,-729.8 -318.9,-128.5 -465.1,-145.8 -741.2,-124.9 -64.4,4.9 -190.8,-45.2 -190.4,-67.3 4,-134.5 -103.3,-371.3 95.7,-376.2 257.9,-6.7 148.6,-222.5 251.6,-299.9 17.9,-13.6 43.2,-25 65.1,-25 201.2,-1.8 401.9,-1.1 584.2,-1.1 163.2,208.6 -15.6,457.5 171,654.6 193.7,205.7 432.4,61.4 668.9,149.2zm-5211.5 -7839.8c-190.1,82.3 -197.9,-16.1 -200.1,-121.2 -5.3,-252.5 93.9,-447.9 309.9,-581.5 21.4,109.7 -71.9,279 117.4,305.5 257.8,35.6 179.4,-170.2 191.9,-305.5 209.3,1.3 142.9,160.5 154.3,272.3 15.6,159.8 -75.7,356.5 233.3,363.1 126.3,2.9 119.8,265.2 67.5,326.9 -367,438.8 -293.5,965.6 -300.1,1485.1 -224.7,6.4 -106.3,-187.9 -193.8,-244 -324.4,-207.3 -196.6,241.1 -368,253.3 -188.2,-303.4 30,-561.1 102.9,-828.5 87.9,-320.4 -186.9,-555.9 -115.2,-925.5 15.4,-46.4 -26.7,-28.1 -42.3,3.5 -31.6,65 0.3,96.7 64.9,65.1 31.6,-15.4 52,-57 70.3,-90.5 3.1,-6 -29.6,-31.1 -92.9,21.9zm-16594.7 -9989.1c253,-1095 264.4,-791.7 -575.9,-1106.6 -121.8,-161.8 -3.1,-348 -67.9,-498.7 108.6,-145.8 252.6,-113.8 364.6,-90.8 267.2,55 239,-179.7 329.3,-300 184,41.9 39.7,269.2 209.8,354.5 89.1,44.5 81.3,242.5 -116,245.8 -151.2,2.4 -164.3,97.7 -151,201.3 9.8,78.8 70.4,118.6 162.3,112.6 342.1,-22.2 678.2,204.4 1033.1,8 85.3,-47.4 252.1,-57.4 348.3,67.7 -405.2,114.7 -445.3,98.7 -603.8,493.2 -92,230.2 -431.1,222.7 -403,513l-529.8 0zm47813.9 -2786c231.8,0 463.5,7.3 695.5,-2.1 151.2,-6.4 232.9,21.6 239.2,200.4 5.1,135.6 141.1,98.2 236.4,114.9 145.4,25.2 329.3,-109.7 401,201.3 48.3,211.1 204.2,369.8 32.6,598.1 -97.3,130.6 -165.9,293.8 -206.7,452.6 -64.3,252.7 -254.3,84.4 -448.4,170.8 112.4,-518.1 -336.9,-848.8 -335.7,-1324.6 0.4,-74.8 -83.8,-113.5 -170.4,-102.6 -86.6,10.9 -139.4,51.6 -133.4,143.8 9.2,139 -73.6,177.9 -188.1,164.8 -144.9,-16 -123.4,-130.3 -122.2,-231.1 1.5,-128.7 0.2,-257.2 0.2,-386.3zm-27549.4 -26156.7c110.7,407.8 -262,661.9 -325.9,1016.1 -14.7,83.3 -123.9,76.6 -196.9,65.7 -218.9,-32.7 -307.3,124.7 -404.6,269.7 -11.7,17.1 3.8,50.9 -2.2,75.2 -19.4,79 -60.7,150.8 -152.9,119.1 -318.4,-109.7 -303.1,413.1 -626.8,318.4 -141.1,-41.4 -304.6,-6.9 -457.8,-6.9 0,-177.6 -33.6,-364.7 10.3,-530.5 37.6,-141.7 250.5,-93.6 361.6,-210.3 97.7,-102.4 51.4,-242.2 147.1,-325 174.2,26.2 37.4,235.8 164.6,275.9 134,42 246.7,26 246.2,-159 -0.4,-86.8 50.4,-146.3 138.1,-132.5 517.6,82.1 615.4,-344 782.6,-662.6 87,-165.7 206.6,-91.5 316.6,-113.3zm-25696.9 14158.2c-245.6,-466.2 -357.2,-142.7 -61.9,-225.1 66.6,-18.9 138.9,-6 207.7,54.3 150.8,131.2 589.8,161.4 739.7,64.6 42.5,-27.2 73.7,-71.1 128.9,-126.3 130.9,181.9 51.8,383.4 71.4,567.4 10.9,101.5 -32.7,151.3 -132.7,222.2 -242.4,172.1 -225.3,207.7 -176.8,587.1 13,100.8 -3.5,205.5 3.8,307.9 5.4,85.7 -24.2,158.5 -102.6,172.3 -99.3,17.9 -205.7,10.9 -210.9,-139.3 -1.7,-45.5 -18,-119.4 -45.8,-129.9 -169.2,-64.1 -4.9,-415.8 -340.7,-363.1 -109.3,17.2 -114.6,-286.5 -66.6,-323.1 309.3,-236.8 -11.5,-439.9 -15.5,-653.7 -1.4,-73 -101.3,-103.3 -181,-87.9 -80.7,15.4 -134.5,55.6 -123.8,153.8 8.6,76.4 0.2,153.9 2.2,231.1 1.8,100.3 22.3,214.5 -121.3,231.2 -112.7,13.3 -151.9,-41.7 -199.1,-158.5 -90.4,-222.5 -310,-416.7 130.3,-519.1 116.8,-27.4 -47.3,-295.7 494.4,134.1 339.6,603.4 316.6,622.7 316.2,642.3 -3.5,122.5 -2.2,245 1.3,367.4 0,0.5 53.9,10.2 68.8,-1.6 140.1,-110.8 74,-260.9 67.5,-398 -0.6,-17.9 -32.1,-34.6 -453.5,-610.1zm11921.7 -3788.2c-51.3,-107.6 -127.8,-210.2 -148.3,-323.3 -26.1,-141.9 -289.3,-261.8 -132.1,-375.4 154.8,-111.5 309.5,-189.1 362.9,-384.8 138.3,47.9 356.7,-130 399.5,201.6 22.5,173.4 235.8,190.6 284.1,-32.5 39.6,-181.1 134.2,-208.2 256.7,-142.5 103.3,54.9 96,172.1 8.2,256 -103.3,98.6 -123.5,176.3 -50.9,324 112.8,229.5 87.3,241.8 -194.9,431.4 203.3,98.9 410.2,17.6 608.1,45.5l0 309.5c-187.5,35.2 -480.3,-135.8 -490.7,252.7 -0.5,20.2 -78,44.5 -122.5,55.2 -90.1,21.6 -143.1,-33.4 -157.9,-110.2 -13.8,-72.8 4.1,-151.4 -4.2,-226.2 -33.1,-302.2 -298.8,-422.2 -618,-281zm-6087.3 5881.5c195.7,-238.9 381.1,-135.1 541.7,-150.9 153.6,-15.2 321,19.6 288.3,-226.5 -2.5,-16.9 62.6,-42.2 96.8,-63 104,488.8 526.4,188 794.7,321.6 -417.9,630.3 344.9,1149 159.6,1786.7 -196.4,21.8 -463.1,187.7 -435,-235.5 15.3,-231.2 12,-371 -311.7,-374.3 -155.9,-1.3 -337.6,-249.4 -450.9,-423.1 -50.3,-76.8 -101.3,-318.1 159,-325.7 75.2,-2.2 154.2,5.3 224,-16 32,-9.8 54.9,-76.4 66.3,-121.1 21.2,-84.7 -25.4,-165.3 -100.6,-167.9 -324.5,-10.7 -648.9,-4.3 -1032.2,-4.3zm41566 17146c-168.2,-522.8 301.9,-679.1 473.1,-985.9 110.2,-198.1 433.1,6.5 635,-81.9 160.3,141.2 76.1,305.5 92.2,450 18.4,164.9 -46.6,318.2 236.9,377.2 155.4,32.4 70.3,352 46.3,564.6l-686.9 0c-139.8,-166.3 -8.2,-389 -113.1,-686.9 -123.1,463.4 -388.8,438 -683.5,362.9zm-55634.1 25227.8c-265,116.2 -604.7,-89.7 -843.9,183.3 -32.4,37.1 -180.7,-4.9 -188.5,74.6 -17.6,179.9 -84.9,329 -261.4,209.9 -190,-129.3 19.8,-242.7 85,-365.4 54.4,-103.5 -47.8,-246.6 60.4,-357.8 170.5,-174.9 183,-280.9 -108.2,-340 -168.2,-34.7 -116.5,-285.4 -244.7,-404.7 199.2,-106.9 405.8,-45.4 601.8,-45.4 728.7,0 931.3,241.3 899.5,1045.5zm44892.4 -31913.1c90.2,-250.3 230.7,-432.2 198,-686l708.9 0c120.2,204.2 1.8,468.2 70.4,729.2l707.3 0c79,262.5 40.5,507 34.8,765.2 -217.4,7.2 -85.6,-217.1 -187.3,-240 -179.5,-40.3 -72.8,123.3 -114.4,182.6 -109.2,156.9 -277.9,65.9 -419.7,85.1 -177.9,24.4 -163.9,-98.9 -207.5,-227.2 -114.1,-336 -406.9,-493.1 -790.5,-608.9zm16313.1 -7961.6l1117.9 0c114.2,-227.3 216.4,-431 375.2,-746.6 34.5,398.6 -32.7,711.9 213.9,919.4 -203.7,208.8 -431.4,44 -634.3,155.8 6.5,257.4 -134.3,483.6 -233.1,712.5l-819.2 0c-203.5,-233.6 248.1,-358.2 69.8,-538.8 -152.4,-155.4 -140.5,-303.7 -90.2,-502.3zm-48672.7 34056.2c215.2,-24.5 337.1,-38.6 456.1,-51.9 89,-177 38.7,-354.2 38.2,-530.2 -167,-161.8 -399.2,17.7 -601.6,-126.6 -111.1,-450.5 538.4,-554.7 459.8,-1004.4 413.3,288.5 598.5,682.2 732.3,1106.3 109.6,346.9 63,507.9 -285.4,721.4 -108.4,66.6 -98.9,146.5 -149.2,211.5 -149.6,193.8 -304.6,145.2 -458.4,-109 -38.3,-63.9 -99.6,-114.1 -191.8,-217.1zm6999.8 -27870.7l0 398.8c-269.7,123.5 -580.2,-7 -869.3,67 -117,158.5 -60.1,344.4 -45.2,511.2 9.6,106.6 216.3,127.6 232.7,62.6 100.9,-396.4 379.2,-286.8 631.5,-262.8 197.2,309.5 -112.5,495.6 -159.7,742.6 -157.8,-44.6 -38.9,-250.1 -169,-289.3 -140.2,-42.3 -194.8,18.5 -250.2,175.5 -67.5,189.9 -228.3,176.1 -284.8,-31.9 -56.5,-210.3 -279.6,-262.5 -335.5,-479.3 -47.2,-183 -182.8,-345.3 -138.8,-554 44.2,-211.7 147.2,-357.8 389.9,-370.7 27.9,-1.8 44.5,-126.9 74.8,-191 29.4,-61.2 44.3,-117.6 145.7,-44.5 359.7,259.8 364.6,252.6 777.9,265.8zm-25289.1 -11602.8c-149.6,-884.9 -132.6,-1066.5 159.3,-1914 145.6,132.3 -76,491.7 317.7,492.1 67.9,0 190.6,273.2 186.8,359.1 -14.7,354.3 127.8,462.2 530.3,328.4 -110.4,368.3 -276.7,626.8 -187,914.3 -279.2,107 -464.7,103.3 -518.8,-210.7 -11.3,-66.1 -102.6,-120.4 -108.4,-184.1 -18.7,-190.2 -132.2,-198.8 -258.7,-139.6 -122.9,58.1 -15.4,191.3 -121.2,354.5zm57624.2 31393.4l0 1212.8c-259,8.2 -475,71.5 -538.4,350.9 -68.6,301 -334.7,360.1 -566.4,447.3 -172.6,65.3 -281.2,-68.1 -379.9,-183.2 -112.2,-131 -19.4,-216.5 64.2,-319.3 55.6,-68.6 66.3,-173.9 103.5,-282.8l678 0c15.6,-160.5 -220.3,-235.8 -94.4,-393.9 170,-213.5 272.9,-437.5 299.6,-723.3 19.8,-211.5 249.4,-67.5 433.8,-108.5zm-6019.6 14938.2c-0.2,59 2.2,118.3 2.6,177.3l-1307.9 0c62.3,-180.5 144.3,-356.1 371,-402.8 137.1,-27.9 151.2,-90.2 164.8,-199.1 6.2,-51 90.6,-186.2 120.6,-55.2 84,366.3 451.4,299.2 648.9,479.8zm-49228.2 -4877.7l1326.4 0c120.9,-107.9 51.2,-219.5 78.3,-312.6 42.3,-144.2 246.7,-206.3 252.8,-113 11.5,165.4 278.3,248 93.7,490.4 -173.9,228 -147.9,620.1 -594.5,578.3 -74.2,-7.1 -93.5,157.4 -57.9,190.8 224.2,208.2 88.8,248.5 -112,284.1 -125.6,22.2 57.7,271.2 -163.6,239.4 58.1,-236.7 -329.6,-227.2 -258.1,-421.7 49,-133.6 99.8,-230.1 -23.8,-318.9 -112.9,-81.3 3.1,-310.6 -244.5,-312.8 -243.1,-2.3 -21.3,308.3 -238,293.4 -98.8,-163.6 -27.2,-345.3 -58.8,-597.4zm61649.2 -35788.1c-30.9,-89.3 -62.7,-179 -93.5,-267.7 -164.8,53.2 -42.7,249 -228.7,326.5 -14.6,-399.5 -99,-776.4 -281.2,-1115.5 -77.6,-144.8 -46,-214.2 41.9,-324.7 133.1,-167.6 76.6,-255.1 -140.1,-289.2 -181.9,-28.3 -100.8,-201 -109.1,-314.1 -10.9,-149.9 106,-156.6 206.5,-141.6 202.3,30.7 257.4,-66.9 276.7,-248.5 9.4,-85.1 129.8,-78 197.1,-58.8 77.5,21.8 131.8,132.7 86.1,177.2 -325,310.9 -75.4,603 57.5,855.2 107.7,204.4 38.7,563.3 411.4,594.3 4,0.2 8,140.2 -0.8,141.6 -419.8,71.9 -279.1,442.2 -423.8,665.3zm-35572.9 -21475.3c-236.9,442.9 -331.9,829.6 -68.7,1232.9 47.4,72.5 -29.7,140.3 -109.8,158.1 -78,16.9 -183,-6.3 -189,-79.8 -17.9,-224.2 -6.1,-450.6 -6.1,-690.4 -371.4,125.4 -622,-6.5 -620.1,-274.8 0.9,-152.2 0,-286.9 128.8,-415.6 67.9,-68.4 37.3,-234 59.2,-424.6 152.9,140.5 254.2,222.2 293,413.9 26,126.4 242.2,133.3 280.7,-13.4 38.6,-146.5 57.7,-222 225.4,-218.8 432.6,8.6 865.4,2.8 1280.9,2.8 98.4,235.1 45.2,423.7 30.5,693.8 -139.2,-233.3 -148.3,-449.7 -444,-394.8 -273.8,50.6 -564.4,10.7 -860.8,10.7zm12317.4 28478.3c76.1,259.9 -63.2,505.2 -176.1,681.1 -124.1,193.8 -124.9,363.6 -133.6,556.7 -109.8,-22.3 -279.5,75.5 -306.2,-121.4 -47.6,-349.6 -305.4,-346.7 -591.5,-359.4l0 -1034.6c251.5,-40.3 -3.6,305.3 246.2,284.5 184.4,-15.3 151.8,-137.1 206.8,-240.6 55.9,-105.8 143.9,-191.7 157.2,-323.5 2.5,-24.6 78.2,-49.3 123.4,-60.2 90.2,-22.2 152.5,31.6 160.9,110.5 13.4,127.1 -11.5,258.9 7,385.1 29.4,196.6 196.1,98.7 305.9,121.8zm11406.4 -12833.6c-91.3,245.8 -124.2,334.9 -191.9,516.7 -63.9,-289 -268.7,-460.2 -73.4,-716.9 125.1,-163.6 367.8,-177.7 466.4,-2 161,286.4 201.1,600.3 138.1,907.5 100.6,29.4 145.8,44.8 192.7,55.7 480.5,114 521.1,227.8 296.2,635 -101.6,183.2 -427.1,151.9 -387.9,442.6 -73,0.3 -204.2,31.4 -199.9,-41.6 15.4,-263.2 -322.9,-220.8 -335.8,-388.3 -16.4,-214.9 -84.8,-450.4 72.8,-659.3 133.8,-176.7 64.4,-377.6 22.7,-749.4zm-14192.2 -9763.1c-152.1,49 -391,-130.5 -453.8,121.8 -41.6,167.5 -108.9,226.9 -245.8,175.7 -113.6,-41.9 -71.5,-174.4 -72.1,-271.4 0,-46.1 7.3,-106 36,-136.9 109.8,-118.5 224.9,-262.1 6.3,-341 -124.3,-44.5 -374.1,-113.3 -364.8,212.9 2.7,94.9 -148.2,110.9 -246.4,56.6 -85.7,-47.2 -77.5,-168.4 -44.5,-201.5 162.3,-161.5 197,-383.2 298.1,-572.7 37.6,-70.6 59.4,-147.8 149.8,-124.9 407.3,101.1 281.7,-228.9 346.2,-411 10.7,-29.6 82.9,-37.6 126.9,-55.7 64,429.3 101.3,457.4 619.2,464.3 73.8,218.2 -184.8,336.6 -159.4,548.4 21.2,176.3 4.3,356.6 4.3,535.4zm19144.5 48376.1c-306.6,87.4 -572.3,-35.5 -606.5,327 -7.6,82.9 -143.9,70.6 -197.7,40.5 -99.3,-55.2 -113.6,-165.8 -41.2,-254.7 159.1,-195 437,-260.9 540.8,-530.1 39.6,-103.3 22.3,-194.4 42.5,-289.2 76.1,0 177,-31.4 223.1,5.8 234.5,187.2 486.1,329.5 743,358.5 -117.1,410.9 -220.6,816.9 -351.6,1214 -67,202.4 -226.9,316.9 -459.5,279.5 -154.1,-285.5 -292.1,-566.9 -5.4,-861.7 37.9,-38.7 5.4,-146.3 112.5,-289.6 -10.7,-108.7 -70.6,-65.9 -104.7,-3.2 -36,66 -4,86 69.9,73.3 83.5,-14.5 189.3,28.3 218.4,-94.4 2.5,-11.4 -72.7,-41.4 -183.6,24.3zm-46152.5 -49615.8c-70.8,-48.3 -56.9,-129.8 -82.3,-197 -61.5,-161.7 -242.7,-164.1 -273.4,-42.8 -37,144 -308.6,311.1 -31,480.2 -188.6,248.1 -94.8,574.3 -230,831.7 -39,75.2 -104.9,188.5 -234.7,166.9 -165.9,-28.2 -265.1,-143.5 -304.6,-291.6 -32.9,-124.9 54.1,-172.4 176.4,-174.8 84.1,-1.3 128.9,-51.4 130.7,-146.1 3.5,-146.3 -85.7,-161.8 -196,-160.9 -51.8,0.6 -105.1,8.9 -154.2,-2 -80,-17.6 -122.9,-65.7 -118.9,-159.5 3.7,-94.4 48.7,-150.5 131.6,-145.3 361.8,23.3 517.8,-143.5 492.2,-499.3 -5.5,-73.4 -0.7,-153.4 22.9,-222.1 120.5,-350.5 380.1,-589.6 535.1,-501 165,94.4 164.8,307.7 279.9,421 207.2,204 -5.8,301 -60.8,446.6 -25.2,66.9 -12.3,148.1 -82.9,196zm-13225.9 43415.6c-22.7,-304.9 -325.5,-457.8 -168.3,-708.3 -225.1,-143.1 -453.4,31.9 -643.5,-158.8 102.6,-279.6 158.5,-598.9 599.6,-530.7 60.1,9.5 128.9,-53.2 195.7,-75.1 257.9,-83.9 450.2,-2.6 447.1,258.1 -2.7,263.8 115.8,468 193.5,692.6 86.1,249.4 -25.9,494.6 -271.9,520.8 -99.7,10.3 -201.7,1.4 -352.2,1.4zm25885.1 -31212.1c-71.8,-177 -85.6,-333.1 67.2,-480 83.3,-80.2 71.7,-200.6 -29.4,-254.5 -86.2,-46.1 -220.9,-36 -232.9,94.4 -37.2,404.6 -302.4,83.7 -409.5,217.1 -165.2,-310.1 253.4,-436.2 100.2,-688 -6.9,-11.6 66.2,-102.2 87.8,-97.3 401.8,98.9 431.7,-253.8 511.9,-467.5 67.6,-180.2 166.1,-151.4 282.3,-155 79,-2 188.5,-11.6 188.8,-80.9 1.5,-209.4 91.1,-306.8 266,-190.1 137.4,92.4 8.1,203.1 -58.9,312.8 -97.6,159.4 -147.4,348 -225.4,520.2 -19.8,44.1 -69.7,74.3 -106,110.4 179.7,177.2 188.4,430.4 113.8,611.2 -70.6,170.5 -412.3,147.4 -443.5,417.2 -9.1,77.7 -15.6,134 -112.4,130zm44607.1 23395.6c-17.5,17.2 -51.1,38.1 -48.5,51 8,36.1 31.4,69.5 48.6,103.8 17.1,-17.4 50.9,-37.9 48.5,-50.8 -8,-36.5 -31.4,-69.7 -48.6,-104zm154.1 -617.6c122.3,340.9 47.5,627.7 213.5,918 133.9,233.6 -70.5,592.7 138.6,888.8 -132.7,177 -417.1,-72.5 -572.5,121.4 -48.1,59.6 38.7,200.1 -110.6,212 -16.8,1.7 -53.9,-46.6 -51.7,-49.1 205.7,-271.8 -449.5,-127.5 -206.2,-429.9 52.3,-65 33,-187.9 48.1,-284.1 35.2,-225.5 -47,-331.5 -286.5,-296.8 -121.6,17.6 -191.8,-44.1 -175.3,-171.2 5.6,-44.3 40.5,-119.8 64.1,-120.7 259.5,-9.1 485.4,-26.9 562.3,-358.9 42.7,-183 434.6,-113.6 376.2,-429.5zm-66115.4 772.2c-356.6,-417.5 -3.9,-807.1 51,-1238.2l1341.8 0c-111.2,364.7 -540.9,667.7 -202,1120.2 91,121.1 -142.5,153.2 -115.6,296.7 25.9,137.4 -114.9,154.4 -206.8,125.4 -114.4,-35.6 -140.9,-182.8 -71.5,-236.2 180.2,-138.3 111.3,-309.1 136.5,-464.9 -386.7,-200.4 -604,-49.5 -754.1,288.8 -25.8,57.6 -83.7,132.7 -179.3,108.2zm63847.5 -3687.1l0 1325.4c-167.7,4.5 -381.2,202.6 -467.8,-197.1 -32.1,-149.1 -305.2,-105 -427,111.2 -66.2,116.9 -134.1,143.8 -230.3,121.5 -77.7,-18.7 -109.3,-106.6 -86.4,-183.7 46.4,-158 -149.8,-408.3 226.3,-453.7 141.4,-16.5 165,-354.1 -13.4,-423.3 -180.6,-69.5 -305.2,-126.9 -165,-276.3 91.7,-97.3 293.2,-145.8 422.8,85.3 124.3,221.1 205.5,222.2 289,15.6 109.8,-273.2 274.6,-126.9 451.8,-124.9zm-60794.9 -19097.3c-29.2,658.8 -210.2,1210 -317.5,1773.1 -15.1,79.1 -88.8,165.2 -152.7,111.6 -242.7,-203.9 -479,103.5 -734.5,-20.9 -5.9,-150.1 142.4,-262.5 127.1,-436.6 -12.7,-148.3 -136.9,-424.6 104.2,-447.4 253.4,-23.6 160.7,-214.1 242.9,-310.3 106.9,-125.4 238.2,-279.3 246.9,-427.7 18.5,-327.3 244,-169.1 483.6,-241.8zm19338.5 12876.4c15.1,-315.3 -54.8,-642.9 153.3,-935.2 117.6,-165.6 409.1,-217.9 452.2,-48.3 33.5,133.1 174,216.9 160.8,315.5 -71.4,528.6 328.7,1009.3 112.9,1567.3 -132,87 -313.9,8.9 -483.8,32.2 -72.6,-46.1 -86.8,-113.7 -85.5,-193.5 3.1,-205 18.2,-411.6 -3.8,-614.5 -21.1,-196.4 -195.3,-95.5 -306.1,-123.5zm-10211.5 -17836c-20.3,-438.4 358,-559.5 508.3,-833.6 77.5,-142.1 328.4,-40.3 511.4,-51.3 86.8,190.9 174.3,385 264.1,583.4 102.6,27.2 98.8,-46.3 108.2,-117.5 43,-327.1 290.5,-39.5 378.1,-185.5 130.8,187.5 94.4,347.1 78.5,489.2 -23.8,205.4 -263.8,392.5 -428.1,298.5 -447.3,-256.7 -933.8,-63.4 -1420.5,-183.2zm21681.3 -5083.2c-352.9,44.4 -679.9,-34.5 -971.4,159 -104.6,69.7 -285.6,44.3 -291,-204.4 -5.6,-239.1 -222,-459.6 2.5,-720.7 160,-186.1 320.1,-223.6 461.5,21.6 114.5,199.2 264.5,202.6 304.9,43.2 121.5,-477.2 441,-369.8 793.3,-342 -214.7,329.5 -378.3,642.1 -299.8,1043.3zm-32053.3 24959.5c0,-102.4 -31.5,-221.3 5.3,-248.2 262.7,-196.6 518.1,-383.7 695.8,-679.8 45.4,-76.1 324.2,-11.5 507.6,-11.5 158.5,604.5 -393.6,1059.1 -270.7,1640.4 -215.1,72.8 -405.3,60.4 -591.4,20.7 -76.6,-259.5 -59.2,-487.1 116.5,-721.6l-463.1 0zm62219.3 902.7c-179.4,0.4 -358.8,0.4 -538.3,0.4 -78.6,145.6 -179.5,284.4 -228.2,440 -33.7,107.5 -46.8,186.6 -178.6,179.7 -148.1,-7.6 -149,-113.8 -136.5,-214.4 26.7,-214.3 -96.6,-460.5 140.9,-636.8 36.3,-26.8 42.3,-149.2 -35.4,-200.2 -96.4,-63.5 -232.4,-52.8 -250.7,46.3 -26,139.8 -28.4,246.7 -207.9,231.6 -97.7,-8.1 -221.8,28.7 -262.3,-87.5 -31.6,-90.7 -23.1,-221.8 121.6,-219.1 191,3.3 143.8,-145.9 200.6,-242.3 126,-213.9 323.1,-307 571.3,-176.7 21.6,11.3 34.1,46.9 54.8,51.6 158.9,34 298.3,-237.4 489.2,10.2 149.8,193.7 69,384.8 108.2,573.6 19.5,92.2 171.9,116.4 151.3,243.6zm-31724.8 28887.8c-0.1,-74.4 -4.2,-148.6 -4.2,-220.9 216.4,-18.9 124.4,140.5 183.5,220.9l-179.3 0zm270.6 0c154.5,-335.1 -302.1,-633.3 -82.2,-959 186.8,20 272.4,-238 493.4,-229.8 199.5,6.9 254.1,71.2 251.6,267.8 -2.4,151.2 -134.9,202 -163.6,319.5 -48.4,200.3 -250.3,391 -129.8,601.5l-369.4 0zm-9994.2 -59527.6c262.3,-25.9 376.1,114.2 425.5,285.4 32.9,115.1 59.5,178.1 185.3,174.6 202.6,-4.5 77,-213.8 178.8,-279.9 496.4,400.8 58.1,867.7 85.9,1301.8 1.5,17.6 -81.7,61.5 -122.3,57.3 -199.4,-19.8 -310.5,22.7 -358,256.4 -26.3,128.5 -193.9,72.6 -274,-96.3 -91.1,-193.1 -147.9,-318 -33.5,-582.3 135,-312.8 108.9,-751 -87.7,-1117zm4502.3 40448.5c-192.8,146.3 -192,220 -203.5,296.3 -12.1,79.7 -72.8,119.2 -163.7,112.5 -91.3,-7.4 -137.1,-49.2 -141.6,-137.2 -2.9,-51.2 2.7,-103.1 -1.3,-154.5 -13.4,-174.4 435.9,-443.3 -103.3,-510.6 -41.4,-279.2 -208,-371.1 -497.9,-255.8 16.2,-250.5 342.7,-120 301.7,-368.7 -22.9,-135.6 -75.2,-307.2 77.3,-443.7 91,200.8 179.2,395 271.4,598.4 165.6,114.3 397.9,-67 568.4,104.3 -387.6,305.4 94.8,337.7 131.6,490.9 104.6,435.5 457.8,69.5 618.5,263.9 -65.9,132.9 -134.2,271.3 -217.5,438.4 -41,-118 -51.2,-226.1 -108.9,-292.8 -75.3,-87.1 -186.3,-67.5 -255.1,27.8 -25,34.1 1.7,101.5 -13.6,148 -45.7,139.7 138.2,419.1 -184.8,389.5 -230.2,-21.6 -89.1,-246.9 -119.8,-378.5 -16.7,-73.5 -2.7,-153.9 42.1,-328.2 15.1,-20.7 -27.2,-2 -42.6,29.2 -31.3,64.9 0.5,97.2 65.1,65.4 31.4,-15.4 52.3,-57 70.5,-90.8 2.9,-5.4 -30,-30.8 -93,-3.8zm107.9 -26833.4l-845.1 0c-64.2,-223.1 -359.8,-442.6 -217.1,-643.9 167,-236.9 81.9,-478 162.3,-703.3 167.7,-91.8 440.4,-102.5 497.4,-27.7 113.1,148.1 183.9,311.5 388.3,352.9 -187.5,109.8 471.6,371.4 -79.7,432.7 -94.2,10.6 -99.8,175.7 -7.6,247.8 124,95.7 106.2,216.9 101.5,341.5zm-10048.4 -18591c15.2,-66.6 51.8,-120.2 99.8,-166.5l454.8 0c-126.6,160.5 -285.3,218.1 -554.6,166.5zm28870.1 14894.8c-138.3,-257.4 -258.1,-464.2 -361.6,-678.4 -66.6,-137.9 -98.4,-377.2 33,-397.3 265.2,-39.6 277.6,-489.5 626.7,-342.6 56.1,23.8 103.8,8.5 73.1,83.9 -126.7,313.7 344.8,133.8 318.6,399 -23.6,239.4 -18,472.1 128.7,716.5 128.2,214.2 -122.3,444.7 -219.6,661.7 -8.6,19.4 -104.6,18.5 -146,-1.7 -37.2,-17.9 -67,-72.6 -78.8,-116.3 -43.9,-166.7 197.9,-222 156.5,-399 -21.6,-92.6 20.7,-238.6 -103.5,-243.7 -122.9,-5.6 -319.6,-113.6 -365.7,132.6 -8.6,46.4 -29.1,90.4 -61.4,185.3zm-16975.2 39541.6c-92.2,111.1 -228,58.6 -346.9,59.3 -281,1.3 -440.9,138.2 -406.8,412.1 29.9,240.2 -76.6,383 -289.9,558.8 -4.6,-322.1 -58.1,-570.6 86.9,-877.7 206.1,-437.7 260.2,-939.5 180.3,-1468.8 207.7,35.4 391.6,-171 500.1,182.4 75.9,247.1 413.9,402.7 144.3,740.3 -85.7,107.3 246.4,193.9 132,393.6zm-9435.8 -14946.2c-54.5,632.4 310,1188.6 124.3,1809.6 -120.5,73.6 -377,68.8 -377.4,-7.4 -0.2,-216 -466,-396.5 -49.9,-623.9 -225.6,-240.2 -544.6,26.5 -792.8,-187.5 103,-286.7 160.5,-598.6 602.9,-534.5 336.2,48.5 134.7,-426.4 492.9,-456.3zm2614.2 -15327.3c66.4,357.3 -78.8,706 319.1,1030.9 -391.3,17.8 -677.4,241.8 -806.5,-216.7 -7.1,-25.1 -166.7,-48.7 -193.3,-18.2 -59.4,67.2 -56.1,203.2 -121.5,248 -80.6,55.2 -106.7,-41 -101.8,-116 10.1,-152.1 -96.6,-141.1 -199,-158.5 -57.5,-10 -145.6,-36.1 -50.6,-138 168.3,-180.9 171.2,-308.2 -127.1,-327.8 -73.9,-4.7 -102.2,-102.6 -86.6,-182.4 15.8,-80.1 56.6,-125.3 154,-123.7 384.8,5.7 769.5,2.4 1213.3,2.4zm24449.4 -17207.6c-253.2,88.1 -622.3,-128.1 -649.5,325.2 -168.1,-36.9 -32.7,-239.3 -165,-290.7 -116.8,48.5 -56.9,175.8 -112.6,246.9 -24.9,32.5 -82.8,44.5 -128.3,54.5 -96.1,21.8 -130.7,-42 -154.3,-120 -75.5,-247.4 181.9,-390.3 192.2,-635.9l627.2 0c117.5,-73.9 109.8,-151.6 109.8,-226.9 0,-306.6 4.9,-613.4 -1.4,-919.9 -6.2,-281.3 133.2,-404.4 476.7,-428 -122.9,197 -139.8,382.1 -184.3,544.4 -74.6,269.9 303.7,440 111.9,680.6 -184.8,232 -32.5,490.3 -122.4,769.8zm10393.4 956.4c25.1,-292.7 -75.3,-533.9 155.2,-708 29.6,-22.3 38.1,-162.7 -53.2,-194.8 -60.2,-21.6 -194.9,-8 -197.7,7.6 -79.1,435.7 -389.2,247.8 -624.3,253.4 -154.3,-245.9 75.6,-396.4 183.2,-419.7 280.1,-59.7 309.5,-368.6 538.4,-461.8 20.4,-8.3 18,-169.3 87,-163 77.5,7.3 63.3,116.7 76.2,189.9 6.8,38.7 53.4,84.9 92.6,100.6 121.8,47.5 323.5,-101.2 364.5,140.1 26.5,153.8 -104.2,289 -119.4,401 -24.5,180.6 -241.3,532.6 218.9,571.1 87.5,7.6 64.1,130 52.1,199 -5.6,33.5 -69.9,79.1 -109.3,80.9 -201.1,7.8 -402.4,3.7 -664.2,3.7zm-7503.8 22129.9c-145.4,-293.3 -208.9,-310 -382.5,-90.4 -50.8,64.3 -101.3,103.7 -184,93.3 -146.2,-18.1 -140.5,-128.1 -125.5,-227.1 36.9,-234.1 102.6,-454 358.9,-547.7 77.2,-28.5 118.2,-86 103.5,-172.8 -3.8,-24.1 -8.7,-48.1 -24.9,-136.3 -209.1,0 -432.9,4.7 -656,-4.5 -32.4,-0.9 -90.1,-69 -86.8,-101.7 5.8,-68.4 51,-194.1 68.6,-192.2 357.3,41 549.5,-133.8 598.1,-547.4 153.6,255.1 10.4,633 445.7,549.4 107.7,-20.6 274.8,452.3 208.6,590.1 -123.6,256.3 -129.8,560.6 -323.7,787.3zm9029 -22480.5c22.2,214.4 35.2,335.5 47.2,450.6 171,115.6 355.1,8.9 552.6,84.8 81,81.1 73.9,412.4 -35.4,595.4 -149.4,251.2 -413.3,410.4 -538.4,682.2 -37.9,82.8 -158.7,65.9 -142.3,6.9 59.1,-206.4 -378.9,-365.3 -48.7,-580 -236.7,-208.8 85.3,-696.2 -396.4,-800 -34.7,-7.7 -24.6,-224.4 -33.8,-326.1 191.1,-136.8 375.8,-24.5 595.2,-113.8zm-44741.4 -7727.6l-2.3 23.2c-321.6,149.6 192.4,327.5 87.7,392.1 -212.4,191.7 -348.4,141.5 -466.2,132.6 -72,-5.8 -253.8,102.2 -218,-65.7 35.4,-168.7 -214.6,-230.8 -101.3,-370.6 30.4,-37.7 53,-74.2 68.1,-111.6l632 0zm-1217.9 0c9.7,57.2 51.8,115.1 121,169.6 276.3,217.1 280.8,364.6 -81.9,498.4 -75.1,27.6 -47.4,326.4 -265.6,224.8 -124.1,-57.8 -101.4,-255.4 -210.4,-374.3 -85.1,-92.8 -13.2,-233.5 169.4,-232.8 79,0.4 128.7,-54.6 122.7,-151.9 -2.4,-40 -3.5,-85.4 -3.8,-133.8l148.6 0zm17430.6 45995.6c78.4,148.6 178.8,288.4 225.4,444.3 32.9,109.5 58.1,154.7 179,181.9 595.8,134.6 594.4,141.1 555.5,768.8 -385.4,-215.6 -426.8,502.9 -884.4,248.5 50.3,-367.7 -66.3,-721.9 -368.3,-1014.2 -176.1,-170.3 -165.2,-297.3 128.1,-331.8 65.4,-7.6 109.8,-193 164.7,-297.5zm32677.3 15795.9l921.4 0c79.9,173 168.5,364.2 289.6,627.4 10.9,16.1 96,-12.7 167,-17.6 327.3,-22.5 643.3,6.2 935.2,169.4 81.4,44.8 77,131.4 61.9,202.5 -8.3,37.3 -64.1,87 -102,90.8 -228,22.5 -514.5,-91.8 -576.9,285.7 -3.6,24.2 -186.6,28.2 -285.7,23.3 -39.2,-1.8 -102.2,-48.3 -108.6,-82.4 -13.2,-70.1 -32.5,-167.6 56.1,-202.6 105.5,-42 268.1,1.2 247.6,-195.7 -2.5,-24 -9.6,-47.8 -16.5,-81.3 -300.1,-191.6 -718.7,136.5 -989.7,-207.5 -455.8,85.8 -449.8,-275.2 -599.4,-612zm-55477 -27241.3l680 0c68.1,151.2 158,315.7 217.3,490.7 122.2,358.1 155.1,389.3 387.8,595.7 111.6,99.5 354.7,190.6 189.9,416.3 -125.3,171.5 -164.3,510.8 -547.2,303l0 -596.2c-134.8,-237.1 -474.8,-30.8 -473.2,-210.6 4.3,-416.8 -590.9,-495.5 -454.6,-998.9zm28521 774.6c152.5,70.4 41.6,286.2 213.1,366.7 102.2,47.5 197.2,147 187.2,303.7 -4.4,70.8 87.6,109.4 171.9,97.1 85.1,-12.5 127.6,-52.8 132.7,-145.8 8,-134 -73.2,-354.7 185.3,-311.7 229.3,38 79.9,251.1 123.6,378.7 7.7,21.2 35.4,35.9 59,58.1 172.5,-52.3 76.5,-197.9 90.4,-299.2 12.6,-91.1 49.4,-136.5 135.1,-143.9 124.4,-10.6 149,58.1 185,172.1 145.8,465.2 -249.4,670.4 -452.4,955.7 -155.4,218.8 -405.2,91.9 -625.7,87.5 36.3,-179 151,-126 235.8,-131.2 101.3,-5.1 207.8,10.5 216.9,-137.8 7.8,-130.2 -57.7,-176.5 -180.2,-174.3 -177.4,3.8 -354.9,0.9 -525.6,0.9 -314.6,-705.4 -314.6,-705.4 -152.1,-1076.6zm27500.7 -3632.7c205,226.2 46.2,511.4 141.6,566.6 626.9,361.6 171.6,778.4 135.6,1188.1l-860.4 0c-118.9,-138.5 -3.1,-216.5 39.7,-330.9 100.6,-269 401.4,-537.5 64.5,-856.8 -51.4,-48.7 -4.7,-208.1 146.8,-189.9 235.1,28.5 371.6,-61.7 332.2,-377.1zm-16904.3 -18753.1c-169.2,-152.5 -397.1,17.1 -572.6,-104.7 -149.6,-227.7 204.6,-319.3 140.5,-525.7 165.6,-104.1 345.8,-37.8 517.6,-49.4 152.4,-10.5 306.9,-2 468.5,-2 277,469.3 -163.2,887.5 -93.5,1336.4 -146.9,102 -302.6,37.1 -448.6,56.3 79.4,-200.2 -157,-303.7 -147.6,-471.8 4.8,-81.3 87.4,-158.7 135.7,-239.1zm-20857.3 44406.6c-210,-106.9 -140.5,-248.1 -212,-307.8 -190.6,-159.8 -142.7,-286.5 19.2,-430.1 105.5,-93.3 291.9,-220.6 109.8,-357.4 -165,-123.8 -270.1,-6.4 -255.7,196.2 1.4,16.5 -33.1,50.3 -51.6,51 -69.3,3.6 -143,9.3 -205.8,-12.5 -27.8,-9.6 -59.6,-105.8 -44.2,-124.9 242,-291.4 171.2,-602.3 -16.1,-975.4 311.3,105.7 534.2,165.4 629.2,409 49.4,127.3 145.7,117.8 243.2,108 157.2,-15.8 221.3,38 228.9,206.4 8,167.9 -125.4,411 232.2,447.3 81.7,8.2 -68.1,301.4 -145.9,384.3 -79.7,84.8 -333.7,170.1 -398.1,-104.2 -16.6,-72 -14.6,-133.6 -133.1,-135.6l0 645.7zm129.3 -48181.2c6.5,-75.7 -10,-142.8 -100.6,-127.6 -24.3,4.4 -44.3,78.1 -51.9,122.4 -13.1,74.2 8.1,142.3 98.9,126.9 24.1,-4.2 36.7,-79.4 53.6,-121.7zm-464 -312.4l695.2 0c157.4,142.7 61.6,331.1 73.7,497.2 12.2,161.6 -6,314.5 233.7,282.1 21.4,-2.5 57.3,70.3 79.3,112.2 9.8,20.4 10.3,54.8 0,75.2 -22,41.6 -61.2,115.3 -79.7,111.3 -431,-90.6 -44.5,501 -393.4,468.7 -95.3,-9.1 -224.2,53.9 -276.6,-60.7 -57.2,-126.5 -24,-202.2 145.2,-257.4 326.6,-106.5 -215.5,-234 -13.1,-369.4 -250.5,-160.1 -111.6,89.1 -156.1,147.1 -121.1,156.6 -277.9,21.7 -462.9,135.7l0 -986.9c106.7,3.4 158.5,-48 154.7,-155.1zm2321.6 2940.5l-725.3 0c-111.6,-279.6 33.3,-545.3 -103.6,-757.7 -207.5,-116.9 -250.7,162.2 -409.2,138.8 25.3,-157.7 -248.1,-194.8 -160.5,-367.9 66.5,-118 168.7,-94.4 263.8,-96.6 408.8,-9.3 408.8,-9.3 670.2,-309.3 22,109.8 -72,275.2 118.6,306.2 166.1,26.5 337.6,20.3 597.8,33.8 -321.7,356.1 -238.8,712.1 -251.8,1052.7zm15395.3 47047c-221.3,-367.5 -296.4,-692.4 -190.4,-1063.5 174.4,-9.2 347.4,-18.5 520.2,-27.7 112.9,-106.2 21.5,-249.5 66.3,-359.3 63.2,-154.1 219.5,-98.6 333.1,-87.8 198.8,18.3 157.2,217.2 116.5,292.8 -109.6,203.5 -188.4,409.9 -139.2,631.7 53.9,240.7 -135.4,385.9 -211.5,561.7 -60.6,140.5 -322.7,40.8 -495,52.1zm-12119.2 -49783.3c380.1,-3.9 549.5,-387.9 855.2,-59.1 191.3,205.6 369.9,-239.8 660.7,-101.5 -257,473.8 -512.4,943.8 -768.2,1413.9 -40.1,73.7 -105.7,104.6 -186.4,89.2 -81,-15.5 -138.4,-55.4 -123.5,-153.8 64.1,-415.7 -91.5,-771.1 -437.8,-1188.7zm-25112.7 2878.8c-430.1,51 -675.7,-128.4 -840.5,-448.4 -134.7,53.9 -6.6,252.9 -195.9,304.6l0 -1077.2c165.9,75.5 115.3,379.2 385.8,313.9 191.5,-46.3 402.8,-9.1 572.5,-9.1 116.9,-68.5 77.5,-153.8 93.1,-224 30,-133.6 -94.4,-314.4 111.9,-391.8 39.3,-14.9 112.5,-4.5 139.4,23.3 121.8,127.9 34.1,290.1 53.3,436.7 5.3,41.1 -27.7,89.5 -50.2,130.9 -257.3,481.6 -257.5,481.6 -269.4,941.1zm59254.9 45306.6c132.6,-480.3 736.1,-721.2 485.3,-1260.7 197.1,-135.1 382.1,-86.8 548.6,-68.6 152.8,16.3 16.7,377.2 321.3,313.3 69.9,-14.5 123.8,179.9 40.3,243 -255.8,194.8 -339.3,392.3 -125.5,673 51.4,67.7 -33.2,136 -112.3,152.7 -78.1,16.1 -138.9,-17.3 -193.6,-79.6 -209.8,-239 -211.4,-237.4 -470.3,10.8 -128.7,123.8 -272.7,74.4 -493.8,16.1zm-10178.1 518.8c0,204.1 5.8,408.1 -2,612 -6.7,169.2 -232,271.4 -153,471.6 -229.5,0 -459.1,-1.1 -688.7,0.2 -98.2,0.3 -215,23 -236.6,-112.2 -15.6,-101.3 -0.2,-193.9 149.4,-201.2 257.1,-11.9 158.3,-224.3 148.2,-343.8 -16.4,-188.9 -192.1,-98.4 -303,-115.6 -49.6,-8 -101.7,-1.5 -152.9,-1.5 124.6,-453.1 270.5,-602.3 544.1,-432 242.7,151.4 464.3,87.1 694.5,122.5zm-10989.2 5107.6c388,16.5 388,16.5 540.6,308.2 69.2,-47.2 75.7,-117 82.6,-193.5 3.7,-39 50,-74.4 134.2,-188.8 -12.2,458.2 119.8,835.6 -102,1215.4 -47.2,81 41.7,241.4 76.6,406.4l-732 0c111.5,-232.3 223.1,-464.5 332.4,-691.8 -334.5,-193.5 -483.2,-52.6 -569.8,225.7 -118.9,-165.6 -91.9,-300.5 6.7,-482.9 98.6,-182.4 288.5,-350.2 230.7,-598.7zm5726.6 -37764.9l0 -383c-104.5,-162.5 -287,-24.9 -424.2,-114.2 -90.2,-101.1 -25.8,-233.7 -37.2,-354.2 -9.3,-99.1 18.7,-208.6 -122.6,-231.1 -79.5,-13.2 -187.1,16.7 -182.4,83.7 21.6,325.1 -224.7,244.9 -362,214.4 -215.3,-47.9 -55,-255.8 -126,-382 220.2,-176.8 663.5,108.8 714.9,-366.8 2,-18 225.1,-12.4 371.6,-18.5l0 696.5c319.9,205.5 473.1,80 547,-220.4 177.7,877.7 159.7,928.7 -379.1,1075.6zm-45370.7 8767.2c-18.1,-32.3 -36.7,-66 -55,-100 -17.4,17.4 -51.2,38.3 -48.5,51 8.2,36.5 31.1,69.5 48.5,104.2 17.1,-17.4 34.1,-34.7 55,-55.2zm-132.5 -1028.5l0 584.9c350.2,-95.3 508.1,219.6 708.7,391.9 173,148.1 54.1,462.5 60.1,709.2 -198.6,-21.9 -108.8,-169.3 -160.9,-217.3 -143.2,-133.4 -117.4,18.4 -145.5,97.5 -69.9,193.2 -409.2,157.6 -378.9,439.7 -161.6,-37 10.5,-334.6 -238,-303.5 -9.8,-276.9 94,-598.5 -305.3,-721.6 -20.2,-6.5 -43.8,-239.1 44.3,-347.5 183.7,30.7 32.8,243.3 184,278.5 20.2,-25 71.9,-59.5 72.8,-95.3 7.5,-231.1 -1.4,-463.1 6.7,-694.2 3.1,-80.2 54.3,-139.9 152,-122.3zm39752.1 -2322.9c13.5,247.6 65.7,420.2 166.3,596 61.7,108 18,296 -22.7,435.6 -22.9,79.4 -134.7,132.9 -206.4,197.9 -293.3,-405.5 -576.2,98.9 -865.3,10.2 -22.9,-6.9 -46.3,-11.1 -69.8,-16.5 382,-1207.6 382,-1207.6 997.9,-1223.2zm-49525.3 -11139c68.7,92.9 54.1,251.1 277.3,227.1 75.3,-8.3 -194.8,382.7 -264.3,396.5l-13 2.6 0 -626.2zm33812.3 -13765.1c169.2,109.1 92.2,391.4 404.5,405.9 138.8,-55.6 -103.9,-309.9 81.7,-408.8 15.6,10.7 42.3,18.8 50.6,35.9 153.2,309.9 180.8,321.7 335.8,67.4 69,-113.7 148,-138.2 236.9,-103.7 44.3,17.3 87.5,173.7 74.5,182.3 -441.5,293.9 -258.2,768.6 -318.8,1181.7l-547.5 0c-170.8,-427.1 -530.3,-818.1 -317.7,-1360.7zm-6435.6 11286c80,-338.8 315.5,-560.1 126.1,-891.4l1265.1 0c165.2,321.7 -58.8,586.2 -169.2,870.3 -190,-11.4 -22.8,-232.7 -160.4,-274.3 -166.9,32.3 -21.6,239.5 -179.2,281 -41.9,-91.1 -89.3,-193.8 -139.2,-301.7 -165.2,307.4 -165.2,307.4 -743.2,316.1zm-23853.5 -16406.5c-155.9,0 -308.6,5.6 -460,-1.4 -192,-8.6 -419.8,-292.7 -318,-455.5 7.8,-12.5 14.4,-24.9 19.9,-37.4l1071 0c-121.1,152.1 -274.5,277.1 -312.9,494.3zm18323.3 23370.6c2.2,-293.4 -70.1,-600 187.3,-789.5 -142.7,-244.2 -390.4,-24.7 -519,-291.4 416.1,45 792.4,-109.1 1184,127.3 140.8,85.1 239.2,100.5 234.7,287.7 -6.5,264.1 -358.5,657.9 -627,665.5 -153.8,3.6 -307.3,0.4 -460,0.4zm42561.7 0c-73.7,-239.1 217.1,-382.5 158.8,-625.2 -32.1,-134 55.8,-312.4 -204.2,-310.1 -131.2,1.3 -145.9,-155.6 -103.8,-231.8 225.2,-408.3 118.1,-864.8 170.1,-1450.1 223.2,462 122.1,1008.8 732.8,933.3 -3.4,269.6 170.5,579.1 -259.6,648 26.2,299.6 -246.9,527.4 -192,842.5 23.2,136.7 -14,142.9 -302.1,193.4zm-29972.8 -23864.9c170.8,161.6 53.4,182.1 -94.3,182.8 -116.2,0.5 -276.6,46.5 -266.6,-161 0.4,-7.2 0.4,-14.5 0.3,-21.8l360.6 0zm-26146.4 40969.7l-601.6 0c-52.8,-349.7 19.8,-637.9 338.2,-765 167,-66.6 104.5,-386.5 194.8,-269.9 113.1,147.2 359.2,270.4 354.9,352.9 -19.6,357 120.7,671.4 175.9,1005.6 11.9,72.3 23.7,187.7 -14.2,215.9 -84,63.5 -111.5,263.7 -257.8,173.3 -76.4,-47 -235.4,-73.8 -195.3,-251.6 27.1,-121 5.1,-252.8 5.1,-461.2zm27017.5 -14766.2c424.6,-44.8 780.4,132.4 847.9,-335.6 185,210.6 124.2,562.9 482.6,659.3 129.2,34.9 107.1,270.8 18.1,396.1 -96.6,136.9 -443.5,-122.7 -428,261.2 2.5,69.9 -73,73.2 -591.5,63.4 -61.7,-346.9 105.5,-748.1 -329.1,-1044.4zm8512.7 -24258.2c80.1,-27.4 125.3,-55.4 170.5,-55.9 741.2,-11.1 773.1,-2.2 750.5,759.7 -9.3,313.1 216.3,555.1 169.5,863 -15.2,97.5 20.2,213.7 -124.2,230.7 -113.6,12.9 -194.9,-23.6 -189.1,-163.4 11.8,-286.1 22.9,-569.6 -374.9,-613.9 -76,-8.3 -89.1,-102.6 -90.2,-183.5 -3.3,-213.3 68.6,-470.6 -283.7,-500.5 -19.3,-1.8 -19.6,-225.5 -28.4,-336.2zm-27235.7 10640.1c-56.4,-193.5 132.2,-312.2 147.6,-474.7 14.9,-156.7 207.7,-211.9 167.4,-398.1 -67.2,-307.2 413.5,-245.1 390.5,-539.2 76.9,0 165.3,-24.5 228.9,4.6 267.5,121.8 232.3,441.8 396.6,639.5 112.7,135.8 -157.7,201.7 -112.2,370.7 18.5,69.2 -84.7,30.7 -137.2,-26.1 -285.2,-307 -276.8,-287.9 -490.9,30.6 -124.5,184.8 -196.6,381.1 -281.5,578 -32.3,75.2 -81.9,115.3 -170.5,107 -89.1,-8.6 -135.8,-49.8 -138.5,-138.9 -1.8,-50.8 -0.2,-102 -0.2,-153.4zm-4232.9 20090.6c207.8,36.7 395.4,237.8 685.1,153.3 -26.2,343 -241.3,532.7 -313.5,774.9 -36.3,121.6 -103,125.8 -187,176.5 -143.4,86.7 -273.2,23.4 -398.8,44.1 -180.3,29.6 -159.8,285.3 -278.3,406.1 -25.4,25.7 -101.1,-5.3 -150,6.1 -78.9,18 -101.6,-1.6 -78.6,-79.7 6.6,-23.6 10.7,-57 -0.3,-76 -221.3,-371.6 343.8,-204.4 324.2,-476 -10.7,-149.4 -186.4,-416.3 192.2,-464.5 233.8,-30 -2.2,-335.9 205,-464.8zm21593.5 5433.8c-17.1,-288.4 -19.8,-362.5 -26.9,-436.7 -7.6,-81.6 33.3,-196.6 86.6,-179.6 307.7,97.5 134,-362.3 401.8,-322.6 417.5,61.8 282.8,-215.8 262.3,-431.1 -152.7,10 -233.5,216.9 -395.6,93.7 -53.5,-36.5 -26.5,-56.7 15.6,-111.8 201.4,-264 281.8,-563.7 253.1,-898.8 -14.4,-168.1 12.9,-339.1 26.5,-609.2 183.5,315.3 92.8,549.6 126.3,769.8 25.6,168.5 -128.1,437.7 238.9,434.3 75.7,-0.6 68.8,120.3 68.5,196 0,277.8 0,555.9 0,815.6 -210.6,100.8 -503.6,-33.2 -533.7,332.2 -6,72.5 -364,-25.7 -523.4,348.2zm21642.7 14080.5c238.6,1.5 512.5,-93.5 479.1,347.5 -16.9,221.1 252.5,47.5 416.4,177.7 -96.4,146.8 293.9,466.7 -203.8,569.8 -36,7.5 -66.3,124.9 -70.3,192.8 -9.6,173.9 -2.9,348.5 -2.9,499.2 -146.3,109.7 -273.4,52.8 -394.6,61 -173.6,-344.7 71.5,-671.1 50.3,-978.8 -19.1,-271.8 -324.3,-527 -274.2,-869.2zm-26002.7 -12538.4c337.5,7.8 713.6,-94.5 819.2,416.1 28.9,140.5 303,-42.7 397.2,111.1 56.3,91.7 -4.7,258 193,249.1 146.7,-6.6 153.2,111.1 134.2,209.1 -15.5,76.6 -88.3,107.8 -173.2,98.9 -294.3,-32.7 -575.1,21.4 -825.6,183.5 -144.4,-328.2 -64.7,-713.6 -489.6,-845.3 -126.9,-39.3 -35.2,-276.9 -55.2,-422.5zm-497 7212.6c243.6,273.2 176,551.2 -26.9,817.8 -340.7,-220 -188.8,-615 -317.9,-913.2 -80.9,-186.8 131.8,-455.5 323,-461.1 179.9,-5.3 360.1,-1.5 540,-0.6 153.6,0.6 325.7,29.6 290.8,-220.4 -2.7,-17 38.7,-57.5 42.2,-55.3 143.5,78.9 143.9,306.6 373.2,321.1 80.9,5.1 77.5,176.1 -18.3,246.5 -75.6,55.2 -126.8,271.4 -270.7,68.5 -56.5,-80.3 -184.3,-72.3 -201.5,-43.8 -170.7,282.3 -493.1,43.2 -733.9,240.5zm-442.6 -26129.6c62.1,-705.6 -219.7,-1192.8 -454.9,-1692.1 25.7,-43.5 40.3,-107.4 75.7,-122.1 490.6,-204.1 490.3,-201.9 740.8,263.7 67.9,125.8 130.5,258.7 220.7,367.6 59.4,72.6 69.9,186.3 42.5,205.2 -312.2,212.4 -353.6,613.5 -624.8,977.7zm15245 22023.6c172.1,-6.6 367.4,-74.3 507.2,36.5 100.7,80.4 157.6,237.6 195.1,371 51.6,183.2 -163.2,274.9 -192.2,455.8 -20.5,132 -228.4,5.9 -383.2,97.3 -99.9,162.2 -8.4,394.5 -40.3,612.5 -11.8,79.2 -62.3,143.6 -153.8,115.1 -52.4,-16.3 -137.2,75.9 -159,-72.4 -79.9,-548.2 -15.8,-1072.1 226.2,-1615.8zm-37908.7 10277.4c110.4,23.2 271.9,-73.9 307.9,121.6 21.6,118.9 -30.3,245.4 81.3,355.1 62.5,60.8 77.4,170.8 127.5,291.7 229.2,-14 480.6,79.5 708.5,-68.6 55.2,-36 34.3,-264.5 97.1,-198.8 120.3,125.6 150.5,336.8 218.6,512.3 -358.8,177 -238.6,569.6 -382.9,842.8 -5.8,10.6 -48.6,1.1 -74.2,1.1l0 -533.3c-106.8,-191.3 -364,22.1 -459.3,-163 -104.4,-201.5 -391,77.7 -486.2,-228.6 -65.1,-209.1 -151.7,-403 -139.4,-627 5.7,-101.3 1.1,-203.3 1.1,-305.3zm31951.7 -37465.8c205.4,-94.4 398.1,-74.2 602.2,-32.5 15,131.3 29.6,253.1 44.1,378.2 161.6,116.3 345.6,31 520.4,56.8 187.2,171.5 15.1,380.3 82.3,523.5 -83.9,125.8 -169.8,77.5 -239.3,96.4 -129.2,34.9 -330.9,-108.9 -376.1,128.2 -22.2,117.6 -48.8,188.2 -179.2,179.9 -149,-9.6 -139.9,-117.8 -134.9,-219.3 19.6,-401.7 -247.9,-724.5 -319.5,-1111.2zm25642.8 37403.5c36.7,-104.7 67,-195.1 101.9,-283.3 4.3,-11.8 34.3,-13.5 72.8,-25.8 157.3,528.1 -214.8,921.2 -307.2,1381.1 -189.9,-53.9 -53.9,-341.1 -350.4,-337.7 -153.3,1.5 -378.6,-259.8 -91.4,-519.9 87.5,-79 2,-240.2 -179.2,-225.8 -170.7,14.1 -345.3,-14.4 -254.9,-231.3 48.7,-116.2 182.1,-338.2 378,-83.5 28.6,37.4 154.1,24.9 224.2,2 288.2,-94.4 300.6,156.7 406.2,324.2zm-49615.6 -18429.2c7.6,-342.4 -97.7,-646.1 147.2,-895.2 -98.9,-244.9 -248.7,-480.8 -121.3,-765.9 163.2,-84.7 340.4,-26.6 511.9,-38.3 24.7,41.1 70.1,81.4 70.5,122.2 5.8,356 28.5,714.3 -7.6,1066.5 -17.7,176.3 -128.9,354.2 -236.4,502.9 -34.8,48.2 -193,7.8 -364.3,7.8zm50926.6 -9905.5l0 -774c327.2,0 653,17.2 975.4,-6.2 190.6,-13.8 276.7,102.7 370.7,212.6 72.6,84 28.5,259.2 -41.6,244.8 -303.7,-61.9 -168.4,283.8 -319.6,316.1 -146.4,31 -304.1,6.7 -457.1,6.7l-527.8 0zm-9452.7 -13467.8c-154.5,74.4 -440,-183.4 -470.5,200.2 -10.9,136.3 -139.2,112.2 -238.5,112.2 -101.5,0 -207.2,15.3 -223,-132.1 -8.8,-85.7 22.6,-158.5 100.6,-174.5 218.8,-45.4 358.7,-152.1 372.7,-376.9 -57.5,-84.4 -129.1,-93.8 -207.9,-91.5 -97.8,4 -203.1,-22.5 -264.6,90.3 -33.6,61.3 68,326.2 -146.9,111.1 -51.5,-51.8 -2.3,-202.6 -153.2,-200.8 -102.7,1.3 -205.9,-4.2 -308.6,1.3 -140,7 -175.9,-76.6 -162.5,-189.6 9.8,-80.4 57.2,-123.4 153.6,-124.3 205.3,-1.3 432.2,88 516.5,-255.1 30.6,-124.9 322.2,-38.8 495.7,-44.1 128.4,236 278.5,467.8 223.1,755.2 -50.6,263.4 359.5,68.1 313.5,318.6zm16850.5 39400.1l0 517 -500.1 0c-177.7,136.7 -42.7,319.7 -125.8,443.9 -262.5,-23.1 -254.5,-251.3 -342.4,-409.6 -208.6,78.6 -36.8,261.6 -126,411.6l-723 0c112.2,-231.5 220.6,-455.5 347.5,-719.1 440.5,-94.9 962.6,120.8 1469.8,-243.8zm-65550.1 -44954.6c175.7,28.3 32.7,327.5 320,313.1 254,-13.4 362.9,337.7 156.9,420.6 -185.9,74.8 -231.7,128.6 -225.9,299 3.3,98.2 20,253.6 -31.7,287.4 -384,249 -263.4,627.4 -273.4,970.8 -3.5,132.5 -65.4,181.2 -184.6,169 -83.3,-7.8 -133.6,-52.3 -128.5,-147.9 5.8,-102.2 -39.4,-233.1 8.7,-303 235,-346.2 152.1,-730.1 138.1,-1095.9 -13.1,-336.2 168.5,-604.5 220.4,-913.1zm33708.6 40462.1c-130,345.6 -377.6,608.1 -349.8,983.5l-543.2 0c-19,-39.9 -54.8,-81.7 -57.3,-125.8 -7.3,-153.7 -23.5,-312 2.9,-461.2 30.8,-175 -363.1,-262.7 -99.5,-445 114.2,-78.9 268.8,-57.9 269.6,-272.3 0,-87.8 236.1,-98.5 236.5,-31 2.5,378.3 328.6,211.1 540.8,351.8zm22564 -12643.3c82.8,-255.8 -116.6,-567.3 153.9,-840.5 145.6,-147.2 -251.8,-252.2 -129.8,-468.4 103.3,-143.9 291.6,14.9 410.5,-96.7 111.6,-231.1 -45.6,-500.7 144.1,-807.5 90.8,438.8 -24.7,824.4 64.1,1172 91.1,358.9 -45.2,678 -30.3,1041.1l-612.5 0zm-60067.2 -24740.8c17.8,193.4 86.8,397.4 -55,570.2 -273,333.7 115.7,267.6 251.3,405.9 -279,115.3 -552.1,38.9 -812.7,58.1 -152.5,11.5 -324.3,-27.9 -293,222.8 2.1,18.1 -62.3,44.1 -95.5,66.2 -18.4,-43.5 -40.1,-86.4 -54.1,-131.4 -74.4,-240.5 235.8,-392.7 151.9,-629.6 -108.7,-307.1 200.6,-272.3 311.9,-398.8 168.8,-192.8 168.8,-192.4 595.2,-163.4zm30371.7 3698c-38.1,-57.3 -64.1,-96.6 -89.8,-135.8 -25.8,64.1 -64.9,127.1 -72.1,193 -4,35.9 46.3,77.9 72.1,116.7 31.4,-60.8 63.1,-122.1 89.8,-173.9zm451.8 -592c0,197.2 9.3,349.1 -2,499.6 -20.1,270.5 -65.7,513.6 -398.2,600.7 -177.6,46.3 -202.8,264.1 -321,524.8 -25,-340.5 -226.4,-480.5 -389.9,-674.2 275.9,-405.2 317.9,-1032.4 1111.1,-950.9zm-27859.1 -8.1l413.4 0c-159.6,335.6 -84.2,690.7 -108.7,1030 -232.6,47.4 -392.3,198.6 -624,228.2 -186.8,23.7 -305.3,-279.6 -506.4,-59 -61.9,68 -110,-40 -101,-111.7 13.8,-111.4 -35,-215.6 105.3,-322.6 342.4,-260.3 360,-293.7 771,-327.3 96.9,-136.3 31,-291.5 50.4,-437.6zm31220.7 4135.6c-11,11.8 -80.4,56.8 -103.4,118.6 -64.7,174.2 108.3,469.8 -123.7,526.9 -336.1,83.7 -240.1,-308.9 -325.4,-468.3 -95.3,-177.7 -258,-98.4 -352.6,-217.8 -170.8,-216.1 -184.6,-531.9 -13.4,-741.6 125.8,-153.4 277.6,-83.9 420.4,-103.1 -12.3,399.4 440.2,505 498.1,885.3zm-25069.6 27863.5c-146.4,92.2 -328.4,32.5 -500.5,34.8 -150,2 -241.8,21.8 -238.7,202.1 2,76.6 -68.3,126.7 -159.6,112 -196.6,-30.7 -405,61.3 -649.9,-84.1 244.5,-269.2 250.5,-744.6 781.5,-691.8 45.4,4.6 116.2,-2.3 137.4,-31.8 83.9,-114.5 130.5,-458.5 291,-217.1 126.4,190.1 566.2,281.6 338.8,675.9zm24338.3 -30686.1l0 461.3c-37.4,27.4 -73.7,75.7 -114.2,79.8 -226.2,23.1 -510.9,-89.6 -573.3,287.4 -4.5,28.5 -224.7,20.9 -369.4,32.3 -100,-375.2 341.8,-552 272.6,-871.9 -178.8,-147.9 -406.6,18.5 -583.6,-115.6 18.7,-33.6 31.4,-91.7 57.7,-99 206.1,-54.6 517.8,152.2 579.1,-264.4 13.1,-88.3 231.3,-80.1 239.6,13 27.6,319 286.3,362.5 491.5,477.1zm31213.4 14938.4c158.3,-234 339.3,-98.6 520.1,-216.6 15.2,-215.8 -241.1,-459.1 -19.8,-741.7 134.7,-172.1 352.5,-140.5 366.1,-116.5 103.2,182 310.8,269.9 401.8,418.2 75.7,123.4 110.7,393.9 -98.8,547 -122.5,89.6 -176.1,218.2 -225.1,364.3 -33.4,98.9 -229.4,92.4 -238.5,-0.9 -30,-308.1 -235.8,-252.9 -425.5,-253.8 -75.9,-0.4 -152.3,0 -280.3,0zm-42462 -26307.4c-406,-372.3 -677.3,-655.1 -1086.7,-413.1 -22.5,-451.3 -20.9,-466.8 416.8,-821.6 47,-38.3 112,-57.4 159.7,-118 191.9,-245.1 151.1,-209.9 316.8,24.3 270.3,383 75.7,766.2 193.4,1328.4zm8301.8 57449.7c108.7,-17.8 158.4,-20.4 204.4,-33.8 377.4,-108.4 553.6,125.8 750.4,390.7 121.8,164.3 151.8,490.5 512.8,396.3 82.6,-21.7 110.2,224.5 65.7,226.9 -343,19.9 -265.9,285.9 -317.8,480.8 -7.3,27.3 -82.6,50.3 -126.4,50 -43.7,-0.4 -124.1,-30.7 -125,-51 -30.3,-607.5 -496,-886.5 -905,-1206.1 -78,-61.4 -42.1,-138.2 -59.1,-253.8zm11769.9 -45845.8c4.7,-312.8 -43.7,-582.2 -342.7,-785.1 -157.8,-107.3 -277.8,-311.5 -276.7,-539.7 0.9,-177.6 0.4,-355.3 0.4,-532.3 287.4,-103.3 300.1,152.9 393.7,304.6 101.9,-203.1 202.3,-403 318.8,-636.1 114,236.6 123.6,495.8 44.7,631.6 -255.6,439.8 -116.4,784.8 137.2,1142.4 38.1,53.3 26.7,143 33.6,216.2 24.8,263.9 -170.5,187.5 -309,198.4zm24916.8 -2613.5c25.5,-132.9 -83.3,-315.5 185,-335.1 177.4,-13.3 166.7,-156.1 72.8,-274.7 -77.9,-98.7 -184.6,-177.5 -250.5,-283 -33.9,-54.6 -18.7,-162.1 64.5,-195 64.6,-26.1 142.5,-33.7 207.6,30.7 264.9,261.8 265.8,262 595.6,264.9 210.1,2.3 312.1,128 363.5,311.5 15.6,55.2 -264.4,460 -319.4,461.8 -128.1,4.5 -256.6,2.2 -385,0.9 -101.1,-0.9 -216.2,-16.3 -220.7,130.9 -3.5,123.4 -48.3,192.1 -176.7,178.1 -204.5,-22.2 -111.6,-186.1 -136.7,-291zm1955.9 -812l-646.5 0c-348,-354.4 368,-688.4 -143.7,-1042.2l1115.7 0c-162.3,333.9 -66.1,744.7 -325.5,1042.2zm-65051.5 -9914.9c48.5,188 119.6,376.4 230.2,560.4 126.5,210.6 -160.5,361.1 -234,550.9 -4.5,11.3 -101.5,5.7 -137.6,-19 -33.4,-22.7 -57.9,-79.5 -61,-123.5 -16,-223.1 48.7,-419.7 134.5,-631.5 58.6,-143.4 -140.2,-212.4 -239.2,-337.3l307.1 0zm34075.8 27259.7c137.1,277.5 248.9,504.6 362.2,733.9 -104,103.7 -238.9,23.1 -361.8,51.8 -144.3,116.3 -78.1,282.6 -70.6,421.6 17.8,308.3 -333.3,154.7 -400.3,343.5 -78.4,-105.5 -183.9,-146.3 -314.6,-168.1 -84.6,-13.8 -57.9,-123.1 -65.5,-195.9 -24.5,-241.4 9.4,-452.7 267.7,-558.2 24.4,-10.1 553.2,-579.1 582.9,-628.6zm-10600.7 -27229.7c-1.9,-9.6 -2.8,-19.6 -3.2,-30l344.5 0c-48,64.5 -107,127 -186.3,184.8 4,-107.3 -47.7,-158.8 -155,-154.8zm39930.4 19949.2c-153.6,289.2 -165.2,-36 -150.3,-360.2 15.8,-348.2 -256.1,-644.4 -163.4,-1006.9 20.5,-80.3 37.1,-149.8 114.8,-160.5 101.6,-14 207.8,-3.1 200.2,146.9 -1.3,25.4 3.3,51.3 -0.7,76 -15.6,108 64.8,181.4 92.4,266.9 63.5,197.8 99.4,343.1 370.3,289 184.1,-36.5 211.1,179.9 123.2,236.9 -190,123.2 -441.4,160.8 -151.7,448.9 26.5,26.3 -160.8,374.9 -227.5,368 -269.4,-27.8 -133.9,288 -207.3,-305 120.6,-655.3 229.7,-776.2 84.6,-753.2 -32.3,5.5 -79.7,68.3 -77.9,102 3.1,64.3 37.3,126.9 58.7,190.3 72.8,-25.6 102,-77 -65.4,460.9zm-51053.2 36646.5c108.9,-210.2 291.4,-402.1 278.7,-638.5 -13.5,-267.4 88.7,-375 317.7,-489.4 191.7,-95.3 338.1,-300.2 -61.4,-374.5 -120.9,-22.5 -100.2,-161.9 -88,-258.3 8.8,-68.6 31,-164.6 78.9,-191.5 51,-28.7 140.2,-29.6 207.5,43.6 112.2,122.1 269.8,709.7 224.4,904 -16.4,70.4 -34.1,140.7 -49.6,211.1 -25.8,119.6 58.5,344.4 -59.7,346 -360.5,5.1 -216.2,455.5 -483.4,492.3 -114.9,15.4 -255.4,59.9 -365.1,-44.8zm-8223.5 -26722.7l872.2 0c111.1,217.4 25.1,407.3 85,725.5 -342.6,-512.8 -307.7,-466.7 -679.7,-186.9 -192,143.9 -279,558.9 -718.8,332.2 -15.1,-179.9 -77.9,-387.2 98.5,-637.9 92.2,-130.4 253.3,-310.3 190.1,-533 -20.3,-71.3 9.6,-159.8 96.6,-137.1 94,25.1 49,130.4 54.8,202.4 4.5,50.7 1.3,102.8 1.3,234.8zm23680 -15479c251.6,0 431,-3.1 610,0.7 272.3,5.8 512.4,335.1 478.3,617.2 -17.2,146.3 -95.1,151.6 -201.7,157 -73.3,3.6 -161,-4.5 -215.8,32.5 -103.7,70.1 0,335.3 -258,277.2 -173.9,-39 -27.2,-358.7 -321.8,-327.3 -138.7,15.1 -80.6,-204.4 -88.8,-321.3 -9.1,-125.1 -2.2,-251.4 -2.2,-436zm32445.3 46124c-257.9,-598.1 -452.3,-1510.5 -411.1,-1859.2 10.5,-93.5 45.2,-137.3 125,-153.2 79.7,-16 160.3,10 185.9,86.9 81,242.5 120.7,508.9 433.3,581.3 20.6,4.9 47.2,115.8 30,130.9 -204,176.8 -161.6,413.9 -146,631.9 17.5,243.2 -235.9,349.1 -217.1,581.4zm-57781.6 -51700.7c489.7,67.7 562.5,119.1 570.2,448.6 7.8,345.2 48.6,698.9 -152,1015.1 -44.5,70.8 -106.9,102.6 -187.3,87.7 -73.4,-13.5 -458.2,-665.9 -411,-707.1 260.7,-226 58.3,-535.1 180.1,-844.3zm54974.6 24878.9c-95.8,-270.8 -654.6,-418.6 -313.7,-884.2 143.3,57 12.9,256.8 237.5,315.1 0,-261.8 45.2,-521.5 -12.7,-755.9 -60.5,-244.7 195.3,-343.5 174.8,-555.7 -6.4,-67 100.9,-101.3 180.4,-85.8 80.4,15.8 125.8,56.8 123.5,154.1 -12.2,638.8 101.8,1302.7 -389.8,1812.4zm-36068.3 -33239.1c-80.5,-184.5 -134.4,-353.9 -131.5,-487.1l428.2 0c-105.5,154.7 -185.4,336.9 -296.7,487.1zm6628.3 28314c-169.6,-435.3 96,-786.6 136.3,-1183.1 186.8,-91.8 393.9,-4.1 588.1,-40.3 262,-48.6 103.5,527.6 470.6,311.4 -18,43.7 -42.3,127 -52.8,125.4 -296.9,-50.1 -246.4,499 -618.5,350.7 -97.9,-39.6 -67.4,163.9 -118.7,223.1 -91.2,105.5 -163.1,276.5 -405,212.8zm-17867.8 -11903.6c-387.4,-46.1 -769,307.2 -1211.4,106.4 414.4,-204.2 484.3,-555.5 461.5,-984.5 233.8,-94 480.3,-36.8 749.9,-40.1l0 918.2zm8073.8 -10212.4c-94.6,-19.8 -222.2,57.7 -281,-54.7 -87,-166.6 -115.3,-371.7 -226.8,-515.7 -126.3,-161.9 -155.5,-440.2 -67.1,-451.3 284.2,-35.6 290.6,-568.7 726.8,-305.9 -117.3,336.4 217.5,638.3 157.8,1017.9 -253.5,-47 -356.6,56.3 -309.7,309.7zm41324.3 45812.9l-773.8 0 0 -928.3c90.9,-17.8 153.9,41.5 150.1,111.4 -13.2,246.2 156.8,192.1 295,198.3 117.1,4.5 175.9,-42.5 175.5,-167.1 -1.1,-195.5 -182.9,-103.6 -259,-173 -30.3,-27.7 -35.6,-82.4 -52.3,-124.7 152.7,-49.2 368.2,124.4 459.5,-120.5 24.8,-65 15,-141.8 87.6,-184.1 24,67 33.3,145.6 74.7,198.8 226.3,290.8 238.3,324.4 -43.3,566 -220.5,189 -58.8,420.3 -114,623.2zm-21693.9 -2167.8c-244.5,22.7 -580.7,-109.9 -691.6,306.7 -2.4,8.2 -239.8,56.1 -346.9,-49.1 212.9,-736.2 211.6,-744.5 -198.4,-962.3 440.9,-141.3 832.3,-91.7 1236.9,140.6l0 564.1zm6681.1 2484.8c-144.3,149.4 -285,423.3 -442.9,433.8 -428.3,28.7 -454,320.4 -476,597.1 -20.7,259 -177.2,186.6 -317,200.9 -96.4,10.6 -139.7,-40.4 -155.9,-120.7 -16,-79.3 13.1,-182.4 85,-183.5 277.7,-3.3 184.9,-63.9 92.4,-237.8 -82.3,-154.7 338.3,-718.2 488.5,-858.8 262.5,-245.7 486.1,134.5 725.9,6.9l0 162.1zm1997.9 -2174.4l-373 0c-25.8,-40.5 -69.7,-79.5 -74.4,-122.7 -38.2,-367.5 70.4,-741.4 -142.7,-1104.5 -90.2,-153.7 -11.5,-404.1 -16.4,-610.1 -2.9,-130.2 58.5,-185.3 181.6,-173.4 85.1,7.7 132.5,51.6 130.7,146.7 -4.2,206.4 3.6,413 -3.6,619 -3.3,93.9 37.7,148.3 118.5,158.9 108.7,13.6 200,-12.4 196.2,-158 -0.9,-43.2 36.3,-86.9 112.9,-257 32.9,598.5 -211.3,1036.7 -129.8,1501.1zm18416.1 -316.8c-226.2,-1.3 -402.3,47.8 -584.6,-41 -5.8,-66.6 -15.4,-139.3 -17.9,-212.2 -14.6,-464.9 -6.2,-478.2 -549.9,-811.7 -106.2,-65.1 -51.7,-113.8 -64.8,-165.9 -9.1,-37.4 35.9,-126.3 47.2,-124.7 203.8,28.9 513.7,-228.5 575.6,205.5 4,29.8 81.7,44.3 117.7,74.8 490.5,413 490.3,413.5 476.7,1075.2zm-50210.4 -11292c9.8,-267.2 -297,-261.2 -377.9,-438 -47.2,-102.6 26.6,-240.4 -88.4,-344.9 -127.7,-116 -120.8,-300.5 -29.5,-401.6 96.1,-106.2 277.1,-100.5 400.9,9.8 106.5,95 198.6,143.3 317.5,28.7 30.5,-29.6 95.8,-76.6 102.9,-69.9 149.4,138.2 -36.9,403.9 209.1,528.1 62.3,31.8 -32.1,165.2 -85.7,253.1 -101.1,166.8 -450.5,68.2 -396.8,383.9 1.8,13.4 -33.4,33.4 -52.1,50.8zm23544.1 -7428.8c449.7,508.7 475.1,1058.9 230.5,1684.4 -88.2,225.5 -210.3,157.4 -340.1,171.4 -88.3,9.8 -139.5,-46.1 -136.6,-133.8 1.5,-45.9 14.7,-124.2 39.8,-132 413.2,-122.7 333.7,-317.5 126.9,-590.1 -63.9,-84.2 -26,-227.5 -206.4,-230.6 -138.2,-2.3 -161,-167.7 -107.8,-221.4 159.5,-159.4 143,-433.9 393.7,-547.9zm-6439.3 -20119.9c-50.5,0 -101.3,-3.8 -151.4,0.8 -251.4,22.7 -485.4,35.5 -550.2,-303.7 -12.2,-65 -99.5,-179.9 -227.1,-161.2 11.4,-138 -65,-339.9 197,-305.6 98.2,12.6 681.2,6 690.9,-48.6 81.3,-468.9 407.3,-190.1 611.5,-277.2 141.8,321.3 -204,403.7 -207.6,626.5 -31.2,-89.3 -62.7,-178.5 -97.3,-277.8 -218.4,207.3 -296.3,457.1 -265.8,746.8zm-23085 304.7c78.8,-315.2 -83.9,-597.1 158.7,-842.4 67.5,-68.2 8.7,-256.3 200.9,-235.9 145.8,15.4 90.6,150.1 136.2,219.4 136.9,208.4 381.4,18 568.5,119.5 94.6,103.3 26.4,236.7 41.6,358 19.4,153.9 -103.7,45.5 -152.8,76.4 -489.8,306.4 -490.2,306.4 -953.1,305zm32314.4 -3717.3c107.1,376.2 81.2,825.6 698.2,803.7 -94.6,177.7 -408.6,118 -338.9,386.8 72.2,279.4 -144.1,470.9 -244.9,732.9 -307.1,-365.6 -309.3,-367.3 -226.7,-737.2 24.5,-109 -33.6,-175.8 -67,-266 -119.5,-323.7 -177.4,-655.1 179.3,-920.2zm-7307.5 32819.5l475.8 0c138.1,84.9 126.3,258.7 198.9,382.1 149.3,254.9 -76.7,656.4 -386.1,686.9 -240.3,23.6 -159.4,212.4 -293.5,341.1 -26.9,-271.7 -392.7,-426.2 -75.2,-763.1 122.6,-129.7 -46.1,-439.5 80.1,-647zm15259.7 -28922.9c380.9,-86.6 295,405.9 596.3,346.2 6.9,48.1 37.6,113.6 17.3,140.9 -124,165 -308.1,399.5 -238.4,531.5 108.4,203.7 56.3,387.9 84.6,578 2.9,15.6 -28.8,37.6 -71.7,88.9 -94.6,-6.9 -294.1,22.5 -318.9,-30.5 -89.3,-189.1 -334.4,-384.1 -213.1,-585.6 214.2,-357.4 106.3,-725.9 143.9,-1069.4zm-13017.6 37617.7c80.6,375.6 -273.9,655.5 -122.7,998.8 -258.7,128.7 -553.7,-56.3 -760.6,264.3 -63.8,-486.3 -73.7,-892.2 280.8,-1212.3 182.2,-165 391.5,-60.2 602.5,-50.8zm18302.9 -16163.8c-47,-266.4 -79.7,-517.9 168.8,-693 124.4,-87.9 119.8,-208.3 117.3,-337.3 -4.5,-200.3 -1.1,-400.1 -1.1,-625.4 289.7,174.1 186.1,621.2 575.1,651.9 18,1.6 36.3,84.2 42.5,130.9 32.7,238.5 -168.7,391 -225.3,597.9 -278.3,-34.3 -274.5,491.2 -677.3,275zm-35028.9 -17216c67,758.2 -3.4,1369.4 -394.3,2062.3 -84.9,-440 -22.3,-762 -176.9,-1068.6 -90.3,-178.8 16.3,-459.7 99.1,-709.1 123.2,-371.1 322.4,-99.3 472.1,-284.6zm29897 9207.8c163.7,0 266.9,15.2 363.6,-3.5 159,-31 49,-281 168.8,-284.1 140.4,-3.6 32.5,252 162.5,276.9 134.7,25.2 277,29 224.2,200 -32.7,105.9 -159.4,265.4 -236.9,261.8 -465.1,-22.5 -454.6,328.2 -526.1,618.3 -12,47.9 5.3,102.5 -3.1,152.7 -32.1,194 -143.7,316 -344.9,322.9 -131.9,4.7 -206.4,-249.1 -53.9,-430.4 269.4,-320.2 243.1,-681.1 245.8,-1114.6zm9749.5 -9934.3c213.9,78.2 422.6,-99.7 477.6,219.4 57,325.9 158.9,625.1 -100.4,910.1 -59.9,65.3 -74.9,171.5 -114.3,267.7 -189.2,29.8 -381.8,61.9 -567.9,-36.5 65.2,-459.4 331.5,-862.2 305,-1360.7zm1858.2 -1828.4c154.1,67.7 385.2,-168.5 485.8,192 63.9,229.1 336.3,146.5 481,-153 226.9,194.6 301.5,445.3 271.4,734.9 -101.3,0 -210.6,-24.4 -303.3,4.1 -297.8,92.2 -307.4,-152.8 -390.9,-312.6 -151.9,48 11.6,315.7 -239.1,314.6 -243.2,-1.2 -70.6,-274.6 -236.5,-307.5 -100.2,199.5 -201.1,400.7 -327.3,652.8 -68.1,-327.3 -131.2,-594.7 154.7,-786.8 130.7,-88.4 104.4,-215.1 104.2,-338.5zm3670.5 -9630.1l-920.5 0c115.3,-338.2 166.5,-610.8 609.6,-605.9 226.7,2.1 360.5,-372.2 664.4,-371.6 94.2,0.3 248.3,44.3 290.8,144.3 41.2,97.7 21.6,255.4 -73.5,237.3 -399,-77.6 -390.5,268.6 -525.4,463.8 -25.6,37.4 -30.8,88.6 -45.4,132.1zm-71190.8 18808.7c95.3,20.7 235.8,-61.2 279.7,57.2 53,143.7 54.7,259.2 274.3,265.7 217.1,6 332.8,320.8 172.3,400.7 -442.6,220.5 -297.9,454 -121.8,761.3 52.1,91.1 98.4,207.3 159.7,307.7 -243,220 -383.4,-220 -609.4,-90.2 0,-247.1 -0.3,-494.3 0,-741.6 0,-105.3 -15.2,-197.1 -154.8,-186.8l0 -774zm27287.6 33848.3c222.2,0 376,0 529.7,0 27.1,38.9 71.4,75.6 78.1,118.2 30.3,190.6 -59.4,392.7 129.6,567.9 88,81.8 46.8,240.1 -141.8,242.7 -148.6,2.5 -153.2,112.5 -137.2,212.2 47.6,302.2 -165.4,267.4 -333.7,245.8 -131,-16.9 -239.9,-352.4 -179,-489.6 181.9,-409.9 181.9,-409.9 54.3,-897.2zm-14272.3 -37868.5c445.6,-171.2 696.5,330.4 1108.2,0 0,364.9 19.2,591.6 -6,813.6 -19.6,165.2 270,308.1 13.6,495.4 -71.5,52.1 65.6,163.4 120.2,244.7 60.6,89.7 47.9,212.6 -61.9,246.2 -149.2,46.1 -230.4,-29.1 -222.7,-199.4 15.4,-350.3 -103.3,-659.8 -294.5,-951.4 -46.5,-69.8 -6.2,-255 -119.6,-226 -371.8,97.2 -341.1,-268.8 -537.3,-423.1zm-7112.5 7042.1c-190.7,-50.6 -343.8,44.9 -424.9,-86.6 -67.2,-108.1 -163.6,-288 -120.2,-357.9 149,-241.5 165.9,-362.9 -167.5,-353.1 -104.2,3.4 -200.3,-1.5 -201,-151.8 -0.2,-146.5 89.9,-156.3 196.8,-157.2 97.1,-1.1 212.7,28.3 267,-81.5 42.3,-84.9 -90,-257.2 156.5,-234.7 202.6,18.5 104.6,218 187.2,258.7 212.3,103.8 410.6,135.8 156.8,443.8 -113.6,138 -37.8,431.7 -50.7,720.3zm160.2 13815.9c326.2,-110.6 561.4,211.6 905.3,138.5l0 1041.6c-495.4,6.7 -546.3,-14.9 -575.5,-413.7 -14.7,-197.3 -40.5,-293 -259.6,-358.4 -151.7,-44.8 -5.4,-280.2 -70.2,-408zm33211.3 8807.3c-17.4,17.4 -51.3,38.1 -48.6,50.8 8.3,36.7 31.2,69.6 48.6,104.2 16.9,-17.2 51.2,-38.3 48,-50.8 -7.8,-36.8 -31.1,-69.7 -48,-104.2zm232.2 -17.2c186.8,15 307.9,24.8 400.5,32.5 64.6,61.1 51.7,130.7 -7.3,128.1 -322.4,-14.3 -264.5,298.5 -382.3,451.1 -62.1,79.7 -1.8,248 -14.5,374.4 -7.8,78.7 -66.3,135 -157.4,113.2 -45.2,-11 -102.6,-25.6 -127.3,-59 -206.2,-277.7 -86,-669.5 -323.8,-938.7 143.2,-190.9 268.3,-388.8 314.6,-632.1 15.6,-80.4 122.7,-85.6 194.8,-67.7 77.8,19.6 109.2,83.7 104.2,170.5 -7.1,125.8 -1.5,252.1 -1.5,427.7zm-13735.6 14411.4l533.2 0c139,486.7 -1.1,956.9 -108.9,1428.8 -18.4,78.6 -59.9,122.4 -155.1,122.4 -96.5,0.3 -134.5,-45.8 -153.2,-124.5 -108.3,-452.2 -232.5,-903.3 -116,-1426.7zm9888.6 -2601.9c-9.8,121.5 -4.4,247.4 -35.2,363.6 -22,82.4 -124.6,87 -195.5,67.4 -69.6,-19.3 -123.7,-67 -32.7,-144.4 188.6,-158.6 19.4,-389.9 123.6,-598.1l696.4 0c29.2,19.2 32.6,89.7 43,166.6 29,215.2 -67.4,435.9 117.4,649.7 90.4,105 27.6,341.9 34.4,518.1 4.5,116.9 -31.5,193.2 -168,186.8 -91.1,-4 -134.1,-47.9 -141.6,-135.2 -32.6,-390.1 -234,-723.6 -441.8,-1074.5zm23501.2 2754.7c0,30.5 6,75.9 -0.7,77.9 -555.3,162.9 -224.4,616.5 -304.4,933.1 -18.3,71.7 -9.3,152.8 -1.1,228.5 10.9,97 -42.5,137.8 -121.4,153.8 -79,15.8 -200.3,-43.7 -180.8,-79 149.5,-271.7 -413.2,-519.1 -20,-809 49.2,-36.2 119.6,-371.1 -206.4,-355.1 -70.1,3.6 -120.6,-101.7 -88.4,-174.5 66.2,-150.8 141,-301.5 238.7,-432.6 27,-36.5 145.2,-5.8 222,-5.8 -110.4,417.5 244,261.1 411.4,340 30.8,14.9 35.9,83.9 51.1,122.7zm-56047.1 -60669.2c-218.2,0 -418.8,2.1 -619,-1.3 -87.3,-1.3 -129.6,-49.9 -135.8,-141.6 -6.3,-91.3 39.2,-130.2 111.5,-168.1 237,-124.9 469.8,-154.3 1084.1,-123.3 62.2,141.5 102.2,301.4 -20.2,413.4 -214,196 19.4,296.2 56.3,443.1 27.4,109.6 69,284.1 -72.1,344.7 -183.3,78.6 -306.4,-100.2 -356.5,-216.5 -64.3,-150.2 -34.8,-340.4 -48.3,-550.4zm43202.7 -2166.8c0,-61.3 -11.3,-125.6 -5.1,-184.8l534.5 0c-131.3,122.7 -307.3,194.7 -529.4,184.8zm2412.6 43479.2c-152.9,-43.1 -93,-201 -151.6,-298.1 -139.8,-232.7 59.3,-591.6 301.3,-620.3 191,-22.7 409,87.1 567.5,-108.6 12.5,-15.8 39.9,-35.5 52.6,-31 21.6,7.6 55.9,38.7 52.5,50.3 -93.7,303.1 288.4,352.5 304.1,544.2 12.3,150.5 -148.5,325.3 -258,469.8 -32.7,43.8 -161.6,-1.6 -179.7,-77.9 -23.4,-96.5 -7.5,-202.9 -5.5,-305.1 2,-100 21.6,-213 -121.6,-228.9 -111.8,-12.4 -179.5,23.8 -192.6,161 -21.8,222.9 -430,140.1 -369,444.6zm-13246.8 12214.5c-182.8,-494 -613.9,-201.1 -898.9,-315.9 -106.6,-331.5 100.2,-556.7 256.9,-798 87.3,-133.8 225.8,-117.4 344.9,-94.6 153.9,29.6 282.1,137.8 291.9,298.7 18.7,302.2 5.2,606.5 5.2,909.8zm35907.3 -20096.1c-179.3,0 -359.2,6.7 -538.4,-1.8 -146.7,-7.3 -243.6,14.9 -239.8,196.6 1.5,77 -63.9,129.8 -156.7,114.9 -602.1,-95.1 -532.7,405.7 -659.1,752.6 -198.2,-334.9 -301,-680.2 -263,-1062.3 565.8,-214.9 1156.3,-151.8 1740.9,-151.4 74.7,0 133.9,57.7 116.1,151.4zm-49527.4 -4797.9l0 1043.8 -743.5 0 0 -1030.3c207.3,27.9 56.4,240.7 193.7,287.5 163.5,-284.8 163.5,-284.8 549.8,-301zm33895.4 -19037c-222.6,73 -563.5,-198.4 -666.6,258.7 -22.9,99.6 -302.4,114 -388.3,-18.5 -64.2,-99.7 -109.3,-309.7 72.1,-390.3 281.4,-125.1 335.5,-362.2 363.8,-623.8 202,0 146.8,-153.4 153.4,-264.8 6.1,-101 2.1,-197.9 146.3,-200.8 130.9,-2.7 166.4,67 165.2,181.5 -2,199.4 29.2,404.8 -8.7,596.7 -40.5,203.5 142.8,297.4 162.8,461.3zm-47062.2 10240.4c114.5,365.2 -128.9,685.8 -203,1041.4 -138.1,-35.9 -97.8,-149.2 -92.6,-234.5 10.7,-166.5 -72.4,-183.2 -216.7,-224.8 -223.5,-64.8 -273,259.1 -496.5,158.2 -143.6,-221.9 -11.1,-474.6 -89.3,-740.3l1098.1 0zm40337.4 -20146c224.2,0 352.9,-39.2 418,8.3 137.8,100.6 159.6,312.4 383.1,366.2 53,12.1 35,321.6 55.9,569.3 -433.2,-109.5 -789.9,99.8 -1227.4,158.2 24.7,-416.9 646.1,-559.1 370.4,-1102zm14927.8 33585.8c134,-13.4 315.5,68.7 314.3,-190.4 -0.9,-139 135.9,-148.5 222.2,-112.5 102.5,43 125,170.8 52.1,246.3 -95.5,99.3 -125.7,197.7 -128,330.4 -4.2,259.2 179.2,177.2 313.5,190.4 -22.2,110.4 72.6,273.2 -119.5,306.1 -107.4,18.3 -206.2,22.7 -189.1,164.4 44.5,378.4 -184.4,328.8 -465.5,264.2l0 -1198.9zm-14858.3 22906.6l688.7 0c213.7,256.1 305.9,566.7 73.5,814.9 -227.1,244.2 -551.6,382.7 -915.6,202 661.5,-253.4 101.6,-679.4 153.4,-1016.9zm-15678.7 -14874.5c120.5,-209.7 -59.2,-439.5 192.6,-657.2 -46.1,546.5 153.2,1042.2 -134.7,1516.4 -42.1,69 38.3,223.8 -110.2,209.6 -91.3,-8.9 -20.9,-149.9 -60.4,-197.6 -137.8,-167.4 -334.8,-54.9 -504.9,-78.8 -118.2,-17.3 -269.6,35.2 -264.5,-169.8 3.1,-151 111.7,-152.8 212.6,-140.1 207.1,26.5 270.1,-63.2 254.5,-260 -26.9,-334.7 238,-161.2 415,-222.5zm27199.9 19817.4c76.7,-34.5 84.6,-98.7 89.5,-174.3 5.7,-82.2 52.5,-126.7 147.3,-128.8 93.8,-2.2 152.3,40.8 156.3,119 10.3,200.5 3.8,401.8 3.8,588.2 -157.4,118.7 -314.8,71.2 -458.8,64.5 -201.3,-9.5 -322.9,25.9 -349.4,260.4 -9.1,82.3 -121.8,67.4 -108.6,-19.9 28.9,-185.5 -213.6,-250 -159.5,-394.5 66.8,-179.7 152.8,-341.3 173.3,-545.3 13.1,-128.7 223.1,-75.5 337.9,-62.6 159.7,17.9 49.7,228.7 168.2,293.3zm-51254.7 -11585.3c298.8,226.5 240.2,601.4 406.3,882.8 147.1,248.7 -66.4,521.1 -181.7,757.3 -58.5,119.3 -232.2,31.4 -358.3,45 -170.1,-198.9 70.4,-523.7 -209.5,-690.5 -24.2,-14 -17.3,-138 -8,-140.5 500.1,-121.1 213.6,-576.7 351.2,-854.1zm29006.8 -2159.5c33.2,463.6 425.3,204 625.2,325.1 142.3,204.8 -122.2,515.7 200,649.3 -236,310.8 -384.6,-285.7 -604.3,-10.1 -156.6,196.9 -378.8,61 -624.5,105.1 202.5,-351.6 81.9,-763.2 403.6,-1069.4zm11281.3 907.1c1.6,-440.2 -360.4,-242.7 -516.7,-346.9 -132.5,-218.6 175.9,-639.4 -321.6,-710.5l1161.2 0c238,430 -319.5,655.3 -322.9,1057.4zm-28230.4 -20119.3c-42.8,-297 -92.2,-553.5 157.1,-721.8 141,-94 83.5,-281.9 211.6,-371.6 117.1,-81.3 34.3,-432.4 306.5,-275.7 190,110.2 -5.1,236.3 -70.5,362.3 -63,121.3 -8.2,230.9 171.7,240 76.5,4 317.5,-77 207.2,107.1 -68.8,114.9 12.9,346.7 -158.9,339.3 -261.6,-11.5 -405.5,64.8 -479.6,316.7 -8.1,27.8 -190.4,3.7 -345.1,3.7zm-683.6 32973.7c124.4,456.3 -80,794.8 -164.1,1176.1l-52.3 0c-101,-166.5 -119.9,-409.1 -347.3,-398 -198.7,9.6 -367,261 -619.9,103.6 126,-249.2 247.4,-489.2 382.9,-756.4 39,114.3 69.7,202.9 122.8,358.3 109.7,-422.6 471.8,-290.2 677.9,-483.6zm-9091.3 -23687.3c320.8,0 579.5,-18.5 832.9,8.9 110.5,11.4 121.2,149.2 66.2,244.7 -65,113.3 -274.4,1.8 -307.3,253.1 -25.8,200 -260.5,371.9 -37.6,596.8 31.6,31.8 65.4,91.5 56.5,127.8 -38.5,156.7 133,416.5 -114.6,458.2 -324.2,54.5 -160.6,-239.1 -185.1,-381.7 -25.8,-150.4 -14.4,-309 -3.3,-463 11.1,-158.3 -68.8,-177.5 -201.5,-241 -214.4,-102.4 -78.8,-352.9 -106.2,-603.8zm41521 15322.3c347.6,398.3 516.6,826.9 387.9,1349.4 -193.3,-9.1 -298.1,239.4 -519.9,193.5 -144.3,-144.3 0.4,-387.9 -202,-537.2 -86.4,-63.5 -27.3,-231.2 157.2,-233.6 145.7,-2.5 174.8,-168.5 123.8,-210.9 -281,-231.9 101.6,-359.5 53,-561.2zm-42558.8 9323.3c-125.6,-390.8 62.1,-628.8 234.3,-853.4 144.2,-188.2 473.7,-154.6 808.2,43.1 136.9,80.6 222.6,423.3 102.6,570 -84.2,102.5 -191.2,75.5 -275.2,-84.3 -118,-224.7 -195,-233 -284.8,-22.3 -74.5,173.6 -168.5,160.3 -282.7,151.4 -130.7,-9.4 -205.3,85.3 -302.4,195.5zm56932.3 -29502.1c224,-291.7 33.9,-727.4 429.7,-1011l574.1 0c101.2,179 38.5,358.9 50,536.5 -112.2,170.1 -467.3,-80.8 -495.4,312.9 -12,170.3 -259.1,319.3 -558.4,161.6zm-16694 15708.1c-218.6,-670.6 -394.7,-1338.8 -662.8,-1975.6 -27.1,-64.6 -10.7,-151.6 64.1,-198.4 193.1,-113.7 238.3,167.9 396.8,144.5 -116.4,451.6 183.4,797.6 320.8,1177.4 113.8,314.8 130.9,573.3 -118.9,852.1zm-45241 -32210.4c97.7,17.8 146.5,-41.6 151.8,-121.8 7.8,-114.9 30.5,-194.4 169.2,-189.4 92.4,4.2 112.2,59.2 147.2,133.1 190.6,400.5 393.2,794.9 305.9,1262 -43,-17.6 -113.1,-24.1 -124.4,-53.5 -49,-126.8 -29.9,-253.8 -255.7,-271.4 -290.1,-22.7 -184.5,240.3 -356.2,347.1 -78.2,-380.4 -18.9,-746.5 -37.8,-1106.1zm57420.8 3714.7l-588.7 0c-25,-308.1 -92,-596.7 108.2,-909.9 82.6,-128.3 128.7,-170.1 262.1,-176.8 161.6,-7.6 206.4,52.3 228.4,213.1 18.3,132.9 112,262.7 196.2,376.2 62.1,83.1 274.9,-21.5 258.2,187.7 -435.7,0 -435.7,0 -464.4,309.7zm-61289.2 -21047.5c195.7,-40.5 413,79.3 591.3,-59.8 65.7,-51.5 -4.6,-198.9 114.3,-237.4 8.7,-3.3 67.9,80.6 63.6,119.3 -25.8,248.1 267.5,114.9 296.9,249.8 16.6,74 -137.4,115.8 -143.4,239.6 -11,230.3 -433.5,141.9 -370.3,449.1 -274.5,58.6 -548.9,117.8 -954.1,204 519.3,-392.4 586.1,-598.8 401.7,-964.6zm36061.4 43799.3c220.8,-63.3 326.1,-202.7 311.9,-439.8 -10,-168.6 -53.2,-359.3 240.7,-356.9 85.9,0.6 100.2,-160.1 24.7,-248.9 -127.6,-148.3 -336.6,-249.9 -267.6,-502.3l382.9 0c162.4,104.6 25,286.7 106.5,413 194.3,298.3 265.2,570 -162.4,730.1 33.5,268.9 -300.8,324.1 -324.8,554.1 -20.2,190.9 -136.7,191.5 -257.1,130.3 -112.5,-57.2 -34.8,-185.3 -54.8,-279.6zm-26144.5 6055c-26.7,-51.5 -58.3,-112.5 -89.7,-173.5 -25.6,38.8 -75.9,80.6 -72,116.5 7.2,66.3 46.4,128.9 72,192.8 25.8,-39.2 51.8,-78.2 89.7,-135.8zm-479.2 419.2c19,-321.9 6.8,-660.2 -140,-992.6 -40.3,-91.2 -118,-323 116.2,-370.7 187.9,-37.8 142.7,203.1 198.2,226.7 536.2,230.9 443.8,680.8 441.3,1136.6l-615.7 0zm57050 -38137.1c251.5,-216.2 263.3,-520.8 347.5,-780.5 107.8,-333.7 276.6,-180.9 466.7,-195.9l0 1375.8c-186.4,-245.6 -301.9,-302.4 -814.2,-399.4zm-61479.4 874.5c-212,-25.8 -348,-171.6 -343.7,-235.8 19.6,-284.5 -106.3,-523.6 -173.5,-780.4 -24.7,-94.8 -26.3,-213.5 115.5,-231.3 110.3,-13.6 199.5,17.4 191.7,159.7 -4.4,76.5 -10.6,156.5 8.3,227.7 8.9,33 74.2,61.3 118.7,72.2 80.8,20.2 144.9,-17.2 179.7,-92.4 10,-21 1.5,-50.4 1.9,-76 0.9,-149.1 -30.2,-358.4 210,-283.4 181.2,56.6 143.9,312.4 71.5,381.8 -185.5,178.2 -75.1,388.1 -136.7,566.3 -43.4,125.1 -179,217.9 -243.4,291.6zm64793.7 -11155.1c-228.9,0 -460,19.8 -685.5,-8.9 -107.1,-13.5 -112.9,-146.7 -65.7,-244.2 56.6,-116.4 270.3,12.7 285.2,-172.1 8.5,-106 11.4,-205.1 157.7,-194.2 207.2,15.8 102.2,-198.1 185.2,-256.7 179.3,-126.4 391.9,-19.1 587.1,-52.6l0 545.5c-101.5,184.6 -604,-96.3 -464,383.2zm-10171.4 15451.7c209.5,147.5 -32.2,484.7 353.2,531.6 154,19 93.7,416.6 -118.1,572.7 -60.7,44.5 -132.9,58.1 -124.8,152.9 6.9,74.9 -5.6,148.1 -102.2,128.8 -24.8,-4.9 -21.7,-101.3 -54.1,-123.6 -192.2,-133.8 -281.7,-380.3 -518.4,-464.3 -77.2,-27.8 -110.7,-92.4 -99.1,-177 12,-85.4 52.8,-141.1 145.2,-130.4 345.8,40.5 473.4,-183.1 518.3,-490.7zm-1285.1 37446.9c-238.7,162.8 -562.4,-170.8 -786,215.5 -113.7,195.1 -388.1,297.3 -370.2,617.4 -44.1,-268.7 -177.1,-473.5 -232.9,-704 -6,-24.3 0,-51 -0.7,-76.2 -13.8,-346.4 32,-370.2 431.7,-333 253.4,23.6 511,13.1 765.7,1.8 265.7,-11.9 184.2,174.9 192.4,278.5zm-60380.9 8571.6c10.9,8.3 21.5,17.6 31.8,28.3 -10.6,6.1 -21.2,11.7 -31.8,16.9l0 -45.2zm11903.6 -47850.3c-178.4,0 -353.2,0.4 -528,-0.4 -75.9,-0.1 -179.9,-9.9 -195.7,71.9 -25.1,127.1 -18.4,275.4 -200.8,233.5 -228.9,-52.1 -83.3,-252.2 -122.2,-382 -44.6,-151.9 132.4,-220.5 143.1,-322.4 22.3,-212.9 221.8,-410 294.1,-353 157.2,123.8 499.7,-21.8 497.4,334 -0.2,111.8 196.4,165.7 112.1,418.4zm38258.2 40033.5c-237.5,149.4 -604.2,-159.5 -636.7,302.6 -5.8,87 -128.3,62.3 -200.5,57.2 -71.4,-5.4 -165.6,-9.4 -204.3,-53.7 -34.6,-39.8 -33.4,-178.8 -3.1,-196.4 319.7,-185.2 280.5,-507.8 276.5,-797.5 681.5,-26.1 681.5,-26.1 768.1,687.8zm7591.3 -23425c-232.8,-98.9 -450.6,16.5 -602.5,-89.3 -62.5,-196.4 59.3,-267.9 147.9,-354.2 106.4,-104 340.2,-56.6 328.9,-316.7 -4,-83 186.3,-108.6 243.7,-12.6 240.1,402.5 226.3,846 161.9,1290.5 -3.8,23.3 -88.2,57.8 -125.5,48.5 -52.2,-12.7 -162.6,82.8 -156.1,-71.9 6.4,-153 1.7,-306.9 1.7,-494.3zm-37761.3 -357.4c-60.1,203.3 120.2,456.5 -120.9,617 -230.2,153.4 -395.9,497.2 -814,248.9 -4.2,-232.9 208.6,-449.7 176.6,-728.3 -16,-137.6 105.5,-422.6 381.1,-146.9 63.7,63.7 245.9,9.3 377.2,9.3zm14556.8 15320.7c513.4,13.4 513.4,13.4 732.7,421.3 -108.8,101 -243.5,14 -370.5,53 -155.8,160.5 4,384.2 -95,567.1 -160.4,91 -338.9,24 -505.5,43.8 -409.2,-464.7 343.8,-643.2 238.3,-1085.2zm6823.1 -21975.8c102.5,0 274.3,-51.4 347.2,11.4 116.9,101.5 196.8,269.9 240.6,424.8 70.4,249 -148.5,603.6 293.3,715.7 56.8,14.2 -128.3,500.2 -232.9,547 -38.8,17.2 -96,-5.8 -145,-10.2 70.9,-230.5 -365.5,-314 -133.3,-644.2 206.8,-293.9 106.2,-383.4 -369.9,-457.5l0 -587zm25821.5 24143.5c-102.7,6.5 -184.8,-85.9 -147.5,-124.2 271.3,-276.8 -33.1,-535.5 -8.6,-800.9 12,-127.3 -12,-258.5 6.2,-384 19.1,-133.4 -103.7,-354.7 112.2,-382.3 327.1,-42.3 180.4,240.6 184.6,379.1 6.7,214.7 216.9,323.8 226.2,524.8 477.1,4.7 91.1,329.8 77.9,346.7 -133.5,163.9 -299.7,301.3 -451,440.8zm-53086.3 -4332.7c0,50.5 -1.3,101.5 0,152.2 16.5,456 15.6,459.4 503.6,620.1 181.3,59.7 94.4,201.5 115.4,311.3l-1238.2 0c22.9,-110.2 -74.6,-279.2 121.4,-306.1 179,-23.9 215.9,-41.5 77.5,-202 -180.6,-209.8 160.5,-316.2 149.1,-522.6 -5.5,-98.8 176.6,-32 271.2,-52.9zm136 -45967.5l-715.6 0 14.4 -30 711.9 0c-4.1,9.9 -7.7,19.9 -10.7,30zm18.8 8976.9l-774 0c166.1,-157.6 89.1,-556.6 506.8,-472.6 189.2,37.6 24.7,-301.7 234.4,-300.2 147.9,1.4 399.2,-28.7 424.6,31.4 72.2,170.5 254.7,299.3 228.7,502.5 -151,241.4 -519.9,-119.7 -620.5,238.9zm2914.3 46591.3c73.7,390.5 -59.1,749.7 170.9,1073.2 81.7,114.6 -12.2,276.5 -138.9,398.7 -140.7,135.9 218.2,559.4 -202.6,508.4 -237.8,-29 -74.4,-394.4 -109.8,-605 -48.7,-288.8 92.4,-604.5 -150.1,-870.8 -51.4,-56.5 -10.9,-212.4 140.6,-198.1 247.5,24.2 84.8,-266.8 289.9,-306.4zm-11581.8 3555.1c-210.3,0 -384,7.8 -556.1,-2.3 -160.3,-9.8 -212.6,48.6 -225.6,211.4 -9.8,119.5 -148,132.7 -234.6,81.7 -99.8,-58.4 -85.8,-157.4 -26.1,-257.6 96.8,-162.1 204.6,-324.2 262.7,-501.4 80.6,-247.7 250.5,-335.6 475.8,-299.3 179.3,29.4 310,149.8 304.6,361.6 -2.9,122.4 -0.7,244.9 -0.7,405.9zm17122.9 -21992.2l-878.8 0c30,-308 151.6,-467.6 458.8,-448.3 90.5,5.8 153.2,-31.8 163.7,-111.1 13.6,-102.6 2.7,-211.2 -149.6,-199.9 -150.5,11.2 -174.8,-95.9 -151.8,-197 41.4,-182.6 202.1,-94.5 314.6,-112.2 241.5,-37.9 70.7,285.2 316.8,330.3 319.5,58.6 71.7,230.3 -9.8,369.4 -58.4,100 45.6,251.6 -63.9,368.8zm14718 -1084.6c73.7,322.6 3.3,529.3 -151,795.1 -160.8,277.6 -337.6,657 -147.8,1035.6 -167.9,83.5 -344.3,32 -535.1,35.6 -16.7,-168.4 -209.1,-374.8 121.1,-455.6 84.6,-20 125.4,-52.9 138.1,-141.1 23.8,-166.8 -89.8,-366.3 94.4,-496.1 163.2,-114.6 -77.3,-427.3 170.1,-432.6 246.2,-5.4 152.3,-258.3 310.2,-340.9zm35485.6 -3704c146.7,-31.2 154.3,-94 156.5,-169.4 9.1,-376.4 59.2,114.4 21.4,403.6 -36.3,31.8 -19.9,111.5 -108.7,94 -53.4,-10.1 -37,65.4 -36.1,102.8 8.5,324 4.5,324 -342.7,324 0,-401.7 3,-806.7 -2.6,-1211.7 -0.9,-95.5 41.8,-145.2 121.8,-154.7 111.7,-13.6 197,18.5 191.7,160.7 -6.2,148.1 -1.3,296.4 -1.3,450.7zm-22596.8 6995.5c168.4,-17.6 289.3,-30.7 410.8,-43.4 116,-179.3 12.3,-394.3 71.3,-597.2 68.1,38.7 131.8,56.8 132.7,77.3 6.9,228.9 4,458.4 4,687.5 0,178.6 21.1,360.1 -6.1,534.1 -24.6,158.8 -385.8,18.8 -311.7,319.3 13.2,54.4 -106.1,94.9 -183.9,78.4 -78.6,-16.4 -122,-61.2 -119.5,-155.8 6.6,-280.1 2.4,-560.5 2.4,-900.2zm-3309.5 20850l-740.8 0c137.6,-383 209.6,-748.1 429.5,-1079 299.5,32.5 278.4,361.8 459.2,515 251.5,212.9 -233.2,335.8 -147.9,564zm-22177.9 -60195.5c-3.7,-7.6 -7.7,-15.1 -12,-22.5l318.4 0c7.6,8 15.8,15.9 24.7,23.4 64.5,54.3 93.3,120.6 0.9,156.5 -66.2,25.4 -219.3,-85.3 -332,-157.4zm18122.1 45986.7c121.3,31.4 227.8,278.6 385.4,439.3 79.5,81.5 74.1,348.5 -225.6,343.2 -85.9,-1.4 -111.1,169.4 -28.2,246.8 231.1,215.6 76.8,481.7 106.8,721.2 8.5,66.6 -89.7,114 -171.4,92.9 -44.1,-11.2 -83,-44.8 -124.4,-68.6 342,-309.3 -12.3,-509.4 -126.1,-738.3 -75,-150.5 34.3,-213.8 75.1,-322.6 60.8,-160.8 185,-405.5 -179.1,-421.8 -72.3,-3.1 -98.1,-103.7 -85.4,-183.2 22.5,-141.2 130.2,-126.4 372.9,-108.9zm8913 6643.7c248.4,-26.7 80.3,262.5 253.4,312.2 18.7,-66.1 35.1,-134 56.7,-199.9 24.5,-75.5 67.5,-117.1 159.4,-115.8 94,1.6 157,52.1 144.6,124.9 -43.7,257.1 52.5,474.5 184.1,672.9 -250.5,201.2 -494.5,331.2 -798.2,289.2l0 -1083.5zm15557.3 -26156.6c-206.6,0 -411,1 -614.5,-2.1 -19.1,-0.8 -37.8,-30.7 -69.2,-58.3 -4.5,-60.8 -13.4,-133.4 -14.9,-206.4 -2.3,-150.1 -0.5,-300.3 -0.5,-478.7l1059.4 0c-18,192.8 -335.6,65.3 -294.3,319.9 22,134.3 74.5,304.4 -66,425.6zm-11766.4 -2618.5c6.9,-337.2 -201.1,-608 -227.8,-922.4 -11.1,-128.9 -68.4,-150.5 -182.4,-179.9 -256.7,-66.3 -383,-397 -229.1,-580.9 28.7,-34.3 193.7,-10.9 194.4,-4 46.1,446.4 434.8,197.5 684.2,345.6 -73.7,429.7 -223.8,869.6 -239.3,1341.6zm-49294.3 15774.1l-629 0c43.6,-392.6 -90,-759.9 164.6,-1083.5l464.4 0 0 1083.5zm4317.2 -3560l0 564.6c-256.2,161.7 -557.5,-68.8 -808.9,156.5 -80.6,72.2 -229.8,-110.4 -256.2,-258 -19.6,-112.4 281.2,-459.8 394.3,-461.8 204.4,-3.8 409.4,-1.3 670.8,-1.3zm62360.1 15780.7l0 1103.4c-63.2,-56.1 -104.8,-77.7 -123.1,-112 -142.2,-266.9 -248.2,-295 -292.1,-98 -54.6,244.3 -185.9,186.6 -326,196.7 -148.9,10.9 -202.8,-128.9 -149.6,-189.5 228.2,-260.1 369.6,-562.7 524.2,-864.4 28.4,-56.3 227.3,-25.1 366.6,-36.2zm-65986.4 -32955.9c313.2,-66.6 226,425.3 529.4,364.7 -5.7,69.1 -0.9,195.8 -18.7,198.9 -287,51.6 -328.8,305.5 -423.2,507.2 -46.5,99.7 62.6,267.1 -113.1,315.4 -254.7,70.2 -154.6,-196.5 -250.7,-279.8 -19.2,-16.7 -53.7,-38.5 -51.4,-53.5 25.6,-158.5 -287.9,-450.8 175.8,-445 68.2,1.1 74.2,-110.5 82.7,-187.5 17.3,-142.9 -70,-306.2 69.2,-420.4zm47804.9 38069.9c-128,0 -179.5,3.6 -230.6,-0.9 -85.1,-7.7 -140.6,-52 -129,-144 5.6,-46.1 20.7,-121.8 46.4,-129.1 197,-54.8 389.6,-120.1 412.5,-356.9 20.5,-215.8 403,-94.4 336.5,-391.5 -14.5,-65 167.2,-87.5 186.8,-56.3 99.2,157.6 205,325.3 238.2,502.7 13.6,71.5 -152.8,253.7 -234,251.4 -230.2,-4.4 -371.8,37.9 -423.3,286.6 -7.3,34.5 -181.5,34.1 -203.5,38zm-23555.4 -6653.4l360.2 0c26.5,36.9 77.3,74.8 78.4,114.2 7.5,257.6 4.2,515.8 3.6,773.4 -0.3,110.5 15.3,200.4 161.2,196.9 43.1,-0.5 124.6,37.6 123.9,55.9 -3.5,88.6 -77.4,85 -148.9,99.1 -175.4,35.6 -365.2,-160.8 -456.6,-319.5 -162.2,-283.1 -159.7,-564.5 -121.8,-920zm13598.2 -1.9l619 0c24.9,164.8 -3.4,344.9 -166.1,387.7 -385.7,101.5 -320.2,373.8 -273.5,635.2 15.7,86.8 249.4,181.5 -32,212.9 -150.8,16.9 -144.3,-101.1 -148.1,-204.6 -3.1,-72.8 -13.5,-145.4 -24,-257.2 -212.4,0 -413.5,1.6 -614.3,-1.1 -87.7,-1.3 -130,-49.9 -136.9,-141 -6.9,-91 33.4,-159.1 112.2,-163.8 202.4,-12 405.7,-3.8 594.5,-3.8 117.5,-159.6 48.7,-317.7 69.2,-464.3zm1459.5 -31606c605.8,200.5 788.8,657.5 874.8,1177.5 -114.9,141.6 -251,82.7 -370.9,91.3 -123.2,8.3 -247.4,1.6 -386.6,1.6 85.5,-247.6 165.5,-458.5 359.6,-665.3 -242.3,-153 -733,-51.9 -476.9,-605.1zm-20356.9 -3500.4c-54.3,223.1 208.9,301.9 169.7,494.8 -761,390.9 -798.4,374.5 -1068.9,-494.8l899.2 0zm-2445.6 11581l0 -1058.7c263.2,97.6 37.2,423.5 281.7,529.1 45.2,19.8 21.3,244.7 204.6,218 140.3,-20.3 82.2,-160.8 128.9,-229.2 83.9,-124.2 224,-129.6 291,21.2 37.9,85.5 -2.2,212.8 148.3,208.4 137.8,-4 179.2,71.9 166.1,188.3 -15.6,145.5 -129.4,123.8 -230.2,123 -309.3,-1.2 -619,-0.1 -990.4,-0.1zm-3502.1 -19666.6c-267.8,-46.9 -113.7,-505.6 -476.4,-477.6 -75.7,5.4 -75.3,-126.4 -58.4,-193.9 62.6,-247.4 345.1,-580.9 458.7,-556.6 240.7,51.8 317.1,213.7 312.2,659.9 -3.2,280.1 -3.2,280.1 -236.1,568.2zm45876.6 -4789.6c108.6,-261.9 -119.4,-457.8 -163.2,-772 298.8,0 573.5,-18.5 843.4,7.6 142.9,14 412.1,-151.9 409.6,154.5 -1.7,227.8 -297.6,134.3 -425.9,251.1 -6,5.6 -188.1,-175 -169.2,11.4 45.2,440.9 -237.6,345.8 -494.7,347.4zm-54280.4 14467.2c266.8,527.9 -153.1,789.1 -254.4,1138.7 -16.7,57.4 -345.6,97.9 -372.5,-63.7 -26.5,-162.3 -190,-229.6 -177.7,-394.8 15.1,-202 264.5,-74.1 273,-179.5 32.7,-393.6 458.4,-184.5 531.6,-500.7zm-3774.3 30407.4c196.8,374.5 -292.2,673 -93.8,1013.7 -165,102.8 -386.7,87.9 -395.9,52.5 -50.5,-189.5 -334.4,-386 -220.6,-503.2 261,-268 28.5,-596.9 204.8,-883.4 111.1,220.6 211.8,420.6 311.3,619.2 150.3,-48.2 22.9,-246.7 194.2,-298.8zm-3610.8 6093.5c-282.8,-470.2 9.1,-901.7 -309.5,-1197.4 128.9,-153.2 45.4,-451.6 324.2,-496.1 144.3,-23.1 109.1,-126 147.4,-210.6 69.3,-154.1 133.4,-92.4 145.2,38.9 6.6,74 36.1,174.8 93.7,137.2 64.6,-42.5 77.9,-163.7 116.9,-260.3 209.7,142.9 23,358.9 117.6,493.9 -126.3,208.8 -426.8,-6.7 -464.5,190.3 -37.2,193.3 -224.6,318.2 -179.2,545.5 40.1,198.6 8.2,411.5 8.2,758.6zm14014.9 -47716.1l0 -815.8c249.8,144.7 11.8,590.2 395.8,523.9 65.3,-11.1 87.7,126.7 62.1,191.9 -43.2,108.9 -110.4,255.8 -164.5,306.2 -255.2,242.7 -353.4,524.6 -341.3,884.3 -147,-289.6 -71.5,-626.7 -378.3,-846.7 -145.6,-104.2 -11.6,-263.8 193.5,-244.3 50.5,4.7 102.2,0.5 232.7,0.5zm5118.1 798l0 -1205.4c136,-102.9 142.4,87 219.9,95.3 100.2,10.6 202.9,2.8 306.2,2.8 291.9,374.5 -113.1,680.5 -116,1030.9 -0.9,112.4 -224.7,21.8 -410.1,76.4zm-11142.4 21561.4c53.6,-529.5 -293.1,-935.8 -137.7,-1420.5 213.3,-39.9 62.8,187.9 161.7,222.1 64.3,22.5 196.1,36.8 198.1,28.1 53.7,-200.8 235.2,-263.1 357.9,-386.3 90.1,-90.2 91,-294.6 275.4,-186.1 145.6,85.5 47.9,208.4 -43.6,311.3 -42.1,47.2 -17.2,158.9 -61.3,199.5 -123.3,113 -330,106.1 -419.7,274.5 -66.3,125.1 -144,248.4 -185.4,382.1 -49.7,161.1 67.2,353.7 -145.4,575.3zm-3643.7 -22049.7c225.3,-19.6 344.4,124.9 371.3,301.7 34.3,226.4 18.5,462 2.1,692 -4.7,75 -100.3,88 -180.9,91.9 -209.7,10.3 -22.7,-318.6 -229.1,-273.1 -109.9,24.2 21.4,277 -181.2,268.2 -115.3,-4.8 -272.7,67.5 -326,-99.2 -29.6,-92.7 -0.4,-171.9 136.5,-214.5 372.1,-116.6 226.5,-534.8 407.3,-767zm38387.2 39783.9c190.1,160.7 -83.6,535.9 157.4,591.1 355.5,81.8 184.1,273.7 197.5,433.1 -241.8,175.5 -332.9,-155.9 -540.4,-143.6 -67,3.8 -104.2,-252 -307.5,-318.4 -119.4,-39.4 -160.1,-318.8 -233.1,-483.6 325.9,-214.4 477.6,-85 552.6,214.2 148.9,-47.9 21.2,-246.5 173.5,-292.8zm18794.2 5874.2c-145.6,-18.9 -300.6,44.6 -455.7,-61 282.5,-209.5 106.4,-410.3 -113.2,-640.6 507,-84.6 915.2,-152.5 1323.7,-221 -284.7,205.3 -436.2,440.6 -445.1,767.7 -117.7,23.3 -296.3,-76.6 -309.7,154.9zm-2333.8 3185.7c-276.6,217.4 -63.3,533.7 -169.2,781.5 -13,31.6 -83.5,52.8 -127.4,52.8 -43.6,0.2 -127.6,-38.3 -125.8,-48.5 48.1,-284.6 -232.9,-365.2 -320.8,-551.7 -41,-86.9 -233.1,-184.2 -118.9,-284.2 112.6,-99 43.2,-283.9 157.6,-317.7 174.4,-51.2 407.3,-147 422.8,206.9 5.4,124.9 240,8.6 281.7,160.9zm-40196 -43790c97.1,403.2 97.1,403.2 -281.9,844.5 57.9,361.4 -366,443.7 -426.8,737.2 -174.2,-22.9 -52.8,-206.4 -159.9,-283 -175.5,-124.9 -111.8,-290.8 39.6,-360.3 257.6,-118.6 450.5,-325.9 468.1,-564.6 24,-317.5 474.7,25.1 360.9,-373.8zm37272.3 33154.9c42.6,-132.1 -94.4,-302.6 100.5,-451.1 359.6,-272.6 346.8,-289.5 793,-285.1l0 736.2 -893.5 0zm-50362.5 -12841.7c304.6,48 561.5,-39.2 804.5,67.2 -38.8,367.4 570.2,230.5 475.5,682.6 -254.7,48.6 -519.9,200 -674.6,-234.6 -24.3,-68.6 -324,-39.6 -492.9,-55.7 -137.2,-136.5 21.6,-304.3 -112.5,-459.5zm16687.3 -26143.1c-255.4,-322.9 -248.9,-667.4 -211.3,-1017.8 264.1,-240.9 446.4,105.3 683.1,99.5 127.4,-3.5 356.7,-116.4 377,115.4 28.7,322.8 -248.9,165.2 -390.6,177.9 -159.2,14.2 -204.8,58.5 -229.5,219.1 -20.5,131.7 -135.4,248.7 -228.7,405.9zm-16840.5 32040c244.9,493.6 -207.5,713.4 -318.1,1046.2 -23.6,71.1 -273.7,95.8 -395.2,-32.7 -30.6,-119.3 14,-199.9 101.2,-270.7 247.9,-200.7 334.5,-379.4 -75,-484.8 -20.9,-5.7 -35.2,-91 -29.1,-136 11.1,-80.6 54.9,-128.7 152.3,-124.2 179.6,8 359.8,2.2 563.9,2.2zm-7859.6 4296.5c22.7,205.3 36.3,326.2 47.4,428 48.3,68.7 108.5,63.9 114.9,-4.1 12.7,-132.9 68.2,-227.5 163,-316.8 82,-77.5 162.6,-110 262.9,-59.7 87.8,44.3 32.4,139.7 59.7,203.3 88.4,208.9 -185,265.4 -181.6,471.4 2.4,136 -262.8,82.3 -402,70.1 -247.5,-21.8 -150.2,211.7 -303.6,341.5 8.7,-411.6 -248.5,-803.3 239.3,-1133.7zm50012.8 17990.8l433.5 0c14.6,256.9 110.6,513.4 -44.4,772.1 -325.4,-146.9 -176.7,531.9 -544.1,311.7 0,-50.3 21.8,-121.3 -3.1,-146.9 -230.7,-238.1 -72.8,-470.3 6.2,-699.8 30.1,-87.1 171.4,-111.4 151.9,-237.1zm-27527 -39212c-126.9,-299.7 172,-460.8 178.6,-806.8 203.1,438.6 275.7,471.8 407,229.9 130.3,-239.8 326.7,-183.6 420.8,-91.7 98.7,96.6 131,273.6 -79.9,424.4 -377.6,270.7 -357.6,298.3 -926.5,244.2zm34949.6 44419.4c2.2,-127.2 15.5,-262.2 14.2,-409.3l766.1 0c30,133.8 234.7,298.8 134,409.3l-914.3 0zm-51095.2 -63093c-250.9,-7.5 -564.8,91.1 -695.3,-304.1 -18.3,-55 -242,47 -348.5,-65.3 582.7,-395.4 582.7,-395.4 1043.8,-379.1l0 748.5zm27136.4 52436.8c-139.3,-339.1 207.8,-473.6 125.6,-742.1 214.6,0 364.5,-9.3 513,2.9 141.6,11.4 342,-82.8 411.7,81.5 122,287.7 -206.6,197.5 -310.8,300.6 -384.3,379.6 -392.8,370.4 -739.5,357.1zm27288.5 -40342.1c-230.7,-398.8 99.3,-667.5 86.8,-984.1 -5.8,-141.8 127.8,-115.3 227.5,-123.1 152.4,-12.1 250.1,22.7 232.1,201.2 -31.6,306 83.4,264.8 258.9,114.3 25.4,-21.9 105.3,-9 142.1,15.5 118.9,78.4 -24.8,106.3 -37.9,160.8 -52.8,218.6 -154.3,313.9 -410.4,295 -332.1,-25.2 -334.4,7.4 -499.1,320.4zm855.6 8181.4c137.9,11.1 407.5,-25.2 292.1,187.4 -184.1,339.1 -298.1,699.4 -437.2,1050.9 -48.6,122.9 -97.6,166.8 -204,151.5 -138.7,-19.6 -116,-135.2 -115.6,-235 1.1,-281.8 0.3,-563.5 0.3,-845.4 435.7,0 435.7,0 464.4,-309.4zm-51075.2 -8516.9c74.4,261.1 -234.2,421.9 -173.3,703.3 22.3,101.6 -211.7,77.8 -329.2,69.9 -138.8,-9.1 -139.4,-136 -112.7,-228.6 69.5,-240.3 195.9,-459.4 8.5,-721 -61.5,-86.3 144.4,-178.8 214.8,-278.9 91.5,79.4 165.7,179.9 316.2,152.9 150.9,-26.5 53.6,98.9 72.5,150.8 16.3,45.1 3.2,100.6 3.2,151.6zm18418.2 1861.6c147.8,251.6 147.8,251.6 128.2,722 -53.9,83.1 -137.6,48.6 -209.3,50.3 -100.4,2.5 -208.3,-18.4 -228.2,125.2 -11.5,81.2 13.6,156.5 90.6,181.7 67.1,22.4 163,-19.2 200.4,67 41.5,96.6 38.8,218.2 -81.2,240.2 -146.6,27.2 -302.4,6.5 -451.1,6.5 -156.8,-326.9 -87.1,-587.4 188.1,-798.4 102.4,-79.1 32.7,-190.8 52.6,-285 253.5,46.9 356.7,-56.4 309.9,-309.5zm-18346.5 -9909.8c231.1,730.9 -175.2,1220.1 -658.4,1684.8 -27.9,-204.2 -114.9,-424.2 65.7,-611.9 133.8,-139.8 -85.3,-508 309.4,-469.8 75.3,-209.5 235.8,-378.3 283.3,-603.1zm10025.5 11521.3c-186.1,134.3 -312.6,77.5 -434.6,83.3 -160.7,-168.5 12.3,-395.9 -103.3,-570.6 -36,-45.5 -90.4,-40.1 -104.2,27.5 -24.2,120.1 -8.4,273 -194.8,237.4 -178.1,-33.6 -177.5,-169.4 -76.6,-272.1 137.8,-140.3 129.8,-233.6 1.1,-379.2 -99.7,-112.8 -87.3,-274.1 18,-432.8 92,172.4 140.5,449.6 310.2,445.1 289.2,-8.3 216.2,228 307.5,339.3 116.7,142.1 178.5,329.5 276.7,522.1zm-7620.7 33278.2c0,97.1 33.6,232.5 -7.7,338.9 -62.6,159.2 248.7,303.1 81.9,342.5 -202.6,48.5 -210.7,147.4 -258.8,283 -31.4,90.1 -148.5,73.2 -198.8,44 -47.8,-28.2 -87.3,-175.4 -76.3,-182.5 387.8,-241.1 244,-560.7 156.5,-887.3 -44.8,-168.3 192.4,-430.8 357.3,-445.3 61.7,-5.6 418.6,253.1 408.4,303.9 -47,240 -241.4,96.7 -365.8,137.9 -21.8,7.1 -40.1,26.2 -96.7,64.9zm11284.7 9081.4c28.1,1330.1 28.1,1330.1 -295.9,1913 0,-316.9 -93.5,-653.7 17.6,-746.8 333.8,-280.3 -71.3,-444.2 -33.6,-656.8 24.7,-139 -441.5,102.2 -186.4,-290.6 147.9,-228.8 247.8,-243.8 498.3,-218.8zm-17069 5248.5c469.2,-428.1 -3.9,-782.2 58.4,-1153.8 166.3,-199 378.7,-15.1 547.9,-102.8 34.8,83.7 74.4,132 67,171.4 -42,215.6 83.8,439.5 -95.4,659.5 -132.7,162.8 -139.5,432.9 -577.9,425.7zm37479.9 -9711.6c-92.4,210.6 -176.1,424.6 -278.9,628.8 -116.9,231.5 -452.5,-30.5 -557.5,286.3 -92.9,-977.5 -92.9,-977.5 836.4,-915.1zm2663.9 9709.9c17.8,84.8 -25.6,177.5 33.2,254.3l-572 0c-17.8,-33.9 -40.4,-66.8 -68.9,-98.3 -30,-33.2 91.8,-203.7 143.6,-310.6 197.1,-76.1 299.7,132.1 464.1,154.6zm17264.8 -11124.6c-133.3,-156.5 -61.4,-288.8 -85.4,-409 -38.6,-193.3 35.8,-264.5 230.8,-235.1 30.3,4.8 72.4,-64.2 108,-100.5 366.5,-371.1 418.6,-392.7 755.9,-360.2 90.9,8.7 132.1,48.1 144.1,132.7 12,84.1 -25.9,177.4 -95.1,172.8 -417,-27.6 -495.2,567.9 -934.2,504 -22.3,-3.3 -69.9,162.3 -124.1,295.3zm-22305.7 -584.7c195.1,-288.3 377.2,-150.8 513.4,-242.7 87.6,-102.6 26.1,-234.4 36.6,-355.4 8.7,-98.8 -18.5,-212.1 124.4,-227.5 111.8,-12.2 138.8,59.4 198,155.2 271.2,439 150.9,831.6 -78.6,1226.6 -229.1,-210.2 -134.1,-795.8 -793.8,-556.2zm26461.5 -22878.2c188.4,-407.6 305.1,-671 239.8,-945.3 200.6,-110.5 379,-46.1 597.2,-71.1 20,237.6 18.7,430 -76.4,689.4 -164.1,449.7 -426.8,159.4 -760.6,327zm-48424.7 -27208.7c-117.4,484.9 -420.7,336.9 -810.9,334.2 282.3,-308.1 277.4,-603.8 258.7,-957.9 187.2,169.1 172.3,434.9 450.8,362.8 168.6,-43.7 333.1,-37 362.5,238.6 12.7,118.7 231.6,264.8 38.1,361.9 -255.6,128.9 -203.3,-191.5 -299.2,-339.6zm31028.3 -270.8l0 544.7c160.9,177.2 388.9,3.7 592.5,123.1l0 737.8c-159,-121.3 -136.3,-414.5 -408.9,-321.4 -76.3,25.5 -129.3,-30.6 -185.8,-86.4 -226.9,-224 -230.5,-220.5 -451.6,235.8 39.6,-333.6 -212.6,-558.9 214,-622.2 143.6,-21.8 70.3,-216.8 85,-334.8 14,-112.7 -49.4,-268.7 154.8,-276.6zm-45503.2 51232.7c199.5,0 350.7,19.8 494.3,-4.4 218.2,-37.5 337.5,104.4 427.3,241.1 121.8,185.7 -196.8,251.1 -167.7,463.3 14.7,109.1 -241.6,111.3 -321,63 -161,-97.9 -188.6,-357.1 -431.3,-393 -14.3,-2.2 -1.6,-188.8 -1.6,-370zm38903.1 -40682.9c-20.7,20.6 -37.8,38 -55.2,54.9 34.5,17.6 67.4,40.4 103.9,48.3 12.8,3 33.7,-30.7 51.1,-48.3 -33.9,-18.6 -67.3,-37.2 -99.8,-54.9zm-209.9 -332.2l572.8 0c91.8,232.9 35.9,479.5 38.3,711.6 -126.4,113.1 -265.4,26.2 -379.8,67.6 -129.2,47.2 -19.6,244.3 -164.3,294.2 -353.2,-336.3 -19.6,-716.8 -67,-1073.4zm23645.8 37002c253.1,406.1 -274.1,456.2 -347.8,738.8 -14,53.7 -239.5,65.4 -342.6,-12.5 -91.8,-69.5 -79.3,-182.1 14,-256.2 295.5,-233.2 -181.9,-376.5 -64.2,-589.6 33.5,-61 34.4,-171 79.3,-189.7 88.4,-36.8 220,-32.8 227.6,104.2 22.9,404.3 346.7,49.6 433.7,205zm-4910.1 763c232.4,-771.6 232.4,-771.6 1002.6,-769.4 128.9,126 71.6,271 32.3,461.8 -253,-4.3 -574.7,-81.3 -676.3,303.6 -7.8,29.5 -225.1,4 -358.6,4zm6179.4 7453.8c20.3,277.9 -359.3,459.3 23.8,667.1 -199.6,131.8 -392.7,70.7 -574.8,67.6 -187.7,-95 114.4,-451.1 -253,-454 -143.4,-0.6 -162,-156.5 -111.9,-220.6 62.5,-79.7 154,-280.8 252.9,-188.4 199.3,185.3 441.7,43.2 663,128.3zm-67168.1 -24.7c0,488.5 0,488.5 309.6,773.9 -101.8,0 -210.9,24.3 -304,-4.5 -298.3,-93.2 -306.1,155.2 -439.5,404.4 12.3,-441.8 -291.7,-740.6 -139.2,-1173.8l573.1 0zm40207.6 -1579.3c151.2,498.9 -223,655.5 -408.9,779.1 -280.2,187.7 -517.3,-68.8 -622.2,-404.4 68.8,-161 440.2,148.5 472.5,-264 15,-193.7 352,-13.8 558.6,-110.7zm27571.3 3673.8c95.7,-415.7 242.9,-837.4 187.4,-1288.8 95.1,224.9 485.7,371 145,695.8 -94.2,89.8 46.3,225.3 207.7,200 218,-34.1 252.7,79.4 250.3,265.4 -2.7,178.1 -84.6,219.5 -236.7,199.9 -172.8,-22.2 -355.8,53.2 -553.7,-72.3zm-12216.9 -10792.6c14.2,86.5 -27.4,189.2 -90.9,178.1 -342,-59.7 -546.2,85.3 -682,386.1 -21.6,47.2 -122.9,73.7 -190.8,81.9 -96.2,11.8 -255.3,30 -259.2,-76.6 -5.7,-120 -111.9,-377.6 61.7,-364 304,23.6 167.2,-305.3 322,-321.8 252.7,-27.2 511.4,-8.9 767,1.1 25.9,1.4 49.2,76.9 72.2,115.2zm-56513.5 -43001.7l0 882.1c-156.6,105.8 -352.8,45.7 -543.6,33.2 -173.2,-343.5 29.7,-615.8 173.1,-883.5 30,-55.9 226.2,-22.7 370.5,-31.8zm2032.7 52009.3c-49.1,0 -101,6.2 -150.9,-1.2 -95.1,-15.1 -213.5,54.4 -283.2,-51.8 -61.7,-94.4 -43.7,-203.6 55.4,-257.4 218.2,-118.7 314.4,-369.6 352,-541.5 73.9,-339.1 257.7,-220.5 442.5,-210.2 103.5,108.9 31.6,242.9 49.2,363.1 21.8,144.5 -11.4,253.9 -191.8,234.3 -439.5,-47.5 -219.1,287.6 -273.2,464.7zm-5592.2 -21667c71.6,-2.1 122.7,-32.5 179.6,-81.7 134.3,-115.8 141.2,-108.6 218,68.2 160.5,-38.8 28,-239.8 162.5,-292.9 27.2,37 76.1,73.1 77.9,111.4 8.1,179 20.5,360.7 -0.7,537.2 -23.8,194.8 -195.4,98.5 -305.4,120.9 10.7,-139.8 -81.7,-154.7 -187.1,-154.7l-144.8 0.1 0 -308.5zm37477.6 -25229.3c74.6,260.2 -322.9,474.2 -140.5,684.2 207,237.5 99.1,474.4 140.5,708.7 -76.2,0 -200.6,29.1 -221.1,-4.9 -96.7,-159.7 -208,-330.5 -233.1,-508.8 -38.3,-271.8 -10,-552.6 -10,-812.2 163.6,-111.6 318.6,-47.9 464.2,-67zm-20430.3 18288.6c0,358.9 15.8,664.6 -8.1,967 -8.6,108.6 -205.7,132.4 -230.9,67.6 -73.2,-191.7 -180.5,-312.8 -376.2,-367.8 -13.8,-3.8 10,-99.1 -6,-144.3 -63.3,-180.5 136.7,-243.8 166.1,-391.1 27.1,-136.3 59.8,-129.8 455.1,-131.4zm-7661 -7299.7c170.5,19.2 347.9,-44.7 564.6,72 -186.4,288.5 -197.1,619.6 -173,956.9 -258.7,52.8 -105.8,-201.9 -232.9,-259.4 -407.2,-183.6 -401.9,-192.8 -237.6,-574.6 18.3,-42.8 13.2,-95.3 27,-140.7 6.9,-21.6 33.8,-36.3 51.9,-54.2zm-3890.4 31152.9c-259.5,-68.4 -464.5,122.9 -680.2,169.4 -143.9,-122.3 -75.5,-259.4 -93.8,-379.2 269.9,-26.7 258.3,-444.8 575.4,-410.3 263.5,28.7 187.9,-169.9 198.6,-308.4 253.3,164.7 196.6,401.2 84.6,594.3 -68.4,116.4 -81.8,216.6 -84.6,334.2zm62163.2 -7627.7c-40.2,237.2 15,464.3 -123.9,719.7 -98.3,181 -169.1,436.3 -257.7,691.3 -204.1,-283.7 38.1,-644.6 -225.1,-910.2 -111.1,-112.7 145.2,-271.6 187.9,-443.6 31,-124.9 272.3,-36.9 418.8,-57.2zm-2167.5 -19117.1c0,-252.2 0.9,-430.1 -0.4,-608.1 -0.7,-97.9 -20.9,-234.8 109.8,-233.5 258.9,2.6 214.1,-173.2 195,-308.6 -29,-207.1 65.9,-341.3 216.9,-442.9 46.9,-31.6 138.7,-15.1 201.7,5.2 27.4,9.1 51.2,84.1 47.6,126.2 -8.7,94.6 20.7,184.6 -46.7,285.7 -243.1,366.4 -463.3,747.6 -723.9,1176zm-10558.8 17451.7c272.5,-380.1 590,-756.1 493.2,-1397.4 212.2,336.2 321.9,538.2 328.2,812.1 6.7,297.6 -331.1,343.3 -353.4,629.1 -10.6,134.3 -286.1,131.6 -468,-43.8zm11161.3 11606.4c9.4,173.5 19.6,347.1 29.6,522.8 104.2,112.7 242.7,33.4 359.9,65.4 37.3,9.9 89,71.7 85.5,104.9 -6.7,68.4 -32.3,178.1 -74.4,191.1 -94.2,29.5 -246.1,-34.4 -298.8,17.3 -170.1,166.5 -369.4,251.4 -522.4,71.5 -102.6,-120.5 14.3,-305.1 102.2,-473.1 84.6,-160.4 206,-324.5 318.4,-499.9zm-53538 -13036.7c44.1,17.8 127.8,38.1 126.3,51.9 -35.6,457 150.1,850.7 338.6,1245.5 19.8,42.1 15.6,106.2 -1.3,151.2 -15.2,39.6 -58.5,82.5 -98.4,95.7 -43,13.3 -136,3.6 -140,-13.2 -92.5,-366.6 -668.2,-618.5 -263.9,-1104.3 109.5,-131.4 -2.2,-214.8 -73.5,-320.2 -59.4,-87.3 40.1,-104.6 112.2,-106.6zm60613.3 -37031.3c-12.8,18.9 -26.6,36.8 -41.3,54.1 -82.6,98 15,352.7 -246.6,296.6 -191.3,-40.3 -141.6,-242 -212.5,-356.9 -129.3,-208.4 -72.1,-477.8 -33.1,-703.2 275,-86.5 255.1,92.2 315.2,228.1 42.1,94.6 -6.8,157.6 81.5,144.2l136.8 337.1zm-57974.6 31958.2c-121.8,-221.8 -355.6,-364.5 -307.3,-625.7 29.6,-159.9 116.9,-312.8 200.9,-455.3 19.5,-32.8 176.8,-37.7 194.5,-8.9 86.5,141.4 179.7,292.5 209.4,451.3 48.9,258 -171.5,414.3 -297.5,638.6zm28332 -20545.7c-18,-465.6 330.2,-654.2 305.7,-967 88.8,-16.4 138.1,-38.1 184.1,-32.3 143.2,19.4 343.8,-84.6 417.1,85.3 99.9,230.7 -167.9,175.3 -253.2,264.8 -94.6,99.5 -178.6,243.8 -194.8,377.3 -49.5,407.7 -308,77.7 -458.9,271.9zm-34758.4 16822.5c-111.8,-239.2 -201.8,-432.2 -292.4,-625.9 -169.4,26 -33.6,238.4 -162.5,274.8 -61.5,17.3 -159.9,8.6 -201.7,-31 -60.1,-56.6 112.2,-528.3 193.7,-571.8 98.9,-52.8 477.1,35.9 540.2,119.6 205,272.7 92.4,524.5 -77.3,834.3zm32268.9 18640.2c451.1,388 518.2,789.1 440,1265.8l-712.5 0c191,-262.8 642.3,-434.2 279.4,-878.4 -48,-58.4 -6.9,-189.5 -6.9,-387.4zm513.9 -10436.2c142.1,-21.1 381,-93.9 393,50.8 22.3,275.2 506.3,267.2 323.9,615 -743.4,136.7 -773.7,109 -716.9,-665.8zm4129.5 -22468.2c-17.8,439.3 -17.8,439.3 -441.7,441.1 215.5,-311.6 112,-652.7 126.7,-981.3 0.9,-24.3 -71.9,-72.1 -113.3,-75.9 -369,-34.5 -125,-313.9 -190.9,-467.6l446.7 0c5.5,292.6 12,589.4 17.6,886 2,105 4,209.2 154.9,197.7zm17774.4 -14.1l-530.4 0c-275.2,-233.8 254.2,-352.2 82.1,-514.7 -185.2,-175.3 -130,-342.2 -159.1,-609 213.7,223.1 244.9,561.3 607.4,317.5l0 806.2zm-54659.4 -19517.4c-89.8,154.2 -332.6,249.4 -321.7,477.8 -69.2,-6.5 -198.1,-9.3 -199.2,-20.9 -11,-155.1 -196,-282.1 -120.9,-456.9l641.8 0zm61493.9 2351.6c96.8,-17.8 149.8,41.9 151.8,121.2 7.2,304.1 2.9,608.2 2.9,909 -243.8,53.3 -98.9,-166.7 -188.8,-213.7 -189.9,-99.1 -261.8,-42.1 -283.4,169.7 -11.8,116.4 -143.6,120.6 -240.3,77.5 -87.7,-39.2 -87.7,-173 -56.3,-196.2 204.6,-151.6 141.6,-362 149.8,-557.8 435.5,0 435.5,0 464.3,-309.7zm-42265.2 0l0 629c-322.8,-122.2 -549.7,285.3 -887.5,98.5 101.8,-294 366.8,-469.8 529.1,-720.8 29.3,-45.9 191.5,-6.7 358.4,-6.7zm38889.3 2971.6c295.5,-72.6 562,-118.7 674.9,280.1 52.7,187 2.7,401 -179.2,457.7 -90.7,28.3 -208,27.8 -295.8,-6.9 -110.8,-43.4 -87.9,-174.1 -70.1,-264.7 34.1,-172.3 -221.3,-214.7 -129.8,-466.2zm-62845.5 -2971.6c331.8,0 632.3,-2.2 932.3,1.2 83.7,1.3 138.7,51 127.7,142 -5.1,45.6 -38.3,128.5 -41.1,128 -416.9,-110 -426.4,358.5 -655.8,497 -165.4,-131.6 27.9,-344.5 -130.7,-426.2 -124.6,-63.9 -316.3,-30.2 -232.4,-342zm36025.3 33338.2c-8,18.4 -13.6,50.3 -24.3,52.7 -358,63.7 -340.8,408.8 -483.8,634.2 -17.3,27.1 -95.9,31.8 -140,21.6 -79.1,-17.7 -157.9,-103.4 -105.1,-158.1 220,-226.7 65.6,-428.6 1.8,-649.3 -28.1,-99.7 -62.4,-277.8 148.3,-269.8 95.7,3.7 268.7,-56.2 273.1,52.3 10.7,239.5 206.9,228.4 330,316.4zm27410.2 4703.1c-385.6,126.6 -281.8,-402.8 -585.1,-320.2 -5.8,-68.4 -42.3,-161.7 -11.4,-201.3 117.9,-151.6 303.7,-253.1 318.7,-477.6 1.3,-19.8 80.1,-39.9 124.9,-50.1 94.8,-21.8 148.1,40.8 149.4,118 7.6,319.3 3.5,639.2 3.5,931.2zm-37619.9 -26812.9c92.9,-411.7 314.8,-645.3 703.2,-702.5 96.8,-13.8 219.5,-23.1 230.1,111.4 8.8,115.9 58.8,323 -69.4,332.4 -242.5,17.8 -416.2,48.5 -477.1,320.1 -3.6,17.9 -230.9,48.1 -386.8,-61.4zm31196.6 28702.9c25.7,41 82.4,92.7 72.4,121.1 -50.8,142.6 137.8,293.1 123.8,289.3 -336.8,-97.1 -181.5,406.3 -468.2,368.5 -202.6,-26.1 -411.9,2 -617.6,-8.1 -79.6,-4 -123,-63.8 -119.2,-158.3 3.6,-94.6 63.7,-170.5 129,-141.6 240.9,107.2 350.4,-212.6 556.6,-158.5 295.4,78.4 188.6,-237.5 323.2,-312.4zm5958.9 -9877.2c237.1,-28.3 429.9,-74.2 647,50.9 -118.6,307.7 -470.5,536.9 -345.7,927 1.7,5.5 -119,64.3 -185.7,71.9 -35.5,4 -110,-47.7 -110.7,-75.8 -7.8,-323.9 -4.9,-648.1 -4.9,-974zm-1141.5 -10279c30,489.4 409.6,305.3 676.8,355.6 4.2,379.8 -204.2,498 -481.4,444.4 -280.9,-53.9 -268.2,192.6 -391.1,309.5 -111.2,-217.5 -36.8,-370.3 87.2,-552.9 88.4,-130 -53.4,-348.7 108.5,-556.6zm-44361.9 -11107.9c277.2,-8.7 602.7,94.6 713.6,-308.1 2.7,-10.5 103.6,-12 142.9,10.4 35.4,20.7 79.6,96 67.5,118.3 -104.9,193 -161.6,399.6 -185.7,628.7l-678.2 0c-109.1,-144.7 -39.2,-302.8 -60.1,-449.3zm12711.2 15890.5c163,-393.9 393.7,-728.6 674.7,-979 -23.7,172.1 410.5,372.7 183.9,492.3 -263,138.4 -253,478.2 -528,531.6 -112.4,22.1 -254.7,53.7 -330.6,-44.9zm-33178.9 35741c510.8,-109.2 510.8,-109.2 800.6,820.4 -172.1,-46.5 -385.8,197.5 -465.7,-181.2 -47.3,-223.3 -216,-421 -334.9,-639.2zm21086.9 398.1c-24.5,41.8 -46.5,117.7 -73.2,118.9 -258.8,14.7 -553.1,-54.4 -635.9,318.5 -1.8,8.8 -104,13.7 -144.1,-7.7 -36.3,-19.8 -81.9,-92 -70.4,-118 113.4,-262.3 232.7,-522.6 366.8,-775.1 13.7,-26.3 186.8,-13.6 193.2,7.6 50.1,173.2 136.9,291 326.4,322.2 19.2,3.1 25.2,87 37.2,133.6zm26930.4 -46877c-0.6,-53.2 -39.8,-191.4 211.3,-215.3 160.8,-15.3 248.9,-212.1 287,-397.4 18,-87.1 133.6,-58.1 201.5,-41 32.5,8.1 76.9,82.8 69.7,117.4 -38.5,188.1 -236.9,332.2 -150.3,555.7 -183.2,65.9 -305.4,177 -376.5,372.7 -25.6,70.2 -192.1,46.6 -237.6,-64.8 -27.1,-66.6 -5.1,-153.1 -5.1,-327.3zm-32190.5 20607.3c-57.9,155.2 -316.4,0.1 -320,253.2 -3.5,246.3 -238.9,155.2 -349.3,131.4 -156.8,-33.4 -143.6,-171.2 -42.1,-283.7 46.5,-51.8 122.9,-134.3 17.1,-156.3 -497.6,-103.5 -105.9,-420.8 -143.8,-476.2 9.8,79.5 344,140 346.5,231.8 12,379.4 308.8,158 491.6,299.8zm33700.6 -24547.1c233.3,51.6 367.5,-25.8 504.3,102.6 -10.7,319.3 -315.5,552.5 -334.7,905.6 -9.8,183 -271.8,135.8 -467.8,13.5 145.7,-316.3 487.4,-583.5 298.2,-1021.7zm-28736.8 5416c-75.8,-358.2 416.8,-273.9 358.9,-577.5 139.4,1.3 364.9,-96 383.1,87.4 17.2,177.7 287,257.5 130.8,490.1l-872.8 0zm46733.9 8229.4c199.5,0 404.2,5.4 609,-2.2 94.6,-3.8 141.1,39.9 157.4,119.6 16.3,78.2 -6.5,174.6 -82.1,187.3 -343.1,57.6 -268.3,402.9 -439.6,573.9 -278.3,-221.1 -271.4,-547.9 -244.7,-878.6zm-47521 -1904.1c-263,148.6 -314.4,-89.9 -463.8,-118.2 -207.3,-39.9 -244.5,-230.5 -99.8,-258.1 297.5,-56.3 246.8,-239.5 257.9,-432.3 6.5,-120.1 -66.2,-259.6 53.6,-357.6 32.3,-26.3 96.9,-31.4 140.8,-20.9 38.5,8.8 69.2,52.5 103.5,80.6 -332.2,193 -0.7,376.7 6.5,565 6.6,176.1 1.3,353 1.3,541.5zm612.7 26792.2c82.2,-156.3 -189.5,-448.7 265.4,-437.3 66.2,1.5 191.3,-44.3 191.7,-69.3 5.4,-356.4 241.8,-234 423.9,-207.2 23.7,3.8 64,103.9 49.5,122.6 -115.4,149.4 -68.8,462 -314,451.4 -218.6,-9.4 -334.2,225.7 -616.5,139.8zm18787.4 -12970.4c-327.7,382.1 -360.5,778.8 -513.4,1122.6 -55.7,126.1 -138.8,125.6 -237.4,114.2 -179.9,-20.4 -69.5,-160.2 -69,-227.9 0.4,-342 383.4,-563.4 313.5,-938.8 -2.9,-15.5 74.8,-62.1 118.2,-67 95.8,-10.6 193.7,-3.1 388.1,-3.1zm-28201.8 -29712.9c-45.6,-428.6 -41.6,-781 405.3,-981.7 150.5,-67.6 249.8,-229.5 244.4,-430.6 91.6,469.8 91.6,469.8 -649.7,1412.3zm21969.3 25383.2l0 -709.3c142.7,-194.2 681.1,205.2 408.2,-487.9 260.2,232.7 241.3,423.9 161.1,512.8 -120.9,134.5 -131.6,268.1 -113.7,412.8 43.6,354.9 -207.6,256.3 -455.6,271.6zm-3597.4 -26777.9c-175.9,14.5 -438.4,-100.8 -474.4,258.1 -8,82.4 -146.5,70.1 -196,37 -47.8,-31.4 -93.3,-147.4 -71.2,-189.1 112.7,-209.5 233.6,-409.7 313.5,-640.1 64.3,-185.3 266.5,-27.8 428.1,-136.5l0 670.6zm13466.9 15499.9c12,536.9 12,536.9 -553.7,756.2 -76.8,-246.1 -35.7,-489.7 -31.9,-756.2l585.6 0zm-34391.3 13096.7c15.6,315.2 -161.8,1155.5 -251.5,1315.1 -39.2,68.9 -70.2,117.4 -163,115 -149.2,-3.6 -131.6,-104.7 -151.9,-203.8 -61.6,-297.7 111.8,-527 260.7,-729.2 105.1,-143.3 190.4,-303.7 305.7,-497.1zm38284.6 -4299.2c-11.6,-205.5 85,-431.8 -257.4,-516.6 -126.5,-31.8 -39.4,-323.1 -45.6,-499.8 182.6,-161.3 383.2,-0.5 592.7,-99.1 51.8,364.4 -412.4,682.4 20,960.9 -13.4,231.2 -192.4,131.6 -309.7,154.6zm-35700.9 16389.6c-57,-745 -57,-745 724.5,-735.2 -111.7,188.8 -277.4,350.4 -297.5,528.6 -41.4,360.2 -262.4,189 -427,206.6zm58270.2 10312.4c-147.4,67 -58.5,317.5 -250.4,385.1 -198.7,70 -394.1,-52.9 -333.4,-242.7 79.7,-249.6 179.9,-480.5 -3.1,-725.1 -9.6,-12.9 39,-94.4 75.9,-112.7 41.3,-20.3 134.1,-23.6 146.4,-1.8 128.4,228.9 244.9,464.3 364.6,697.2zm-54916.8 -51001.2c-146.5,-20.9 -304.4,49.2 -486.5,-87.9 289,-374.9 123.8,-837.6 200.8,-1289.4 285.7,449.6 285.7,449.6 285.7,1377.3zm43685 16163.7c-78,-304.1 59,-569.5 -184,-780.6 -43.4,-38.1 -78.6,-258.1 48.3,-344.3 135,-91.5 243,11.6 309.7,115.8 98.3,152.8 139.9,334.9 370.1,379.7 76.1,15.1 47.2,240.4 -37.4,236.6 -269.4,-12.5 -454.9,62.8 -506.7,392.8zm-38718.3 -12139.7c289.2,0 541.7,-5.3 794.1,3.4 79.6,2.2 117.8,57.6 125.4,152.1 11.1,134 -24.9,165.8 -158.9,157.8 -279,-16.5 -565.4,-36.5 -624.8,357.3 -18.3,124.1 -149.7,135.9 -237.1,84.9 -100.2,-58.3 -111.8,-183.9 -20.3,-252.7 170.8,-128.3 75.5,-328.6 121.6,-502.8zm310.8 25692.1c-41.9,-286.8 64.5,-527.7 -158.8,-712.3 -28.7,-23.8 -124.9,-301.3 67.9,-363.8 224.7,-72.4 190,118.9 243.4,262.3 73.7,196.3 59.9,489.1 386.3,523.4 83.3,8.9 79.5,128.3 60.6,196.8 -21.2,77.8 -96.5,98.9 -178.6,95.3 -125.6,-5.3 -251.6,-1.7 -420.8,-1.7zm3034.7 3394.5c-476.5,-269.8 -325,-809.6 -551.7,-1182.9 301.5,43.4 565.3,277.6 589.3,577.1 15,193.3 61.1,403.2 -37.6,605.8zm12892.7 -4761.2c202.4,163.9 81.5,379.2 167.2,502.5 109.1,156.8 170.6,294 123.4,489.9 -367.9,202.2 -600.1,36.9 -735.7,-349.4 90.2,-128 270.1,6.9 445.1,-107.7l0 -535.3zm-19192.8 -9425c250.7,364.2 89.2,810.2 550.2,905.2 99.2,20.3 106.8,167.3 26.6,250.7 -97.2,100.7 -189.2,281.3 -363.3,165.3 -116,-76.9 -236.7,-173 -219.8,-366.7 24.7,-278.8 6.3,-561.3 6.3,-954.5zm54348.7 -25144.6c-2.1,-154 1.5,-309.7 4.1,-465.1l124.3 0 0 471.8c-42.9,-2 -85.5,-4.4 -128.4,-6.7zm-59306.8 4827.1c-199.2,0 -412.7,37.2 -606.4,-8.5 -300.2,-71.4 -308.9,156.6 -394.8,317.5 -19.1,-18.9 -51,-35.6 -53.2,-55.6 -13.1,-119.8 -19.6,-240 -30.1,-387.2l552.7 0c97.4,-215.3 184.7,-409 282,-623.9 188.8,224.9 298.6,463.2 249.8,757.7zm13267.4 18238.5c-426.4,0.7 -431,-22.2 -423.7,-355.3 4.7,-226.9 268.8,-366 171.2,-620.7 -17.3,-45.5 97.8,-95.6 177.5,-81.6 80.1,13.8 125.8,53.9 125.8,147.5 0,134 -244.2,238.8 -16.7,419.6 70.1,55.2 65.7,330 -34.1,490.5zm19984 -256.2c-66.2,-69.3 -123.6,-104 -119.8,-130.1 21.1,-156.2 -96.4,-224.8 -184.6,-307.2 -129.6,-121.3 -140.3,121.8 -210.7,85.2 -86.6,-44.2 -171,-125.5 -214.6,-211.9 -70.8,-140.3 92,-212.6 126,-316.6 40.6,-123.1 24.1,-254.3 205.3,-230 140.9,19.1 80.6,161.2 126.3,225.8 181.9,257.3 359.6,504 272.1,884.8zm-15168.5 14851.3c108,397.6 -62.9,648.6 -207,904.2 -12.5,22 -100,-6.2 -148.8,4.7 -79,18.2 -91,-0.3 -81,-79.3 13.2,-101.5 -39.4,-257.1 11.2,-299.2 167.2,-139.4 135.8,-309.8 152.3,-485 12.6,-129.3 -111.2,-356.5 127.5,-367.3 320.2,-15 121.6,261.3 145.8,321.9zm-26280.7 -14952.4c21.6,370.2 -260.7,696 -160.3,1079.8 3.8,14.5 -71.5,62.6 -115.1,73.5 -77.7,18.9 -146.5,-11.1 -187.2,-83 -10.9,-19.2 5.1,-51.9 -2.7,-74.8 -74.8,-218.7 185.7,-333.8 161,-546.4 -23.2,-200.4 -9.8,-405.9 0.2,-608.3 1.5,-27.8 71.9,-64.6 115.6,-75 77.6,-18.8 152.5,8.7 185,83.4 19.1,42.6 3.8,99.6 3.5,150.8zm13310.8 -301.5c-184.6,-215.9 -283.4,-412.6 -296.1,-613.4 -7.3,-121.6 111.6,-260.3 198,-373.1 25.6,-33.5 170,-33.5 195.7,0 86.4,112.4 205.2,251.1 197.9,373.1 -12.3,200.8 -111.3,397 -295.5,613.4zm53822.1 -18132.1c101.3,-196.6 174.4,-375.1 278.8,-532.8 142.5,-216.6 430.2,-168.8 531.2,80.2 17.9,44.3 2.5,102.2 2.5,153.4 -309.9,-20.7 -311,615.2 -812.5,299.2zm-44206.9 45843.6c-72.3,-414.4 399.3,-514.3 534.2,-883.2 53.9,236.4 266.5,374.2 220.2,631.1 -324,-132.7 -364.9,575.2 -754.4,252.1zm15743.6 -43395.1c95,-472.7 -55.9,-853.9 -116.3,-1253.7 106.9,195 423.9,17.1 453.6,294.1 40.7,379.2 -28.8,656.1 -337.3,959.6zm-19942.1 35868.6c78.4,-215.6 -175,-330 -158.7,-534.8 17.6,-223.1 9.1,-448.7 3.1,-673.3 -7.2,-255.2 179.7,-169.7 310.3,-184.8 73.3,238.9 -225,383.8 -155.6,623.6 26.7,91.8 -46.7,204.6 54.6,283 193.5,-8 17.5,-234.9 185.5,-263 27.6,143 191.2,249.4 151.8,436 -306.4,-114.7 -143,355.6 -391,313.3zm30722.7 -7274.5c-201.1,419.9 -403,694.7 -429.1,1039.1 -1.4,17.1 -133.1,42.8 -197.5,31 -66.4,-12.7 -72.6,-66.9 -31,-102.9 101.1,-87.1 196.4,-203.9 67.9,-310 -308.7,-254.7 173.5,-430.1 47.9,-657.2l541.8 0zm-5261.1 -16889.5c83.5,186.6 226.7,358.2 212.4,515 -16.3,172.1 -174.1,332.7 -277.4,494.5 -61,95.5 -161.9,128.5 -259.8,74.1 -112,-61.8 -86.9,-198.8 -56.2,-275.8 105.1,-264.1 240,-515.9 381,-807.8zm-22873.2 34379c170.9,-402.8 -172.4,-690.4 -97.3,-1076.7 309.7,243.1 331.9,691.8 721.5,813.5 24.1,7.4 37.5,88.4 35.2,134.1 -4.6,84.6 -50.5,133.8 -145.6,130 -129.1,-4.4 -258,-0.9 -513.8,-0.9zm44678.8 -8389.3c-100.4,-361.1 43.7,-634.8 -210.8,-834.7 -32.1,-25.1 -33.4,-163.2 56.1,-194.2 60.3,-20.9 197.5,4 198.2,13.2 18.4,366.7 289.4,267.4 496.7,271.2 130,2.4 182.3,61.2 171.2,182.6 -7.6,84.5 -51.7,129.3 -145.4,130.7 -256.3,3.5 -582.9,-129.4 -566,431.2zm-33212.7 19787.4c95.9,-245.6 197.7,-237.6 623,-203.4 -22.7,78.2 -42.2,145.6 -60.6,203.4l-562.4 0zm-32727.2 -12496.9c-101.5,-123.8 -56.5,-257.3 -46.3,-374.3 6.4,-71.2 -100.4,-253.6 65.2,-217.3 214.9,47.3 274.5,-279.8 467.4,-158.2 97.5,61.6 183.7,174.7 225.1,283.2 42.5,111.3 -42.1,173.6 -166.8,174.3 -146,0.9 -101.7,131.3 -142.7,209.7 -77.5,149.4 -138,79.3 -145.2,-48.7 -4,-74.8 -14,-157.7 -101.9,-133.9 -123.8,33.4 16.7,205.1 -154.8,265.2zm28268.8 -41773.3c-7.1,-341.9 34.1,-652.3 411.5,-806 111.5,-45.8 33.3,-183.6 53,-277.2 201.9,-14.2 114.1,176.2 181.6,253.9 82,93.9 187.7,177.7 98.6,311 -53.8,81 -168.5,212.4 -207.2,197.5 -331.6,-128.3 -320.9,284.1 -537.5,320.8zm21826.1 32966.6c-80.2,0 -162.5,18.4 -230.6,-4.9 -75.1,-25.7 -110,-118.1 -78.4,-185.9 73.5,-155.9 337.1,-119.2 350.7,-377.9 5.7,-108.7 222.8,-32 342.6,-48.3 97.3,-13.4 211.7,-23.6 228.9,115.1 13.4,104.7 -8.9,208.9 -153.2,191.1 -246.9,-29.7 -103.1,517.2 -460,310.8zm-39445.7 2526.9c205.5,349.9 193.9,676.8 539.7,756.3 57.9,12.9 -181.9,407 -300.6,428.2 -69,12.2 -143.5,-8.1 -239.1,-15.4l0 -1169.1zm51927.6 -10869.7l337.5 0 0 1038.4c-101.9,-351.7 -693.6,-487.1 -337.5,-1038.4zm-3433.5 -15146.6c-369.8,206 -192.9,884 -801.6,710.5 -207.9,-265.2 372.9,-399.9 59.5,-657.7 257.1,-139 462,-80.2 742.1,-52.8zm-10120.7 -17525.4c-68.3,-370.5 323.3,-419.9 326,-710.2 1.3,-119.8 243.6,-92 336.6,-52.8 173.2,73 134.1,345.4 69.3,377.2 -180.6,90.4 -285.2,203.3 -377.6,377.4 -28.3,53 -240.7,8.4 -354.3,8.4zm-11792.1 37459l0 564.9c-371.3,73 -371.3,73 -567.9,386.1 -27.9,-254.7 -26.1,-443.4 42.2,-675.6 88.4,-299.6 248.5,-287.4 525.7,-275.4zm26625.2 6713.4c160.3,-272.3 194.4,-600.7 161,-923.1 214,-135.2 404.3,-27.6 595.8,-79.7 2.7,224.9 -124.7,150.5 -200.4,166.1 -69.2,13.4 -140.3,18.9 -203.1,27.1 -14,69.3 -43.4,123.8 -29.3,161.3 50.3,131.3 196.1,219.9 153.8,393.8 -22.9,94.4 -9.3,197.7 -32,292.1 -6.3,26.7 -82.2,54.6 -123.8,51.7 -95.1,-7.1 -202.7,48.1 -322,-89.3zm-11562.6 -1637.4c58.2,-396.5 103.4,-780.6 -91.9,-1239.5 237.8,117.4 469.1,161 495.2,259.4 53.2,200 73.7,423.1 -108.9,637 -77.3,90.2 -142.9,244.3 -294.4,343.1zm-11677.1 -8721.7c-144.5,-209.3 -133,-375.2 -277.7,-467.1 -246.9,-157 -140.7,-406.6 -132.9,-625.4 1.3,-22.5 78.8,-56.8 123.1,-60.8 114.9,-12.1 499.7,476 439.3,566.6 -55.5,84.4 -132.5,144.8 -120.2,262.5 7.8,71 -12.7,144.5 -31.6,324.2zm-27023.8 -6714.1l410.4 0 0 745.7 -410.4 0 0 -745.7zm54453.4 34017.2c0,-247.5 6.9,-495.3 -1.8,-742.1 -13.4,-393.4 51,-636.9 300.8,-969.6 65.2,616.8 -334.7,1133.5 -92.6,1708.6 -68.8,1.1 -137.6,2.2 -206.4,3.1zm-40988.3 -600c97.5,274.7 269.5,351.1 526.4,311.5 99.7,-15.2 210,-17.1 220.8,130.9 9,126.9 -62.7,149.4 -175,184.4 -180.1,57 -329.5,224.4 -572.2,106.4l0 -733.2zm13130.5 771.9c-153.8,73.1 -409.7,-174.8 -480.9,192.2 -28.8,146.9 -458.3,175.9 -575.4,59.4 -33.6,-33.2 -27.4,-174.1 5.6,-195.7 223.1,-144 558.6,-132.2 630.3,-481.8 8.5,-41.2 111.8,-10.2 97.6,33.8 -98.3,308 359.8,148.6 322.8,392.1zm27744.4 -50643c-85.9,-161.9 -25.8,-338.9 -40.7,-509.5 -8.5,-98.6 -21.6,-211.5 117.3,-227.8 105.1,-12.8 202.4,9.8 191.7,154.1 -2,25 -8.9,54.8 0.9,74.8 69.5,135.7 429.1,32.5 296.6,306.4 -98.4,203.3 -303.5,332.9 -565.8,202zm-37860.1 9915.1c-163.9,-278.5 -74.9,-597.4 -232.5,-904.9 -136.9,-266.9 265.6,-560.1 115.6,-888.8 80.8,-10.9 114.6,-16.7 114.9,-15.3 122.8,596.4 18.9,1195.8 2,1809zm25767 35952.3l566.7 0c-127.9,578 -127.9,578 -566.7,561.5l0 -561.5zm-49333 -40466.8c-592.4,61.9 -592.4,61.9 -792.6,367.4 -44.8,-215.1 -100.2,-412.1 11.1,-593.4 52.6,-85.7 273.4,20.9 257,-187.9 280.7,-40.3 396.7,130.7 524.5,413.9zm12410.6 -5354.6c53.2,104.3 99.3,214.9 163.2,314.4 111.1,173.2 90.7,272.3 -132.4,295 -79.8,8.5 -139.4,58.1 -119.4,153.5 27.9,132.7 -20.7,169.2 -154.7,158.5 -93.8,-7.4 -152.8,-46.5 -151.6,-124.3 3.9,-228.4 -95.3,-512.5 284.9,-566.8 49.2,-7.4 -13.7,-189.9 110,-230.3zm-22304.4 3979.3c17.6,99.3 37.5,148.3 32.1,193.9 -17.4,143 80.8,342.7 -79.9,415.9 -214.6,97.8 -210.6,-116.9 -259.2,-248.2 -10.9,-29 -82.1,-45.4 -127.1,-50.3 -136.5,-15.2 -342.2,59.8 -301,-197.5 29.4,-183.9 197.4,-102.2 308.8,-111.2 126.2,-10.6 253.8,-2.6 426.3,-2.6zm67535.3 2497.9c79.2,-282.1 -47.6,-538.8 183.4,-901.3 0,462.2 10.3,782.9 -3.7,1102.2 -8.7,202.1 -245.4,87.2 -343.8,217.2 -94.4,126.3 -154.8,-61.8 -198.2,-112.6 -150,-174.6 -102.4,-246.2 175.3,-293.4 48.7,-8.3 98.6,-6.8 187,-12.1zm-31067.3 43940.4c-76.4,-357.6 416.4,-273.4 358.3,-577.4 69.6,8 200.1,17.2 200.1,23.6 -4.2,198.6 287.7,298.2 167.5,553.8l-725.9 0zm-19669.5 -27678.1l0 619c-324.6,-73.1 -578,-441.8 -423.1,-708.3 70.4,-120.9 51.5,-293.2 190.8,-373.1 205.6,90.3 -91.9,431.2 232.3,462.4zm38541 -2792.7c-132.5,136.4 -103,374.2 -288.3,467.5 -88.6,44.3 -370.3,-348.9 -326.4,-490.5 42.9,-140.4 144.5,-289.4 314.6,-272.1 153.2,15.6 252.2,142.1 300.1,295.1zm-49261.3 -3118.5c-160,80.8 -247.8,-10.7 -326.8,-107.1 -108.9,-133.4 -106.2,-375.4 -364,-367.6 -12.5,0.2 -35.9,-82.4 -40.4,-128 -9.3,-89.5 44.4,-137.2 128.5,-139.8 146.8,-4.7 293.9,-1.4 423.5,-1.4 107.7,165.4 79.9,324 55.9,460.9 -23.9,137.4 214.2,147.6 123.3,283zm54830.7 5447c138.8,277.4 524.4,507.4 171,850.5 -102.4,99.7 60.2,213.1 130.7,313.9 31.4,44.4 41.4,155.7 -46.1,201.5 -41.1,21.6 -97.2,32.8 -142,24.1 -79.3,-15.8 -117.3,-67.3 -116.2,-159.7 5.3,-410.1 2.6,-820 2.6,-1230.3zm8202.8 -5107.7c400.3,6.7 389.4,21.8 780.8,298.2 92.8,65.7 159,102.1 145,205.9 -19,137.8 -133.6,117.4 -232.5,115.8 -76.2,-1.8 -152.7,-0.5 -228.9,-0.5 -12.2,-136 65.7,-339 -193.7,-307 -261.6,33.2 -298.8,-105.8 -270.7,-312.4zm-10450.6 -17182.7c-25,-40.3 -69.1,-80.2 -70.8,-121.8 -7.4,-198.6 -3.2,-398.1 -3.2,-586.9 163.4,-87.3 360.9,-121.8 423.1,-2 69.4,135.2 59.6,348.2 5.3,499.2 -41.8,116.2 -166.1,259.1 -354.4,211.5zm-49039.8 -6043.6c-85.9,-231.6 -182.4,-335.1 -400.6,-300.9 -143.8,22.5 -171.6,-81.9 -158.1,-191 9.8,-80.8 64.4,-134.3 158.1,-116.4 216.9,41.2 314.7,-67.5 350.7,-365.8 110.4,218.2 214.9,362 254.3,522.1 44.8,183.2 -321.3,209.9 -204.4,452zm22547.5 32849.3c-103.3,306 -353.4,403 -500.3,584.5 -31.8,39.8 -207.7,12.5 -277.4,-38.5 -89.7,-65.9 -67,-184.8 27.4,-253.8 95.9,-70 69.7,-178.2 116.7,-292.2l633.6 0zm25906.7 13111.3c-87.8,-313 -513.4,-443.9 -421,-842.2 21.6,-93.1 -13.7,-208 126.8,-222.2 109.4,-10.7 136.1,63.8 197.8,151.3 208.4,295.7 117.3,598.3 96.4,913.1zm-30752.5 -44711.6c103.3,-183.2 265.4,-356.5 297.2,-551.1 71.5,-431 301.5,-160.3 475.8,-191 7.2,385.9 -281.2,528.6 -463.3,742.1l-309.7 0zm-10050.1 31952.8c-126.4,282.1 -142.4,636.3 -541.2,717.4 -257.9,-303.1 44.5,-508.1 114.7,-734.5 32.4,-103.8 256.4,-80.7 426.5,17.1zm8657 -8570.6c0,-176.3 0,-275.1 0,-373.6 -0.3,-96.4 -26.5,-219.5 91,-252.2 147.4,-41 195.3,38.9 228.7,194.4 43.9,203.7 247.2,96.6 379.2,105.1 149.6,9.1 57,105.5 70.1,156.7 9.1,37 -24.2,121.8 -44.7,123.6 -218.5,20.9 -438.9,30.3 -724.3,46zm29776.8 -17649.8c243.4,120.9 219.1,368.7 368,508.1 81.5,76.4 57.7,209.3 -44.7,252.3 -87.8,36.5 -251,49.8 -296.4,-0.9 -107.1,-121.8 -186.6,-281.2 -235.6,-438.6 -46,-148.3 130.5,-198.7 208.7,-320.9zm-18191.1 15916.7l-714.8 0c72.7,-430.8 323.8,-524.7 714.8,-405.9l0 405.9zm-36873 -26925.9c232.2,18.7 369.8,-6 465.2,46.1 130.4,70.8 93.9,288.9 47.4,337.1 -176.4,184.8 -193.3,323 5.6,494.2 30.4,26.1 36.9,152.3 -50.4,195.5 -41.4,20.7 -96.6,30.8 -140.9,21.9 -77,-16.5 -118.5,-65.1 -114.9,-157 7.1,-201.7 -5.3,-403.9 4.9,-605.4 5.8,-126.2 -102,-161.6 -216.9,-332.4zm37903.2 51096.8c-110.5,-134 -74.2,-321.7 -234,-394.5 209.3,-183.7 228.2,-473.6 383.8,-685.8 19,-25.8 102.7,-24.1 145.2,-7.1 76.6,30.3 122,114.9 85.5,181.7 -82,151.6 -159.4,288.1 -162.6,476.9 -2.4,126.5 -122.6,251.4 -217.9,428.8zm-34129.5 -3412.6c0,-179.7 -14,-361.4 6.9,-539 8.5,-74.2 170.6,-108 181.7,-76.6 93.1,264.7 562.5,309.7 411.7,718.9 -142.7,112.9 -156.3,-155.2 -293.4,-109.1 -92.6,31.2 -204,5.8 -306.9,5.8zm24661.4 -23067.6c-120.2,21.8 -196.8,-19.8 -202.3,-96.6 -13.4,-185.1 320.8,-582.5 495.1,-632.4 138.1,-39.2 140.5,102.2 218.7,140.8 90.3,45.1 50,135.6 52.7,208.3 0.3,17.2 -37.1,54.2 -51.6,51.3 -284.1,-52.4 -389.9,181.2 -512.6,328.6zm-10570.8 35295c-232.2,0 -406.3,0.2 -580.2,-0.4 -103.3,-0.3 -199.5,-0.9 -202.7,-149.4 -1.5,-92.5 44.6,-163 115.8,-153.7 152.5,19.9 199.1,-130.9 316.4,-162.1 221.1,-60.1 318.6,46.8 350.7,465.6zm28152.5 -4009.7l431.8 0c65.2,270.3 116.8,530.6 -165.7,732.7 -378.7,-147.6 -219.8,-454.9 -266.1,-732.7zm7309.5 -56035.5c-168.6,-307.3 -263.6,-480.1 -375,-684.2 222,-162.8 429.8,-78.2 665.8,-83.8 -10.3,286.4 -192.4,432.2 -290.8,768zm1677.5 -352.5c0,-101.1 -6.7,-203.3 1.7,-304.3 9.2,-110.2 -55.4,-302 143.9,-271.2 358.7,55 -28.5,169.9 3.8,268.9 51.4,159.4 -77.8,356.9 85,496.6 92.4,79.2 72.6,177.2 74.8,274.2 2.5,108.7 -15.4,194.6 -158.8,192.9 -148.5,-1.1 -149.8,-97.5 -150.4,-200.6 -0.7,-152.3 0,-304.4 0,-456.5zm-30334.8 37305.4c-408.4,-121 -408.4,-121 -609.6,-675.8 127.8,-117.1 269.4,-71 409.9,-33.8 140.9,221.9 -115.1,521.6 199.7,709.6zm8657.8 13407c25.2,-204 136.5,-386.8 288.3,-518.6 59.2,-51.7 242.1,-58.4 348.2,77.7 -25.1,204.2 -136.2,386.9 -288.1,519.2 -59,51.4 -242.2,57.9 -348.4,-78.3zm-25266.8 -40336.4c-117.7,-359.3 -158.7,-712.5 -58.8,-860.9 64.2,-94.4 142.6,-219.4 295.7,-190 43.2,8.5 116.2,52.4 114.2,74 -11.8,120 70.4,330.2 -45.2,346.2 -455.7,60.8 -142,455.3 -305.9,630.7zm-2673.3 15814.1c-102.3,-181 -128.1,-411.9 -23.6,-553.7 96.6,-130.9 323.9,-165 509.4,-248.9 82.6,274.9 207.3,535.7 -242.9,494.5 -248.1,-22.5 -76.6,266.1 -242.9,308.1zm15914.7 -6484.9l388.3 0c59,202.6 61.4,392.1 -0.5,592.9l-388.1 0c-59,-202.6 -61.4,-391.9 0.3,-592.9zm19618 8330.3l-436.3 0c-122.7,-257.7 253.1,-426.6 135.8,-683.4 -17.6,-38.7 106.8,-90.6 183.9,-74.3 77.9,16.5 122.7,61.2 118.9,155.4 -7.6,196.1 -2.3,392.5 -2.3,602.3zm14435.3 -12051.1c147.4,63.7 458.4,-197.9 413.8,250.5 -19.3,192.1 377.4,356.2 77.3,502.1 -324.2,157.4 -175,-313.3 -381.4,-387.4 -106.6,-38.3 -201.1,-156.5 -109.7,-365.2zm-1762.1 7215.5c-175.3,86.2 -367.9,61.4 -558.7,25.4 -16.4,-57.2 -48,-107.5 -38.7,-148.8 30.7,-140.6 161.9,-228.4 190.2,-387.1 14.2,-81.3 274,-114.5 250.9,17.1 -38.6,219.6 292.6,264.1 156.3,493.4zm-29175.9 24661.1c-18.2,-3 -95.1,-3 -159.4,-31.3 -30.1,-13.8 -49.9,-81.8 -49.6,-125.4 0.4,-43 24.2,-116.9 50.9,-123.8 116.7,-29.1 256.7,-6.2 352.3,-62.5 111.5,-65.9 24.7,-392.8 314.8,-248.7 86.4,43.2 64.6,190.3 48.8,196.1 -199.1,75 -77.1,495.8 -427.5,396.6 -23.7,-7 -50.3,-1 -130.3,-1zm-17702.1 -23371c-386.3,16 -386.3,16 -551.4,305.6 -219.2,-296.5 81.5,-496.9 146.8,-736.2 9.3,-34.4 185.7,-37.9 283.4,-30.3 144.1,11.3 123.6,129.1 121.6,229.5 -1.8,77.3 -0.4,154.3 -0.4,231.4zm11450.5 10980.7c123.3,-244.2 242.5,-423.9 303.7,-621.6 41,-131.8 107.5,-154.3 207.5,-140.3 76.1,10.7 105.8,69.5 114.2,157 35.6,382.5 5.2,418.5 -625.4,604.9zm52512.4 -26457.9c-154.2,544.6 -462.4,498.9 -795.5,422.5 74.8,-146.5 112.5,-348.9 224.4,-406.1 135.2,-69.2 333.8,-16.4 571.1,-16.4zm-18390.3 18429.5c-165.9,276.1 -173.7,503.4 -400.4,684.9 -122.2,-222.9 -217.1,-395.9 -328.6,-599.8 221.8,-162.8 430.4,-78.2 729,-85.1zm3194.1 27370.2l-426.8 0c-107.1,-200.6 -15.3,-390.1 -63.9,-592.7l426.8 0c107.1,200.4 15.2,390.3 63.9,592.7zm568.7 5585.2c-39.4,-26.5 -113.8,-56.1 -111.8,-78.6 12.2,-119.1 -64.8,-256.5 45.6,-356.9 77.6,-70.4 263.5,23.4 260.8,-182.3 -2.7,-191.8 135.1,-185.7 252.2,-126.5 111.6,56.5 82.6,216.2 45.7,270.3 -117.6,172.7 -274.1,318.8 -418.6,472.5 -11.4,12 -48.5,1.5 -73.9,1.5zm-15131 -45789.1c2.9,122.8 -378.5,587.4 -478.2,593.9 -90.4,6.2 -164.2,-58.1 -135,-131.6 87.7,-218.9 192.8,-432.9 312,-636.3 19.6,-33.7 152.5,-23.9 220.2,0.4 74.1,26.9 95,109.3 81,173.6zm-30097.6 4623.6c118.6,88.7 112.6,269.5 60.8,331.6 -115.6,138.3 -62.6,395.6 -300.6,434.4 -39,6.4 -120.9,-28.7 -123,-50.3 -21.5,-212.7 -105.9,-434.2 96,-619 79.7,-72.8 152.1,-124 266.8,-96.7zm44417.2 15006.8c-104.4,8.2 -210.2,21.6 -234,-116.2 -13.5,-77.9 24.5,-196 78,-183.1 302.1,74.8 163.2,-282.7 314.6,-309 109.9,-19.2 270.5,-78.8 349.3,47.4 67.9,108.9 64.3,267.7 -124.5,247.4 -255.5,-27.8 -72.1,445.5 -383.4,313.5zm-44654.8 -307.9c-248.3,-29.6 -77.7,265.6 -273,313l0 -889.7c127.8,-86.2 282.8,-23.4 427.9,-42.1 -0.4,123.1 26.3,249.4 -103,338 -103.4,71 -32.6,187.2 -51.9,280.8zm38384.1 22595.8c0,-126.7 -16.3,-255.8 5.5,-378.7 13.4,-74.2 105.6,-98.7 183.7,-82.6 78.2,15.5 170.4,86.4 114.2,146.2 -233.5,248.5 -44.7,475.6 3,713 19.5,96.4 19.5,207.9 -122.8,221.5 -114.2,10.2 -189.7,-29.1 -185.2,-164.5 5.3,-151.4 1.6,-303.1 1.6,-454.9zm-41169.9 -27393.5c0,-122.9 -26.7,-249.6 103,-338.2 103.4,-70.8 32.6,-186.9 51.9,-281 72.6,0 147.2,10 217.8,-1.6 275.6,-45.6 250,140 246.2,311.1 -25.1,0 -72.1,-3.6 -73.2,0.6 -59,322.4 -283.4,348.5 -545.7,309.1zm26332.4 -16872.8l0 -598.8 383.8 0c148.3,172.8 5.3,369.4 67,531.1 -176.3,111.7 -327.9,52.7 -450.8,67.7zm35421.9 -3557.3l0 -773.8c109.9,21.7 270.3,-71.4 306.3,117.6 18.7,98.2 16.3,204.9 0.7,304.2 -39,246 185.5,174.5 356.9,254.7 -244.4,163.8 -465.6,64.1 -663.9,97.3zm-24353.5 29540.3c-170.8,-22.2 -38,-315.7 -299.5,-308.8 -120.4,3.1 -170.5,-454.7 -53.6,-568.5 74.6,-73 215.5,-50.9 246,52.6 78.9,265.6 281.2,521 107.1,824.7zm-9384.3 -34806.5c130.4,262.3 172.3,374.1 236.7,471.8 101.3,152.7 140.4,283.4 -99.3,302.3 -201.5,15 -86.2,212.5 -181.1,270.1 -54.5,33.2 -143.4,43.7 -203.4,23.8 -85.6,-28.4 -91.8,-141.5 -60.2,-194.3 137.4,-224.4 309.9,-430.8 307.3,-873.7zm-30338.3 15248.6c0,26 6.8,54 -0.9,76.8 -47,141.1 -474.1,466.6 -596.1,466.9 -126,0.8 -214.2,-63.1 -170.3,-176 72.4,-185.9 390.8,-175.6 381.8,-444.4 102.9,0 206.9,9.4 307.8,-3.3 79.4,-10 103.7,3.3 77.7,80zm62838.3 22365.3c-17.3,43.4 -33.1,122.7 -52.9,123.8 -224.7,12.3 -287.9,132.9 -258.8,338.9 20.5,142.9 -84.4,166.3 -189.5,154.1 -138.9,-16.7 -129.3,-130 -117.1,-228.3 46.4,-372.5 254.8,-596.4 500.3,-543.4 91.6,20 125.8,65 118,154.9zm2169.6 -42572.3c239.1,322.6 646.3,154.5 615.2,584.6 -9,120.5 58.9,315.7 -79.3,339.3 -185.2,31.7 21.6,-227 -128.9,-270.7 -46.5,-14.2 -96.6,-24.9 -144.7,-23.4 -437.6,17 -219.8,-261.6 -262.3,-629.8zm-17461.3 62666.5c-34.3,-253.9 299.2,-3.4 283.5,-247.2 -21.6,-324.2 270.7,-213.1 374.9,-174.8 164.8,60.8 76.1,254.5 57.2,422l-715.6 0zm6570.3 -42699.4c446.2,155.2 354.6,446.2 363.5,697.2 3.2,85.9 226.5,95.7 97.1,209.2 -117.8,102.7 -220.6,-9.7 -306.6,-100.8 -228.6,-242 -11.8,-513.4 -154,-805.6zm-17590.4 15880.3c0,-100.9 -15,-204.7 5.1,-301.3 15.3,-74.6 92.4,-109.5 173.9,-92.9 207.3,42.4 91.3,323.6 280.3,381.2 -172.3,74 -81.3,333.6 -266.5,385.7 -53.2,14.9 -171,-31.9 -183.9,-73.9 -28.6,-91.4 -8.9,-198.6 -8.9,-298.8zm26115.3 24536.4l439.7 0c112.7,92.2 80.3,210.2 58.8,293.5 -40.8,160.3 179.2,478.2 -179.3,452.4 -251.1,-18.3 -96.4,-287.9 -115.7,-440.9 -15.6,-121.8 -107.1,-161.4 -203.5,-305zm-58952 -7272.2c-291.5,-361 -363.4,-711.4 -60.6,-1095.7 181.2,174.1 -0.9,431 143.6,598.7 192.8,224.2 -274.1,269.2 -83,497zm48351.7 -31279.1c-134.5,272.6 -533.9,-18.5 -525.2,395 2.4,120 -222,66.8 -340.9,63.3 -75.1,-2.7 -134.9,-96.7 -95.1,-168 59,-106.4 139.4,-260.5 231.6,-276.9 224.4,-40.6 460.4,-13.4 729.6,-13.4zm1077.2 12800.3c82.1,82.1 124.2,112.9 151.9,153.8 68.3,101.3 268.2,-24.5 282,168.4 12.7,179.9 -99.7,178.5 -232,202.1 -48.3,8.3 -54.5,173.3 -111.5,240.1 -37,43.8 -146.1,70.3 -194.8,46.2 -46.3,-22.2 -95.3,-158.5 -75.5,-178.1 150.5,-152.7 151.9,-344.9 179.9,-632.5zm-23459.7 24027.3c-50.3,372.7 268.5,661.5 204.4,1033.7 -155.7,114.2 -164.4,-141.8 -301.5,-102.6 -134.7,38.9 -200,-132.5 -147.4,-175.2 252.3,-205.6 68.3,-523.7 244.5,-755.9zm-5643.3 4369.1c168,-18.7 361.7,-107.1 422.3,57.4 38.5,104.2 149.9,396.1 -174.8,375.1 -189.4,-12.3 -80.6,186 -141.7,259.3l-105.8 0 0 -691.8zm28063 -30757.4c-104.7,-379.2 -144.9,-687.1 -375,-924.5 -53.4,-55.2 -29.6,-206.1 102.7,-222.8 61,-7.6 170.5,27.8 188.4,71.9 124.9,310.8 259.3,625.9 83.9,1075.4zm-27877.6 -21428.3c-305.9,237.6 -153.6,513.3 -248.9,745.7 -188.8,6.4 -64.6,-194.4 -157.4,-245.1 -112.7,-61.1 -360.7,-24.5 -259.7,-253.4 72.6,-164.6 215.3,-323.5 452.5,-248 23.4,7.3 50.7,0.8 213.5,0.8zm27361.7 -2754.8c166.3,234.8 342.4,453.3 287.2,738 -29.8,151.5 -125.3,236.5 -287.2,302.4l0 -1040.4zm-19215.1 34019.2c72.4,-216 -187.2,-334.5 -157.8,-542.8 13.5,-96.2 -17.9,-211.4 120.2,-228.3 104.6,-13.1 147.4,37.2 204.4,146.7 105.8,204 160.5,401 142.9,624.4l-309.7 0zm-5204.5 -30167.6l331.8 0c92.6,46.3 96,94.9 20.3,115.3 -141.9,38.1 -292,34.6 -260.6,263 27.2,199.3 17.2,406.3 -0.8,607.6 -6.1,72.4 -104.5,98.4 -182.8,83.1 -78.6,-15.6 -135,-55.2 -121.2,-152.1 24.7,-165.6 206.4,-265.2 164.3,-470.3 -27.3,-135.1 -53.8,-297.8 49,-446.6zm11480.6 5860.4c96.9,140.7 288.1,215.1 213.3,336.9 -92.6,149.6 -69.2,391 -300.5,443.1 -48.4,10.9 -101.6,2.5 -152.4,-1.8 -2,0 -3.1,-47.9 0.3,-73 21.8,-171.3 -56.4,-354.9 51.4,-514.3 42.5,-62 106.7,-109.6 187.9,-190.9zm11484.7 45536.6c37,140.9 78.3,268.1 6.1,383.7l-102.5 0c-46.7,-86.5 22.3,-258 -165.7,-260.1 -201,-2 -137.1,171.4 -185.4,260.1l-63.4 0c-48.8,-176.5 -201.6,-268.5 -353.7,-383.7l864.6 0zm-34885.6 -61160.7c33.2,32.9 94.2,65.7 95.5,99.7 12,326 -248.7,560.9 -538.4,524.6 -150.9,-18.7 -79.9,-144.1 -70.5,-154.7 139.1,-161.9 287.8,-316 438.1,-468.1 12.7,-12.9 49.5,-1.5 75.3,-1.5zm-11189.8 2122.8c-12,264.4 -4.7,436.8 -33.6,602.9 -15,87.9 -171.7,83.7 -188.9,55.6 -97.2,-156.7 -236.4,-329.2 -234.8,-495.1 2,-241.1 242.9,-63.7 457.3,-163.4zm25188.8 2838.7l0 900.9c-88.4,7.3 -162.7,21.8 -235.1,16.9 -120.5,-8.4 -315.7,59.9 -339.3,-77.9 -31.7,-185.2 218,18.3 273.6,-128.2 72.6,-190.9 158.1,-376.5 300.8,-711.7zm23093.2 605.2c-18,46.1 -31.1,124.5 -53.2,127.2 -117.5,14 -248.9,39.2 -352.2,-0.3 -59,-22.7 -55.2,-177.4 -112.9,-244 -89,-102.4 -185.4,-221.1 -46.3,-307 171.4,-106.2 252.1,-12.5 260.9,192.6 6.9,156.5 325.3,-10.5 303.7,231.5zm-37456.9 624.3l227.8 0c-6,217.3 328.1,311.1 218.1,565.8 -147.1,95.7 -300.5,34.7 -445.9,53l0 -618.8zm3095.7 3714.5l-390.1 0c-100.6,202.7 -203.4,407.9 -339.5,680.5 -47.4,-312.4 -135.4,-564.4 108.2,-749.3 214.2,-162.9 430.2,-102.2 621.4,68.8zm41873.8 2019.5c125.5,123.6 69.6,267.9 38,415 -108.9,87.3 -238.7,26.1 -358.5,40.1 -99,12 -211.3,22.5 -226.8,-118.4 -12,-107.2 14.2,-203.1 156.3,-188.8 156.1,15.3 199.5,-254.3 391,-147.9zm-35813.9 2263.3c-48.7,-146.6 -30,-283.5 4.9,-388.3 256.1,-132.5 306.2,236.6 513.7,130.4 25.4,64.8 72.8,130.7 71.1,195.3 -2.3,76.1 -61.7,127.6 -154.1,114 -143.9,-21.8 -298.4,44.5 -435.6,-51.4zm33538.1 1961.1c7.8,22.3 29.8,54.8 22.1,64.8 -121.2,157.4 -63.5,518.5 -313.8,480.9 -332.2,-50.1 -36.5,-369.1 -168.5,-524.8 186.1,-98.6 323.7,-104.6 460.2,-20.9zm3004.9 1339.9c-76.6,0 -154.3,8.5 -228.8,-2.5 -79.3,-11.3 -125,-54.7 -125,-151.6 0.3,-95.1 43.9,-147.1 122.7,-152.5 151.9,-10.7 305.3,-3.5 458.2,-2.7 104.2,0.5 199.5,3.1 199.5,153.4 0,147.9 -91.7,155.2 -197.7,155.9 -76.4,0.2 -152.7,0 -228.9,0zm-60711.4 4325.7c0,-292.8 -9.5,-566.2 6.5,-838.5 4,-70.8 107.3,-98 184.3,-79.5 43.3,10.7 110.7,47 114,77 29.6,297.3 11.6,586.7 -304.8,841zm-5251.4 920.4c-322.6,36.5 -431.3,-116.9 -470.9,-326.8 -23.7,-124.5 -5,-257 -4.1,-385.9 0.7,-104.9 3.4,-222.6 154.4,-197.7 288.7,47.7 26.2,138.3 18.6,216.9 -26.4,261.8 166.4,434.8 302,693.5zm39458.3 325.7c-152.2,0 -303.4,8.7 -453,-2.8 -128.3,-9.2 -340.9,80.4 -316.9,-170.8 22.1,-236.7 230,-109.5 355.6,-132.5 97.1,-17.8 203.7,-20.5 299.5,0.4 181.2,39.3 90.6,197.1 114.8,305.7zm2328.3 3006.7c111.8,-148.5 269,-5.7 368,-70.8 133.9,110.1 85.3,219.3 83.1,312.4 -2,110.7 73.5,271.2 -109.5,308 -171,34.3 -179,-82.6 -207.3,-222 -21.6,-102.2 -189.5,-163.9 -134.3,-327.6zm13147 1017.1c0,-102 -32.1,-219.5 6.9,-303.4 76.6,-163.3 100.4,-412 278.9,-457.6 309.5,-79 52.3,380.7 518.8,322.9 -408.8,185.6 -799.8,-2.5 -804.6,438.1zm-52749.7 784.6c-4.4,-211 -157.1,-403.8 120.9,-475.1 366.3,-94.6 319.3,250.7 449.6,416.6 -193.3,105.5 -381.8,11.1 -570.5,58.5zm11553.7 1872.5c131.6,259.7 -235.1,309.5 -130,517.5 -65,25.2 -131.4,72.6 -195.7,70.1 -75.7,-2.8 -120.5,-63.2 -114.5,-154.9 8.7,-125.6 2,-252.5 2,-379.2 154.1,-172.8 309.5,-35.4 438.2,-53.5zm55596.8 3843.7c-12.4,-173.9 -27.6,-290.4 105.4,-305.9 148.7,-16.9 300.6,-3.2 451,-4.2 100.2,-0.5 202.7,-7.4 210.5,135.8 10.2,190.5 -121.4,175.8 -247.2,174.7 -175.4,-1.8 -350.9,-0.4 -519.7,-0.4zm-14710.4 4178.9c-199.9,-408.3 -372,-647.6 -309.9,-956.5 16.1,-80.4 53,-124.4 143.4,-129.5 87.1,-5 159.2,33.6 161.7,106.2 11.5,274.7 4.8,549.9 4.8,979.8zm0 1689.1l-399.4 0c-259.6,-243.8 225.4,-324.6 93.7,-532.4 65.5,-24.3 132.5,-71.4 196.4,-67.6 75.9,4.4 116.9,67.6 111.2,158.2 -7.8,125.6 -1.9,252.1 -1.9,441.8zm10989 759.2c0,-299 3.2,-598 -1.7,-897 -2.3,-143.9 86.3,-169.2 193,-155.9 139.6,17.1 142.9,136.9 113.8,228.5 -85.5,272.3 -241.2,525.9 -105.3,853.8 -66.2,-9.8 -133.2,-19.8 -199.8,-29.4zm-45184.7 27.9c-211.7,0 -360.9,7.5 -509.2,-2.9 -78,-5.8 -123.1,-55.5 -123.1,-151.6 0,-94.9 60.1,-170.8 119.9,-148.4 290.6,109.1 322.5,-164 440.7,-319.4 107.8,196.1 43.4,374.5 71.7,622.3zm16087.3 0c-253.4,47 -356.3,-56.2 -309.8,-309.7 25.7,0 72.2,4 73.3,-0.3 58.8,-322.2 283.6,-348.6 546,-309 -21.6,109.8 70.8,293.5 -117.2,301.7 -258.9,11.6 -179.7,181.9 -192.3,317.3zm-3961 3687.8c-26.5,-232.5 -225.8,-274.8 -358,-378.6 144.7,-136.5 491.8,71.5 487.5,-316.6 -1.5,-99.5 177.5,-32 271.5,-51.8 0,76.3 31.2,175.4 -5.2,224.8 -129.8,175 -341,291.2 -395.8,522.2zm-19831 1405.6c-51.2,-190 -97.5,-386.3 6.7,-571.4 67.7,-118.9 164.3,-266.3 333.8,-182.8 139.4,68.8 78.8,227.4 75.9,347.1 -2,77.8 -68.2,124.7 -160.1,112.3 -238,-31.7 -57,277.2 -256.3,294.8zm30471.1 734.5c-8,-22.1 -29.7,-54.4 -21.9,-64.4 121,-157.4 63,-518.5 313.6,-480.9 333.9,50.1 31.8,370 169.1,524.1 -186.7,99.3 -324.4,105.1 -460.8,21.2zm-9976 3779.9c-328.4,-15.3 -500.9,-7.3 -667.3,-36.3 -87.5,-15.3 -83.4,-171.8 -55.1,-189.2 156.3,-97.3 329,-236.3 494.5,-234.5 235.1,2.5 51.1,246.7 227.9,460zm16557.8 6463.2c-142.7,19.3 -290.3,85.3 -411.9,-47.9 -111.8,-211.3 259.2,-261.1 152,-468.4 65.1,-25.9 130.8,-73.5 194.9,-71.7 76.5,1.9 128.9,59.9 114.9,152.7 -21.2,144.3 44,298.4 -49.9,435.3zm-46408.3 -49338.1c88,-150.1 164.8,-225.6 175.1,-309.7 31.4,-258.1 222.2,-145.6 349.3,-158.4 76.4,-7.8 107.8,59.9 127.1,148.8 38.8,179.2 -128.9,180.5 -197.2,260.3 -94.2,110.6 -237.6,30.2 -454.3,59zm41750.8 -4173.2c238.9,269.2 -92.3,465.6 -122.4,706 -10.9,88.6 -141.4,71.9 -192.4,44.8 -47.4,-24.5 -99.5,-147.2 -78.8,-175.7 136.2,-190.6 145.4,-464.9 393.6,-575.1zm2561.4 11073.4c21,-170.8 309.8,-35.6 305.5,-297.9 -3.6,-199.7 244.5,-114 368.3,-98.7 95.7,11.8 124.5,206.2 47.9,235.4 -227.8,88.1 -427.6,352 -721.7,161.2zm-12954.1 34923.4c-90.8,-256.3 -97.3,-405.5 48.8,-561.6 86.1,-92.4 29.8,-310.6 271.4,-262.2 69.3,13.6 100.9,5.8 76.4,83.4 -41.4,128.5 105.5,359 -122,375 -238.3,16.3 -155.5,216.7 -274.6,365.4zm3507.4 -37415.1c-34.7,231.8 -247.3,411 -250.7,675.3 -79,-226 -157.8,-452 -237.5,-680.9 163.2,-123.3 317.5,-123.3 488.2,5.6zm-8704.1 1729.1c216.2,-435.8 208.2,-416.4 567.1,-275.6 129.6,50.7 55,113.3 67.7,165.8 9.3,37.2 -21.6,117.3 -49.7,125.6 -170.1,47.9 -343.9,47.2 -585.1,-15.8zm29788 15387.9c133.5,61 266,143.2 251.5,296.8 -14.6,152.5 137.6,405.2 -115,444 -315.5,48.3 -161.5,-236.2 -179.9,-375.7 -14.5,-114.6 -55,-249.5 43.4,-365.1zm-42168.7 -4665.4c-99.2,0.6 -219.8,24.2 -315.8,-96.4 -76.4,-96.9 -182.6,-174.1 -102.9,-312.6 45.3,-78.6 352.9,-88.7 403.9,-4.7 59.9,98 57.7,220 152.6,316.1 57.4,58.1 -40.1,102.9 -137.8,97.6zm52657.8 -25948.1c-38.3,260.5 245.3,305 131.8,497.2 -208.4,89.5 -511.4,177.4 -588.7,-38.1 -118.9,-331.3 359.8,-143 456.9,-459.1zm-23385.8 44212.4c14,-149.2 -2.7,-287.7 -149.4,-378.7 128.9,-167.9 308.2,-52.5 459.3,-85.5 15.8,41.9 26.5,87.3 48.8,124.9 166.1,281.2 154.7,312.4 -139.9,338.4 -72.5,6.3 -146,0.9 -218.8,0.9zm-1801 8827.7c-154.6,-293 57.4,-458.8 97.9,-660.4 28.1,-138 134.1,-140 227.6,-114 74.4,20.8 92.8,106.9 82.3,185.5 -14.6,109.8 55.1,281.4 -148.5,269.9 -251.3,-13.8 -90.6,259.3 -259.3,319zm-17676.6 -497.8c325.8,211.1 325.8,472.9 254.7,748.8 -6.5,26.7 -81.7,49.4 -125.1,49.2 -43.6,-0.5 -123.1,-30.3 -123.8,-50.1 -9.1,-220.7 -5.8,-442.2 -5.8,-747.9zm-5285.8 -36189c235.6,53.2 209.5,215.3 65.5,296.4 -115.1,65 -296.4,13.3 -469.8,13.3 -96.4,-204.2 -86.8,-409.7 -4.4,-620 174.9,46.2 5.7,338.4 253.8,310.3 17.1,43 26.9,116.9 52.3,122.9 92.6,21 107.8,-47.8 102.6,-122.9zm12022.3 42120c96.7,116.2 57.3,250.9 42.4,365.4 -17.9,139.8 135.8,424.3 -180.8,374.9 -251,-39.6 -99.8,-292.4 -113.6,-445.3 -13.8,-152.3 117.6,-235.6 252,-295zm12431.6 1524.5c0,-321.7 -4.5,-643 3.4,-963.9 1.5,-77.5 57.8,-121.5 152.7,-122 96.4,0 175.4,85.9 146.7,118.4 -253.1,283.7 -75,663.3 -302.8,967.5zm-32347.5 -16094.8l-464.3 0c49.7,-178.6 -167.8,-506.4 270.6,-466.3 374,34.3 126.7,312.4 193.7,466.3zm38047.6 16494.2c-171.6,-333.3 -292.5,-568 -416.1,-808.4 116,-129 263.8,2.4 416.1,-88.4l0 896.8zm-20420.9 -52092.8c-354.5,-14.9 -354.5,-14.9 -564,-427 144.2,-43.2 283.2,-82.4 419.7,31.4 126.9,106 215.9,220 144.3,395.6zm-7492.7 48772.2c-129.2,-316.4 -128.9,-340.2 22.7,-1093.9 6.7,346.5 280.1,681.5 -22.7,1093.9zm14901.4 -9536.2c112,416.1 -12.9,707.6 -200.2,1026.9 -188.1,-408.2 23.2,-679.5 200.2,-1026.9zm3443.1 -38969.2c0,83.3 -2.3,133.1 0.2,182.8 6.7,124.9 -55,176.5 -175.2,170.1 -86,-4.4 -131.6,-48.6 -134.5,-134.9 -1.4,-49.7 -8.7,-101.6 1.3,-149.2 25.9,-123.4 -92.2,-312.6 158.1,-336.2 320.9,-29.9 35.7,232.9 150.1,267.4zm8114.5 -9582.5c-302.7,31.8 -791.9,40.5 -845.4,27.2 -20.8,-5.1 -46,-14.8 -67.6,-27.2l913 0zm-42323 48348.7c-10.2,135.3 -126.9,249.8 -316.1,276.5 -143.9,20 -138.1,-97.1 -146.3,-198.4 -14.1,-175.9 18.9,-296.6 237.5,-264.1 93.5,13.6 212.5,-35.1 224.9,186zm16345.8 -1044.7c32.7,293.2 234.2,409 220.4,635.8 -6.5,98.9 15.8,209.4 -126,223.1 -111.5,10.7 -200.6,-24.7 -184.8,-161.2 22.9,-194.8 -51.7,-397.6 90.4,-697.7zm16934 -18670.7c0,-196.2 4.2,-392.3 -1.6,-587.9 -4,-144.5 88.4,-166.7 193.3,-154 138.7,17.1 92.9,139.8 123.3,226.9 86.7,248.2 -354.2,264.3 -315,515zm6508.6 -27796.1c-10.9,77.5 -7.6,155.2 -35.4,220.9 -37.9,91.2 -157.7,79.9 -197.8,48.9 -126.2,-97.5 -128.2,-505.8 -2.2,-606.3 39,-31.4 165.4,-43.1 197.5,47.5 31.6,90.2 27,193.7 37.9,289zm-9913.6 21312.9c0,85.3 17.3,166.7 -4.9,235.8 -23.8,75.9 -106.5,102.4 -183.9,83.3 -43.9,-10.7 -107.1,-42.4 -115.3,-75.7 -17.9,-71.8 -10.7,-151.5 -4.5,-227.6 11.1,-133.2 -70.8,-339.3 187.7,-309.3 195.3,23.2 96,194.2 120.9,293.5zm-15039.1 7728.9l0 641.4c-123.7,0 -225.5,17.7 -317.7,-4 -143.3,-34.2 -179.4,-254.4 -68.1,-264.2 229.1,-20.3 233.3,-230.5 385.8,-373.2zm-2638.6 965.7l645.2 0c-81.4,166.2 -127.8,323.2 -226.1,433.9 -52.6,59.7 -232.9,31.1 -220.7,-94.2 16,-158.1 -141.4,-169.6 -198.4,-339.7zm16594.1 -943.6c322.3,-79.3 305.9,119 317,347.7 12.9,261.6 -109.8,299.5 -317,271.4l0 -619.1zm13060 -4031.8c266.8,-210.5 464.7,-127 650.2,-137.4 108,134 103.9,296.8 20.9,405.2 -79.7,102.9 -254.2,94 -256.9,-76.4 -4,-245.8 -219.1,-167.6 -414.2,-191.4zm4580.6 -25375c-75.9,0 -155.4,12.2 -227.3,-5.4 -33.6,-8.2 -65.2,-71.9 -75.7,-115.5 -19.1,-77.7 7.1,-159.7 83.1,-183.7 69.4,-22.1 152,-12.7 226.8,-3.1 110.1,14.5 258.6,-71.9 308,118.2 32.3,122.7 -72.2,189.1 -314.9,189.5zm-8062 44732.6l0 754.9c-415.7,-628 -413,-679.9 0,-754.9zm-15478.9 -1860.5c98.8,0 177.9,-12.3 249.6,5.3 33.8,8.5 65.2,71.9 76.3,115.6 19,77.7 -7.6,160 -83.5,184.3 -69.6,21.4 -152,12.5 -226.9,2.5 -109.9,-14.7 -278.9,75.4 -302.5,-118.7 -31.7,-261.6 179.4,-168.6 287,-189zm-22268.3 -25382.6c-122.9,0 -247.9,-14.7 -367.7,2.9 -273.4,40.1 -261.8,-133.3 -251.5,-312.8 122.6,0 247.5,14.7 367.6,-2.9 273.4,-39.9 262,133.1 251.6,312.8zm52932.3 -593.4c137.4,173.9 313.5,299.3 310.2,518.1 -0.9,99.1 20,211.3 -119.4,227.4 -106.2,12.5 -196.1,-11.4 -192.1,-155 5.6,-196.4 1.3,-393.4 1.3,-590.5zm-53396.8 15711.9c-161.4,-153.2 -345.5,-309 -314,-559.5 16.1,-125.6 66.8,-172.3 182.6,-164.7 83.8,4.8 131.4,49.6 131.4,137.1 0,195.9 0,391.4 0,587.1zm59587.5 -15428.2c-56.6,-247.4 170.3,-392.8 223,-602.1 3.8,-16.6 97.3,-26.6 140.5,-12.8 39.9,12.8 102.5,75.7 95.6,93.5 -68.8,176.5 -139.6,354.2 -235.8,516.5 -20.3,33.9 -145.7,4.9 -223.3,4.9zm-26620.8 -14235.7l0 305.9c-74.8,0 -173.6,30.8 -219.9,-5.5 -121.8,-95.6 -133.2,-488.1 -19.2,-595.4 32.7,-30 180.3,-6.4 190.2,22.3 38.5,110.9 43.2,234 48.9,272.7zm-31573.6 31060.2c2.7,-22.1 12.1,-118 28.5,-212.6 3.6,-19.2 30.7,-41.5 52.3,-49.9 73.1,-28.3 93.8,-2.7 75.1,73.5 -51,205.9 213.1,314.3 160.3,534.1 -28.5,119.5 -67.7,171.6 -184.1,164.7 -84,-4.9 -131.4,-49.8 -131.8,-136.9 -0.7,-99.3 -0.3,-198.6 -0.3,-372.9zm941.9 -175c-43.9,201.3 -147,376.2 -290.4,526.8 -18,18.5 -102.6,1.5 -133.3,-25.4 -88.2,-77.5 -98.3,-199.7 1.3,-247.6 157.4,-75.7 13.6,-393.4 292.6,-340 42.2,8.2 77.7,50.3 129.8,86.2zm15356.2 -30300.1c-75.4,-168.7 -150.2,-337 -219.9,-493.8 146.5,-151.4 291.4,-90.4 439.5,-67.5 167.7,253.6 -224.7,348.5 -219.6,561.3zm-4436.1 165c87.8,220.7 59.3,408.2 28.7,614.3 -75,9.1 -152.5,40.1 -211.4,19.4 -74.9,-26.7 -204.7,106.9 -224.9,-69 -10.9,-96.2 -15,-240.7 106.6,-226 256.3,30.7 162.5,-239.6 301,-338.7zm-21329.8 38831.4c197.1,-2 30.3,222.9 157.2,258.1 137.6,37.6 342,42.1 247.1,254.7 -77.5,173.2 -267.2,26 -365.8,86.6 -135.4,-111.5 -84.6,-220.4 -85,-314 -0.5,-93.9 -48.1,-202.3 46.5,-285.4zm4979.4 -6955.2c-119.8,-192.1 -333.1,-305.7 -311.9,-518.8 9.7,-98.2 -17.4,-210.6 123.1,-225.7 108.4,-11.6 193.9,16.5 190.1,157.4 -5.5,195.9 -1.3,391.4 -1.3,587.1zm15737.5 -417.9l972.1 0c-5.4,208.8 -426.6,92.9 -317.1,373.2 18.9,48.7 -113.3,77.4 -109.8,18 21.2,-396.5 -353.5,-167 -545.2,-391.2zm20825.7 445.1c-76.3,0 -153.8,9.5 -228,-2.5 -79,-12.2 -122,-58.7 -122.4,-153.4 -0.3,-96.2 45.8,-142 124.6,-150.9 100.3,-11 202.9,-2.7 304.6,-2.5 106.2,0 196.2,9.1 196.2,155.9 0.4,149.8 -94.9,151.8 -199.1,153.4 -25.3,0.4 -50.5,0 -75.9,0zm22869.7 -12.3c0,84.9 17.2,166.6 -4.9,235.8 -23.8,75.9 -106.2,102.5 -183.5,83.7 -44,-10.7 -107.5,-42.9 -115.9,-76.5 -17.4,-71.5 -10.5,-151.2 -4.3,-226.7 11.1,-133.8 -70.8,-339.6 187.5,-309.5 195.5,22.9 96.2,194.1 121.1,293.2zm-25996.1 139.8c-61.1,143.4 -113.4,299.3 -194.6,437.8 -25,42.5 -145.2,68.6 -193.8,45 -46.3,-22.7 -93.7,-135.2 -74.8,-181.9 59.9,-149.2 145.4,-289.7 234.7,-424.8 14.9,-23.4 102.7,-18.6 143.2,1 36.1,17.9 53.6,74.2 85.3,122.9zm-20590.7 -30614.1l0 305.9c-74.8,0 -173.6,30.7 -220.2,-6 -121.8,-94.7 -133.3,-487.6 -19.1,-595 32.7,-30 180.3,-6.2 190.5,22.5 38.4,111.1 43.2,233.8 48.8,272.6zm36061.9 52483.5c0,-98.6 -12.1,-177.7 5.9,-249.8 8.1,-33.6 71.5,-65.1 115.6,-76 77,-18.9 159.4,7.8 183.7,83.5 22.1,69.1 12.7,151.7 2.5,226.9 -14.5,109.6 75.4,279 -118.7,302.1 -261.4,31.7 -168.6,-179 -189,-286.7zm-12929 249.1c21.4,-183.4 -262.3,-268.1 -226.7,-491.2 115.3,-160.5 331.6,-128.4 399.3,-52.5 222.2,249.2 -173.3,362 -172.6,543.7zm15772.4 -732.5c-80.1,6 -192.3,21.2 -209.7,-118 -12.9,-106.7 12,-199 155.9,-192.6 127.1,5.6 254.7,-6.4 380.2,6.5 30.3,2.9 67,70.1 77.8,113.3 18.7,76.8 -5.2,167.2 -80.7,185.4 -95.9,23 -201.7,5.4 -323.5,5.4zm-15070.2 0c17.6,-126.7 -72.5,-315.1 176.6,-309.3 138.9,3.2 306.2,-44.9 292.6,198.6 -4,69.1 59.2,128.1 149.6,110.7 -40.6,218.7 -173.5,203.7 -291.5,85.9 -103,-102.6 -212.8,-81 -327.3,-85.9zm21668.3 0c-56.8,-247.4 170.1,-392.8 222.9,-602 3.7,-16.7 97.1,-26.6 140.2,-12.7 39.7,13.1 102.7,75.9 95.6,93.5 -68.8,176.7 -139.7,354.2 -235.8,516.7 -20.1,33.5 -146.1,4.5 -222.9,4.5zm5107 -1702.4c75,0 149.4,1.1 224.4,-0.2 96,-2 209.9,-21.4 236.5,104.4 20.2,96 6.8,215.7 -133.4,202.4 -247.4,-23.8 -111.4,236 -266.1,313.9 -119.1,-199 -33.8,-418.3 -61.4,-620.5zm-36371.4 -17334.4l0 -619.3c205.3,-14.8 118.9,174.7 182.6,258.5 76.4,101.5 361.2,-1.6 275.9,246.2 -81.3,236.5 -305.5,68.6 -458.5,114.6zm11586.9 16123.2c-11.8,212.6 -233.8,58.1 -265.2,186.1 -35.9,144.7 -51.9,337.5 -255.8,236.2 -153.2,-76.1 -75.1,-260.4 -44.4,-422.3l565.4 0zm27293.8 -315.8c-37.9,124.3 -39.7,207.3 -81.6,253.4 -91.9,101.4 -190.7,276.6 -350.4,164.1 -128.5,-90.4 -73.5,-259.3 -24,-417.5l456 0zm-38570.9 -8281.2c5.8,80.3 20.7,192.7 -118.3,209.9 -106.6,13.1 -199,-11.8 -192.6,-155.8 5.8,-126.8 -6.4,-254.6 6.7,-380.8 2.9,-30 69.9,-66.8 113.3,-77.2 76.6,-19 166.8,5.1 185.1,80.8 23.4,96.1 5.8,201.7 5.8,323.1zm-4024.3 7894.5c0,-173.9 -0.6,-348.2 0.3,-522.1 0.4,-103.8 4.4,-200.8 152.9,-196.6 205.5,5.3 176.1,165.4 149.2,267.2 -46.7,177.2 -137.4,342.9 -209.5,513 -31,-20.7 -61.9,-41 -92.9,-61.5zm-15013.2 -717.4c80.6,-217.9 -208.1,-336.6 -146.7,-549.5 128.3,-148.1 279,-11.6 387.9,-77 99.5,154.3 99.5,154.3 -241.2,626.5zm618.3 -1934.1c6.3,94.1 21.7,203.5 -110.4,229.9 -130.5,26.1 -337.3,-159.4 -352,-309.9 -14.5,-147.2 90.2,-147.2 193.3,-153.6 165.9,-10 313,-4 269.1,233.6zm53778.7 -230.1c-134.4,-5.7 -240.2,-7.7 -225.7,-155.2 15.1,-150.5 222.2,-335.9 352,-309.7 133.1,26.3 101.5,138.1 114.6,233.2 33.5,233.3 -106.2,243.5 -240.9,231.7zm-34772.9 -355.8c-191.2,155.4 -260.2,-99.2 -388.7,-104.8 -178.3,-7.1 -206.4,-88 -203,-238.9 1.9,-76.6 3.9,-98.2 82.5,-77.9 118.5,30.4 314.7,-72 346.7,58.3 33.4,138.5 156.8,226.4 162.5,363.3zm10247.8 -37112.3c-0.4,50.1 -2.6,100.2 0,149.9 6.9,125.1 -54.8,176.4 -175.4,170.1 -85.8,-4.4 -131.4,-49 -134.3,-134.9 -1.7,-49.9 -8.7,-101.5 1.3,-149.4 25.9,-123.2 -92.6,-316.4 158.2,-335.1 297.9,-22.7 77,211.3 150.2,299.4zm-26930.8 0.3c0,85.3 17.6,167.2 -5.1,235.8 -25,76.1 -109.2,99.9 -185.8,81 -43.2,-10.7 -105.3,-44.1 -113.5,-78.2 -17.2,-71.9 -10.2,-151.4 -4.5,-227.1 10.1,-134.9 -67.7,-340.8 190.2,-306.7 192.2,24.7 94.2,195.6 118.7,295.2zm11767.3 48783.9c19.4,72.6 -56.3,113.6 -109,158.1 -96.9,81 2.8,351.3 -232.3,279.6 -233.6,-71 -123.8,-262.9 -89,-437.7l430.3 0zm-6659.7 8c0,221.4 11.1,444.4 -6.5,664.6 -5.8,70.8 -108,95.1 -185.6,79.5 -77.8,-16.2 -164.4,-81.5 -112,-149.6 139.1,-181.2 131.6,-401.9 304.1,-594.5zm22700.3 -33019.7c-102.2,-232.2 -391.3,-412.1 -205.5,-724.5 373.3,155.8 236.2,454.9 205.5,724.5zm26598.2 24324.9c-94.2,-128 -338.9,-203.7 -201.8,-405.9 84,-124.2 304,-115.7 389,-6.8 158.5,204.3 -104.2,278.1 -187.2,412.7zm-61885.9 -43665.3c103.8,-110 195.7,-162.6 197.5,-217.4 4,-147.4 28.1,-252 201.9,-226.6 136.5,20.2 111.4,132.2 117.4,230 8.9,143.6 -14.3,248.5 -192.2,233.1 -73,-6.5 -145.8,-8.9 -324.6,-19.1zm11859.6 2939.6c149.1,-120.4 251.6,-164.1 254.7,-213 7.7,-141.7 21.6,-252.8 199,-230.5 139.4,17.6 116.3,128.3 121.1,226.9 6.3,139.2 -7.3,251.1 -189,236.7 -72.8,-6 -146.1,-7.6 -385.8,-20.1zm47153.2 11991.8c218.4,-77.7 377.2,-95.3 520.5,65.9 73.5,82 111.1,155.5 110,266.8 -0.6,77 -5.7,80.1 -82.3,81.7 -150.8,3.6 -233,-24.1 -237.2,-202.8 -4.7,-177 -225.5,-57 -311,-211.6zm-65257.1 -20814.8c-176.3,11.1 -248.7,14.2 -320.6,20.9 -175.4,16.3 -208.2,-80.6 -196.6,-228.9 7.4,-97.2 -19.4,-211.5 113.8,-233.3 169,-27.6 202.6,71.2 206.1,222 0.9,55.7 94.2,108.9 197.3,219.3zm28610.6 48234.7c-34.5,264.5 -16.7,402.5 -73.5,492.9 -63.5,99.7 -397,59.4 -417.7,-27.8 -49.2,-208.4 88.8,-232.9 245.8,-257 54.8,-8.2 100.2,-81 245.4,-208.1zm-4850.5 -23621.2c-412.1,-159.2 -248.3,-466.7 -244.7,-727.9 137.2,220.2 365.6,413.7 244.7,727.9zm27534.3 6151.2c180.3,-123.8 372.7,-116.7 385.1,-354.2 5.6,-107.6 178.4,-33.6 273.4,-54.6 0,77.1 30.6,174.8 -5.5,227.6 -136.9,203.2 -321.8,311.5 -653,181.2zm-32462.7 -20529l0 -464.4c126,-20.5 152.8,143.4 238.9,147 149.4,7.7 257.4,36 221.5,205.3 -38.3,180.1 -198.4,94.6 -309.2,110.8 -49.7,7.2 -101.1,1.3 -151.2,1.3zm-18700.7 46563.7l0 -1046c57.2,28.3 122.8,45 123.1,63 6.4,325.5 4.6,651.3 4.6,977.2 -42.5,2 -85.2,3.8 -127.7,5.8zm41134.2 -24294.4c-15.6,247.8 133.2,499.6 -227.8,483.6 -98.4,-4.3 -210.4,18.9 -226,-120.5 -11.8,-105.7 11.9,-206.4 154.4,-189 125.7,15.6 148.9,-113.8 299.4,-174.1zm-429.5 -26632.8l0 -1029.3c192.4,338 82,688.7 0,1029.3zm11994.1 2898.1c267.1,-33.7 355.7,-181.9 422.6,-364.5 7.8,-21.8 135.8,-20.5 194.8,2.4 89.2,35.2 77.9,154.3 47.8,195.8 -136.4,187.6 -304.6,328.6 -665.2,166.3zm-36191 -1111.1c-194.1,49.4 -278.5,202.4 -346.7,383.9 -8,20.9 -150.5,26 -190.5,-8.7 -43.3,-37.2 -71.1,-142.1 -49.7,-195 50.5,-125.6 268.9,-194 586.9,-180.2zm-2628.9 -8947.7l0 853.4c-295,-492.9 -295,-492.9 0,-853.4zm2500 56279.8c0,221.7 10.9,444.1 -6.5,664.4 -5.3,71.4 -105.3,97.3 -183.4,81.7 -77.8,-15.8 -152.6,-62 -116.5,-150.6 80,-195.4 252.9,-357.5 114.9,-628.3 63.9,11.1 127.6,21.9 191.5,32.8zm28942.7 -10576.3c-162.9,-201.7 -174.1,-416.5 -304.1,-600.2 -50.8,-71.3 37,-131.6 115.3,-147 78.2,-15.1 177,11.4 182.6,82.9 16.7,220.2 6.2,442.6 6.2,664.3zm-29050.7 -16875.4c-179,-293 102.2,-481.8 160.5,-727.2 147.2,450.9 143.7,450.4 -160.5,727.2zm41425.3 10864.8c551.7,238.6 159.8,507.2 94.6,849.4 -132.5,-329.6 -68.6,-576.7 -94.6,-849.4zm-46889.2 -23377.6c-171.6,12.7 -292.5,26.2 -303.5,-100.9 -9.7,-112.7 -65.8,-260.9 62.2,-339.3 82.4,-51.2 208.2,-36.3 235.5,77 27.6,117.2 5.8,246.1 5.8,363.2zm-5735.1 -452.2c504.4,-33.6 175.9,156.3 167,263.4 -13.8,165.8 -3.8,333.1 -52.9,499.6 -174.6,-244.9 -63.9,-515.4 -114.1,-763zm34588.6 12848.1c130.4,-16.5 239.1,8.3 234.9,72.4 -8.3,130 108,314.3 -108.5,382.1 -74.1,23.3 -181.9,-8.8 -184.1,-78.2 -4,-132 -74.8,-299.2 57.7,-376.3zm20019.7 32676.2c-53.2,129.2 -96.7,262.7 -163.3,382.8l-251 0c-41.7,-49.2 -34.3,-132.6 -8.7,-161 104.7,-116.1 176.6,-316.9 423,-221.8zm-40668.9 -62443.9c-4.5,106 -5.1,204.6 -154.5,200 -206,-5.8 -148.5,-157.4 -154.8,-269.7 -5.8,-103.9 2.7,-201.4 151.7,-197.2 206.8,5.1 141.1,159 157.6,266.9zm-5062 62105.4c-91.5,12.7 -197.9,-15.8 -192.8,-79.7 10,-129.6 -110.5,-315.5 111.6,-380.2 75.6,-21.7 190.3,21.5 179.9,79.7 -24.5,128.4 129.8,318.8 -98.7,380.2zm7383.8 -17177.3c97.5,0 196.6,3.1 295.7,-0.9 126.2,-5.1 173.4,59.4 167,176.5 -7.6,140.1 -110.7,122.1 -208,136.7 -269.2,40.1 -274.1,-123.7 -254.7,-312.3zm-21353.6 16715.4c-12.7,-171.3 -26.1,-292.2 101,-303.3 112.9,-9.8 260.8,-65.9 339.3,61.9 51.1,82.6 36.3,208.8 -76.8,235.6 -117.7,27.6 -246,5.8 -363.5,5.8zm39149.1 -417.8c-67,225.1 -254.7,76.7 -383.7,98.5 -58.3,10.2 -99.3,-107.6 -76.3,-182.1 67.7,-216.7 252,-100 382.1,-108.3 63.9,-4.4 89,104.4 77.9,191.9zm16466.4 -29585.9c-74.1,-233.6 -117.6,-441.5 27.2,-638.1 17.6,-23.9 105.1,-20.5 144.5,0.4 93.9,49.2 67.5,142 -171.7,637.7zm-11504.9 29384.9c-12.4,-171.7 -26.4,-292.8 100.9,-303.5 112.9,-9.6 260.7,-65.9 339.3,61.9 51,82.6 36.3,208.4 -76.8,235.1 -117.6,27.9 -246.5,6.5 -363.4,6.5zm-42026.9 -2c-142,19.8 -253.1,-9.1 -231.5,-187.7 16.9,-140.9 128.5,-116.5 227.8,-121.8 142,-8 256,11.1 233.8,191.3 -17.6,140 -127.4,126.4 -230.1,118.2zm46354.9 -28829.9c-4.1,106 -4.9,204.4 -154.4,200.4 -206.1,-6.2 -148.5,-157.8 -155.1,-270.3 -5.6,-103.7 3.3,-200.8 152,-197.3 206.9,5.6 140.8,159 157.5,267.2zm625.4 -10221.5c2.4,37.6 -93.7,57 -200.2,49 -111.3,-8.7 -266,55.9 -273,-151.6 -4.6,-145.6 88,-161.6 193.8,-155.2 112.8,6.5 266.5,-49.7 279.4,257.8zm5941.4 38587.8c-41.8,-216.4 -193.4,-445.3 86.5,-616.5 18.2,-11.4 60.5,-12.2 72.7,0 268.6,282.8 -210.4,382.1 -159.2,616.5zm-22354.7 -17642.9l309.3 0c-17.1,42.8 -24.5,114.4 -53,124.2 -166.1,55.5 -35.6,500.8 -352.6,305.3 -261.4,-160.6 132.9,-266.8 96.3,-429.5zm12445.8 16699.6c140.3,156.5 69.5,325 91.5,470.6 13.2,89.5 -33.1,142.1 -109.5,161.2 -43.2,10.9 -100,2 -141.1,-18.2 -84.9,-41 -86.6,-161.6 -53.9,-193.5 110.4,-106.6 143.3,-244.3 213,-420.1zm-15238.7 15.8c12.5,171.8 26,292.3 -100.9,303.4 -112.8,9.6 -260.9,66 -339.3,-61.8 -50.8,-82.9 -36.5,-208.5 77,-235.4 117.2,-28 246.3,-6.2 363.2,-6.2zm32877.9 -27546.5c121.6,-9.4 231.4,-23 249.1,116.8 22.3,180.2 -91.9,199.3 -233.9,191.6 -99.1,-5.4 -212,18.9 -227.4,-121.9 -18.5,-173.2 80.8,-218.1 212.2,-186.5zm-3147.2 -17094.1c-16.7,-129.9 8.2,-238.9 72.4,-234.7 130,8.4 314.2,-108 382,108.6 23.2,74.4 -8.8,181.7 -78.3,184.2 -132,3.8 -299.5,74.4 -376.1,-58.1zm-55887.4 43402.4c12.7,171.4 26.3,292.3 -100.9,303.3 -112.8,9.8 -260.9,65.9 -339.3,-61.7 -50.7,-82.6 -36.5,-208.7 77,-235.6 117.4,-27.6 246.3,-6 363.2,-6zm1298.9 285.2c-69.6,-147.1 -147.3,-291.7 -205.4,-442.8 -34.3,-89.3 38.5,-134.5 116.2,-150.6 77.4,-15.5 175.4,8.9 183.7,80.6 19.8,168.6 6.4,341.4 6.4,512.2 -33.6,0.2 -67.2,0.6 -100.9,0.6zm32043.5 -44237.6c121.5,-9.1 231.3,-23.4 248.7,116.9 22.5,179.7 -91.8,199.1 -233.4,191.5 -99.1,-5.6 -212.4,18.9 -227.7,-121.8 -18.8,-173.7 80.8,-218.6 212.4,-186.6zm-20877 8691.4c-123.6,-218.8 -72.8,-396.1 -69.2,-565.2 1.5,-68 105.5,-95.3 182.8,-79.8 77.6,15.9 150.4,61.3 116.2,150.3 -58.4,151.7 -135.9,296.1 -229.8,494.7zm-19571.3 -2503.7c-12.3,-171.6 -26.3,-292.5 101,-303.4 112.7,-9.4 260.6,-65.9 339.2,62.1 51.1,82.6 36.4,208.4 -76.9,235.5 -117.7,27.4 -246.2,5.8 -363.3,5.8zm51913.1 37777.8c-120.3,-200.6 -66,-378.5 -63.7,-547.2 0.8,-69.1 100.6,-98.2 179.6,-84.2 79.1,14.5 152.8,61.2 119,146.7 -63.1,159.2 -148.8,309.7 -234.9,484.7zm6392.7 -665.9c-156.9,84.1 -235.1,-11.2 -327.5,-94.2 -82.4,-73.7 -126,-155.4 -95.3,-257.6 10,-34.5 71.9,-71.5 113.3,-75 101.8,-9.6 223.2,8.9 185.9,146.7 -38,138.2 204.5,147 123.6,280.1zm-41596.9 -23802.6c0,-98 2.7,-197.1 -1.1,-296.1 -5.1,-126.1 59,-173.1 176.1,-167.2 140.5,8 122.5,111.3 136.9,208.3 40.1,269 -123.5,274.3 -311.9,255zm46832.1 10541.6c-140.5,-156.5 -69.6,-325.2 -91.3,-470.6 -13.7,-89.3 32.4,-142.1 108.7,-161.4 43.4,-10.9 100.6,-2 141.4,18 85,41.8 87,161.9 54.1,193.7 -111.1,106.9 -143.2,244.5 -212.9,420.3zm-57359.5 -24361.9c12.6,91.5 -15.9,197.6 -79.8,192.7 -129.5,-9.8 -315.4,110.4 -379.8,-111.4 -22.1,-75.5 21.4,-190.4 79.3,-179.9 128.4,24.3 319,-129.8 380.3,98.6zm59829 21082.8c120.2,200.5 65.6,378.5 63.7,547.2 -1.1,69 -100.7,98.2 -179.7,83.9 -79.1,-14.4 -152.8,-61 -118.9,-146.5 63,-159.6 148.7,-309.7 234.9,-484.6zm-60367.4 -17294.3c-93.8,-198.9 -171.2,-342.9 -229.8,-494.5 -34.5,-89.1 39,-134.7 116.4,-150.5 77.1,-15.8 181.5,11.8 182.8,79.9 3.4,168.8 54.2,346.6 -69.4,565.1zm42136.6 10767.9c106.7,-357 -129.1,-615.2 188.8,-730.6 142.3,-52.1 181.5,86 84.9,302.8 -37.7,84.6 -68.1,173.3 -105.8,258.3 -9.5,21.2 -34.3,35.9 -167.9,169.5zm-28926.2 -23951.1c58.7,6.4 330.4,358.7 303,407.9 -18.3,32.9 -82.8,53.2 -127.1,54.1 -158.4,4.4 -353.2,-249.7 -296.8,-390.3 14.4,-34.4 79.4,-48.2 120.9,-71.7zm39486.8 -7166.1c12.7,91.9 -16.4,197.7 -80.3,192.8 -129.4,-10.2 -315.1,110.7 -379.6,-111.7 -22.1,-75.5 21.5,-190.4 79.6,-179.3 127.8,24.1 318.7,-130 380.3,98.2zm-12774.2 21121.7c-80.1,-190.6 -156.9,-360.7 -219.3,-535.5 -8.5,-23.9 47.4,-98.2 80.9,-103.8 67.8,-11.5 178.9,-38 196.8,51.5 37.6,187.9 78.1,385.4 -58.4,587.8zm22405 31249.4c-5.7,-77.7 -9.5,-110.5 -7.7,-110.9 204.3,-38.7 21.5,-460.2 355.8,-360.9 35.3,10.5 84.6,76.1 79.2,108 -36,208.1 -145.2,348.8 -427.3,363.8zm-64576.1 -51955.6c9.7,121.8 23.1,231.5 -116.7,248.9 -180.3,22.5 -199.3,-91.7 -191.5,-233.8 5.3,-98.9 -19.1,-211.9 121.8,-227.3 173.4,-18.9 218.6,80.8 186.4,212.2zm5382.4 -218.5c240.9,10.3 184.5,163.7 191.6,276.3 6.1,106 -9.8,198.9 -155.4,193.8 -207.5,-6.9 -141.8,-161.9 -151.8,-273 -10.2,-109.3 18,-197.1 115.6,-197.1zm2360.9 30804.2c97.3,0 196.7,3.3 295.5,-0.9 126.3,-4.7 173.5,59.4 167.4,176.3 -7.8,140.7 -110.9,122.7 -208.3,136.9 -269,40.4 -274.1,-123.5 -254.6,-312.3zm5596.8 -67.3c243.2,323.8 251,574 0,887.1l0 -887.1zm13593.6 21426.3c-309.7,-28.7 -309.7,-28.7 -309.7,-464.3 309.7,28.7 309.7,28.7 309.7,464.3zm27620.5 -31896.3c86.5,174.6 171.8,325.3 235,484.3 34.1,85.7 -39.4,132.5 -119.1,147 -79,13.7 -179,-15.4 -179.6,-84.2 -1.8,-168.5 -56.6,-346.9 63.7,-547.1zm-44174.4 -14845.3c-12.5,-171.6 -26.3,-292.3 101.1,-303.4 112.8,-9.4 260.7,-65.9 339.3,61.9 50.7,82.6 36.3,208.6 -76.9,235.5 -117.7,27.8 -246.6,6 -363.5,6zm17954.9 32038.5c-150.3,9.4 -178.8,-88.8 -159.5,-192.4 35.2,-188.1 194.8,-102.4 305.1,-116.2 144.7,-17.4 171.6,88 152.5,190.8 -34.8,189.5 -196.2,93.8 -298.1,117.8zm-6818.1 -6346c206.2,-28 329.8,8.9 316.8,270.5 -12.9,259.4 -180.6,181.3 -316.8,193.5l0 -464zm-24146.2 -9983.9c19.9,142 -9.3,253.3 -187.9,231.7 -140.9,-17.1 -116.4,-128.7 -122,-227.9 -7.4,-141.9 11.4,-256.1 191.7,-233.8 139.8,17.6 126.3,127.3 118.2,230zm24146.2 10447.9c49.6,255.8 -165.7,401.2 -244.2,662 -62.8,-605.2 -62.8,-605.2 244.2,-662zm-20771.6 -10337.3c-58.4,135 -106.7,277.4 -183.1,403.2 -18,30.1 -135.3,22.3 -194.4,0 -90.4,-33.8 -79,-161.2 -48.7,-192.3 109.1,-110.3 179.7,-318.7 426.2,-210.9zm13030.6 27625.3c12.5,91.5 -16.2,197.8 -80.3,192.9 -129.1,-10.1 -314.9,110.4 -379.4,-111.8 -22.3,-75.5 21.4,-190.2 79.2,-179.7 128.3,24.5 318.7,-130 380.5,98.6zm24295.2 -16204.4c12.4,171.5 26.2,292.4 -100.9,303.5 -112.9,9.4 -260.9,65.9 -339.5,-62.1 -51,-82.2 -36.5,-208.4 77,-235.4 117.3,-27.6 246,-6 363.4,-6zm17650.7 309.7c-153.8,-66.7 -482.5,175.7 -448.6,-191.9 22.7,-243.3 296.1,-69.6 448.6,-117.8l0 309.7zm-15057.1 15166.4c106.2,4.7 204.6,4.9 200.2,154.4 -5.6,206.1 -157.4,148.5 -269.9,154.9 -103.7,5.6 -200.8,-2.7 -197.4,-151.9 5.5,-207 159.2,-140.9 267.1,-157.4zm-43257.4 475.8c177,165.2 84.4,347.4 99,509.2 12.7,138.5 -106.2,152.6 -201.3,131.6 -123.3,-26.9 -146,-188.8 -93.5,-223 153.5,-98.7 96.9,-292 195.8,-417.8zm6041 -7593.5l0 -945.2c199,155.5 93.9,337.4 111.1,493.7 17.5,152.7 4.2,309 4.2,463.3 -38.7,-3.8 -77,-7.8 -115.3,-11.8zm63965.2 -38526.3c-85.8,-174.8 -171.5,-324.9 -234.9,-484.5 -33.6,-85.5 40,-131.9 119.3,-146.6 78.8,-13.8 179,15.2 179.5,84.4 2.2,168.6 56.7,346.3 -63.9,546.7zm-12929.7 31328.8c-144.7,-222.1 -238.4,-343.5 -304.3,-478.7 -27.2,-55.6 -30.5,-155.4 54.5,-196.6 40.8,-20.6 98,-29.1 141.6,-18 75.8,18.9 115.1,71.9 110.1,161 -7.9,145.6 -1.9,291.4 -1.9,532.3zm-2056.1 13231.8c105.9,4 204.4,4.7 200.1,154.8 -6,205.7 -157.6,148.2 -270.3,154.3 -103.5,5.8 -200.6,-3.1 -197,-151.7 5.5,-207 159.2,-140.9 267.2,-157.4zm-10476 118c-10.3,241.2 -163.9,185 -276.4,191.5 -106.1,6.4 -198.6,-9.6 -193.9,-155 7.1,-207.5 161.9,-142 273.2,-152 108.7,-9.8 197.1,18 197.1,115.5zm-2023.5 -116.7c12.3,171.7 26.3,292.2 -100.8,303.3 -113.1,9.6 -261,65.9 -339.4,-61.9 -51,-82.8 -36.3,-208.4 77.1,-235.6 116.9,-27.4 246.2,-5.8 363.1,-5.8zm-10623.1 -13726.4c115.3,270.9 200.6,437 253.1,612.3 18.7,62.1 -57.2,133.3 -149.2,111.9 -45,-10.7 -116.4,-25.6 -124.5,-53.8 -56.7,-190.6 -35.4,-379.6 20.6,-670.4zm3432.1 752.7c-123.1,-218.8 -72.8,-396.3 -69.2,-565.1 1.7,-68.5 105.5,-95.3 182.8,-79.6 77.7,15.7 150.9,60.9 116.2,150.2 -58.1,151.5 -135.8,295.7 -229.8,494.5zm-16795.3 13032.8c9.6,122 23.4,231.5 -116.4,249.1 -180.2,22.3 -199.5,-91.9 -191.7,-233.8 5.3,-99.3 -18.9,-212.2 121.7,-227.5 173.5,-18.7 218.3,80.6 186.4,212.2zm45352 -13368.3c0,97.5 -3.6,196.8 0.6,295.7 5.2,126.2 -59,173.4 -176.3,167.2 -140.2,-7.8 -122.2,-111.1 -136.9,-207.9 -39.9,-269.5 124,-274.4 312.6,-255zm-17954 12454.7c269.2,279.9 10.5,637.5 308.8,776.2 -39,26 -75.4,65 -118.2,75.2 -76.6,18.7 -178.8,-7.8 -184.4,-79.4 -17.3,-219.8 -6.2,-442.7 -6.2,-772zm-5228.8 81.7c165.9,194.4 112.1,370.7 112.5,540.2 0,26.3 -120.7,73.5 -185.5,72.1 -75.5,-1.3 -115.8,-58.3 -118.4,-151.2 -5.6,-188.8 339.1,-200.4 191.4,-461.1zm-32772.1 -11760.4c153.9,112.6 115.3,307.7 66.6,404.3 -74.8,148.5 352.4,303.5 14.2,348.2 -287.2,38.5 -120.4,-259.4 -146.7,-403.2 -20.2,-111.1 -55.6,-251.1 65.9,-349.3zm26012.7 -11315c120.2,200.4 65.7,378.5 63.6,547 -0.6,68.9 -100.8,98.5 -179.6,84 -79.5,-14.2 -153.2,-60.8 -118.9,-146.3 63,-159.6 148.3,-309.7 234.9,-484.7zm-29490.5 22601.9c9.5,150.2 -88.8,178.7 -193,159.4 -188,-35.2 -102,-194.4 -115.2,-304.8 -18.2,-144.6 87.5,-171.7 190.4,-152.6 189.3,34.5 93.5,196 117.8,298zm57736.7 -301.5c-12.4,-171.5 -26.4,-292.2 100.9,-303.5 113.1,-9.6 260.9,-65.9 339.6,61.9 50.7,82.8 36.2,208.6 -77.1,235.4 -117.6,27.8 -246.2,6.2 -363.4,6.2zm-31499.6 -31110.7c-83.3,-73.7 -74.9,-114.2 -10.3,-145.6 143.6,-68.9 11.2,-402.1 318.6,-323.6 65.9,17 88.9,4.5 77.5,83.7 -37.2,250.3 -135.6,415.3 -385.8,385.5zm-3177.5 -19500.1c-98,0 -197.1,-2.9 -296.1,0.6 -125.8,5.4 -173.5,-58.9 -166.8,-175.8 7.4,-140.5 110.9,-122.5 207.8,-136.8 269.1,-40.3 274.3,123.4 255.1,312zm35296.8 29650.6c-16.7,-130.3 8.7,-239 72.3,-234.9 130.1,8.6 314.4,-107.8 382.3,109.1 23.2,73.7 -8.8,181.4 -78.5,183.6 -131.6,4.1 -299.5,74.8 -376.1,-57.8zm-17337.3 -29843.4c-10.2,241.1 -163.8,184.5 -276.2,191.5 -106,6.4 -198.9,-9.8 -193.8,-155.2 6.9,-207.3 161.5,-141.7 272.6,-151.7 109.3,-9.6 197.4,17.8 197.4,115.4zm-7595.9 40963.9c16.7,130.3 -8.5,238.9 -72.2,234.9 -130,-8.7 -314.4,108 -382.3,-108.9 -23.3,-73.9 9.1,-181.9 78.2,-183.7 132,-4 299.7,-74.8 376.3,57.7zm8829.5 -10435.5l-464.7 0c-27.4,-206.3 9.1,-329.5 270.9,-317 259.4,13.3 181.5,181 193.8,317zm-10369.8 18727.5l0 -309.7c244.4,25.6 73.6,-268.1 247.8,-297.2 135.6,139.6 64.1,327.3 53,490.9 -12.1,186.2 -191.1,94.9 -300.8,116zm15706.3 -957.1c94.4,197 172.7,340.8 232.2,492.2 34,86.8 -36.7,148.3 -112,149.6 -64.6,1.2 -185.5,-46 -185.5,-71.6 0.3,-169.9 -53.2,-346.7 65.3,-570.2zm-6110.5 -17615.8c49.7,255.8 -165.9,401.2 -244,662.1 -63,-605.3 -63,-605.3 244,-662.1zm-10061.4 -29871.2c-97.8,0 -197.3,-3.2 -296.1,0.9 -125.8,5.1 -173.5,-59 -166.8,-176.4 7.8,-140.1 111.1,-122.2 208,-136.7 268.9,-40.1 274,123.8 254.9,312.2zm-2287.6 41644.8c-5.7,-77.7 -9.9,-110.2 -7.9,-110.4 204.1,-39.2 21.1,-460.3 355.7,-361.2 35.5,10.7 84.6,76.4 79.3,108 -35.9,207.9 -145.2,348.9 -427.1,363.6zm3062.7 -12.1c0,-97.7 3,-197.2 -0.9,-295.9 -5,-126 59,-173.2 176.1,-167 140.5,7.8 122.2,111.2 136.7,207.8 40.5,269.2 -123.2,274.1 -311.9,255.1zm10429 -459.9c121.7,-9.4 231.5,-23 248.7,116.9 22.5,180.1 -91.5,199.2 -233.6,191.4 -98.9,-5.3 -212,19 -227.1,-121.8 -19.1,-173 80.6,-218.2 212,-186.5zm-3619 1053.8c0,-221.4 -10.9,-443.8 6.4,-664.2 5.4,-71.5 107.3,-102.4 182.4,-79.5 47,14.5 188.3,22.9 65.7,125.8 -205.8,172.3 -27.2,432 -254.5,617.9zm18993.1 2194.7c-108,-16.3 -261.7,49.6 -267.2,-157.3 -3.4,-149.6 93.7,-157.8 197.2,-152.2 112.7,6.6 264.3,-51.2 270.3,154.9 4.1,149.4 -94.3,149.9 -200.3,154.6zm7170.3 -44421.3c-12.5,-171.7 -26.3,-292.2 101.1,-303.3 113,-9.6 260.7,-65.9 339.3,62.1 50.5,82.6 36.3,208.4 -76.9,235.2 -117.7,27.6 -246,6 -363.5,6zm-40446.5 30179.5c105.9,4.7 204.4,4.9 200.1,154.5 -5.8,205.8 -157.4,148.4 -270.1,154.8 -103.5,5.6 -200.8,-2.5 -197.2,-151.9 5.5,-206.8 159.4,-140.7 267.2,-157.4zm33422 15299.6c36.8,99 56.1,123.7 51,142 -32.1,122.2 100.2,319.3 -147.4,343.8 -41.8,4 -107.6,-16 -126.5,-46.8 -111.5,-179.9 54.1,-257.4 145.7,-361.5 16.4,-18.8 35.1,-35.5 77.2,-77.5zm-27187.1 -35418.8c77.7,-152.5 156.1,-305.5 233.5,-457.1 144.8,59.4 -11.8,328.8 230.9,302.1 -72.5,298.6 -311.9,96 -464.4,155zm-5481.5 14566.7c46.8,181.9 177.4,364.8 -69.5,444.5 -76.6,24.5 -146.5,-17.9 -173.6,-88.2 -83.1,-217.5 165.8,-239.2 243.1,-356.3zm37198.5 21060c72.6,-181.7 -145.6,-438.1 180.3,-489.8 36.7,-5.8 108.7,27.2 117.4,56.6 75.4,250.7 -119,319.4 -297.7,433.2zm3677.7 -25385.2c35,413.5 35,413.5 -367.3,414.1 -51.7,-215.3 144,-107.7 214.2,-151.4 106.8,-65.6 -46.8,-267.2 153.1,-262.7zm-4955.7 -468c18.4,47.9 52,92.8 48,134 -10.4,110 71.3,267.2 -111.1,301.7 -57.8,11.4 -166.7,-28 -185.7,-72.3 -59.8,-139.4 51.9,-225.2 145.4,-306.6 28.5,-25.4 68,-37.9 103.4,-56.8zm-25849.1 -20941.3c37,98.9 56.2,123.5 51.2,141.8 -32.4,122.2 100.7,319.5 -147.3,343.8 -41.7,4.2 -107.6,-15.8 -126.7,-46.6 -110.7,-179.9 54.3,-257.6 146,-361.8 16.3,-18.6 35,-35.3 76.8,-77.2zm-15497.2 45686.4c-41.6,-41.6 -59.9,-59 -77.1,-77.3 -95.4,-103.3 -259.1,-189.7 -106.2,-361.1 24.8,-27.8 94,-38.1 134.7,-27.2 221.1,60.6 85.1,245.2 119.6,372.3 3.4,13.8 -27.4,36.9 -71,93.3zm25078.4 -44517.9c-274.8,91.3 -446.6,183.6 -476.2,400.9 -80.7,-450.6 -80.7,-450.6 476.2,-400.9zm-30772.5 15706.7c28,100.2 44.1,124.9 38.9,144.8 -29.5,122.6 96,321 -155.3,335.9 -41.7,2.5 -107.4,-20.5 -124.7,-52.1 -99.5,-181.6 66.1,-257.6 157.2,-361.5 14.7,-16.7 35.3,-28.3 83.9,-67.1zm-6227.8 -4624c-96.2,-257.8 -96.2,-515.7 0,-773.9 96.4,258.2 96.4,516.1 0,773.9zm52098.8 -5585.2c205.7,70.8 70.1,411 363.3,327.5 9.4,-2.5 39.2,63 59.5,97 -43,17.6 -84.8,46.6 -128.9,51.3 -271.7,28.5 -285,8.4 -293.9,-475.8zm6070.4 41812.2c147.6,92 288.5,181.2 248.6,376.5 -7.7,36.8 -140.2,91.8 -181.9,71.1 -211,-102.9 -129.7,-271.3 -66.7,-447.6zm-63147.3 1512c-27.4,-425.2 -27.4,-425.2 497.5,-380.7 -266.8,100.6 -455.4,179.5 -497.5,380.7zm43925.5 1108c87.9,15.3 141.8,54.3 132.9,145.4 -15.8,158.7 -125.6,284.9 -256,280.9 -104.5,-3.3 -40.1,-170.5 -51.7,-263.4 -17.1,-134.7 71.5,-163.8 174.8,-162.9zm-38542 -11327.5l0 -749.9c179.3,457.2 179.3,457.2 0,749.9zm2896.5 13214.7l0 720.2c-177.4,-232 -108.2,-479.5 0,-720.2zm31228.7 -14252.2c-51.6,-51.4 -85.4,-87.9 -122.2,-121.4 -94.8,-85 -183,-175 -92.8,-308.8 21.1,-30.9 83.7,-47.6 126.9,-47.6 203.3,0.6 144.3,159.4 145.6,269 0.9,65.9 -35.4,132.2 -57.5,208.8zm-26466.4 -773.7c-51,-51.4 -85.3,-88.4 -122.2,-121.4 -94.4,-85 -182.8,-175.4 -92.6,-309 20.9,-31 83.7,-47.5 126.9,-47.5 203.7,0.7 144.3,159.3 146,269 0.5,65.7 -35.6,132.3 -58.1,208.9zm-1795.7 18711.6l0 -464.2 309.7 0c24.6,240.2 -65.4,403.7 -309.7,464.2zm42253.1 0c-22.4,-164.3 -230.6,-267.1 -154.9,-464.2l309.5 0c-58.8,152.3 143.6,391.7 -154.6,464.2zm6614.6 -46760.7c28.1,100.3 43.9,125 38.9,144.8 -29.6,122.6 96.3,321.2 -155.6,335.9 -41.6,2.5 -106.8,-20.6 -124.4,-52.1 -99.8,-181.6 66.1,-257.5 157.2,-361.5 14.6,-16.5 34.9,-28.7 83.9,-67.1zm-1033.3 52559.3c-455.3,93.9 -455.3,93.9 -439.1,-355.4 180.3,0.9 98.2,167 147,240.9 75,112 245.5,-51 292.1,114.5zm-8811.9 -165.2c135.6,153.8 215.1,219.7 260.2,303.9 28.3,53.2 17.4,137.3 -1.5,199.9 -8.5,27.4 -78.8,46.6 -123.1,51.9 -141.7,16 -157,-82.2 -154.8,-188.1 1.4,-72.8 7.2,-145 19.2,-367.6zm-56511.1 -39231.8c6.5,131.2 -63.9,173.7 -177.2,167.2 -137.6,-7.7 -149.9,-110.4 -129.6,-205.2 26.7,-123.6 137.3,-100.9 232.6,-105.6 149.7,-7.3 37.2,105.3 74.2,143.6zm31948.5 25101.1c-87.5,-181.9 -106.1,-326.1 -7.5,-449.2 26.5,-33.4 133.6,-19.6 197,-2.3 75,19.6 72.8,70.4 0.5,101.6 -140.1,61.4 -60.6,229.5 -190,349.9zm-22340.6 -14.6c-131.2,6.6 -173.7,-63.9 -167.2,-177.5 7.7,-137.1 110.4,-149.4 205.3,-128.9 123.7,26.2 100.8,137.2 105.7,232.2 7.1,149.9 -105.7,36.8 -143.8,74.2zm5275.3 1054.7l0 -692.5c186.8,303.5 119.3,500.3 0,692.5zm4333.5 2.2l0 -689.3c188.8,297 117.9,494 0,689.3zm43930.9 -470.3c-2,101.8 -13.8,188.9 -157.4,190 -95.9,0.6 -141.6,-45.2 -150.2,-122.5 -11.6,-105.8 10.8,-192.2 153.6,-193.9 95.7,-0.5 130.9,46.3 154,126.4zm-16793.9 -7131.7c109.1,250.3 109.1,456.7 0,707.4 -108.7,-250.7 -108.7,-457.1 0,-707.4zm-40001 7317.7c90.2,-17.9 135.4,42.7 144.1,119.8 11.8,105.7 -10.9,192.5 -153.7,193.7 -95.7,0.6 -141.3,-45 -150.3,-122.7 -12.4,-106.2 12.9,-200 159.9,-190.8zm15941.4 0c90.6,-17.9 135.9,42.7 144.3,119.8 12,105.7 -10.7,192.5 -153.6,193.7 -96,0.6 -141.2,-45 -150.1,-122.7 -12.5,-106.2 12.7,-200 159.4,-190.8zm-7720 620.9c-96.1,-2 -183.2,-14.4 -183.9,-158 -1.1,-95.3 44.6,-141.4 122.2,-149.9 105.4,-11.8 192.6,10.9 193.5,153.8 0.3,95.1 -44.1,131.6 -131.8,154.1zm24285.8 -0.4c-131.2,6.7 -173.5,-64.1 -167,-177.5 7.6,-137.3 110.2,-149.6 205.3,-129.3 123.6,26.3 100.9,137.8 105.7,232.4 7.2,150.1 -105.7,37 -144,74.4zm18250.8 -310.4c0,73 -10.1,147.8 1.3,218.4 45.9,275.2 -139.6,249.9 -311.1,245.8 159.5,-116.8 46.8,-415.9 309.8,-464.2zm9905.3 309.7c-47,-253.1 56.3,-356.9 309.7,-309.7 46.6,253.4 -56.8,356.7 -309.7,309.7zm-2773.4 -35906.6c-131.1,6.5 -173.4,-63.9 -167.1,-177.5 7.7,-137.6 110.2,-149.6 205.5,-129.3 123.7,26.3 100.8,137.4 105.5,232.4 7.3,150.1 -105.5,37.2 -143.9,74.4zm5095.7 -181.7c-1.4,96.2 -13.8,183 -157.4,184.1 -95.6,0.7 -141.4,-45 -149.9,-122.6 -11.8,-105.6 10.9,-192.4 153.6,-193.1 94.9,-0.7 131.8,44.1 153.7,131.6zm-50486.6 36216.1l-697.5 0c311,-183.7 510.1,-95.5 697.5,0zm8363.1 -8487.5c130.9,6.3 174.1,50.8 179.4,134.7 11.4,180.2 -106.6,176.8 -236,179 -148.1,2.5 -61.7,-100.6 -69.7,-150 -20.9,-126.3 61.4,-164.8 126.3,-163.7zm-6965 0c130.9,6.3 174.3,50.8 179.6,134.7 11.6,180.2 -106.6,176.8 -236,179 -148.1,2.5 -61.4,-100.6 -69.7,-150 -20.9,-126.3 61.2,-164.8 126.1,-163.7zm-16690.1 164.4c17.7,90.4 -42.9,135.8 -120.2,144.2 -105.3,11.6 -191.9,-10.7 -193.4,-153.8 -0.7,-95.6 45.1,-141.2 122.8,-150.3 106.2,-12 199.6,12.9 190.8,159.9zm15025 -32045c-131.3,6.7 -174,-64.1 -167.2,-177.5 7.6,-137.4 110.2,-149.6 205.5,-129.3 123.6,26.3 100.5,137.4 105.2,232.7 7.7,149.8 -105.2,36.9 -143.5,74.1zm-7440.1 -180.3c-5.8,130.9 -50.7,174.1 -134.9,179.6 -179.9,11.8 -176.6,-106.6 -178.6,-236 -2.4,-147.6 100.9,-61.4 149.6,-69.9 126.7,-20.9 165.5,61.5 163.9,126.3zm-2013 12.2c6.7,131.4 -64.1,173.6 -177.6,167.4 -137.4,-8 -149.4,-110.4 -129.2,-205.5 26.9,-123.6 137.2,-101.1 232.5,-105.5 149.8,-7.6 37.1,105.5 74.3,143.6zm-10834.2 0c6.6,131.4 -63.5,173.6 -177.2,167.4 -137.6,-8 -149.7,-110.4 -129,-205.5 26.1,-123.6 137,-101.1 231.8,-105.5 149.9,-7.6 37.4,105.5 74.4,143.6zm10834.4 40749.8c-23.5,80.1 -58.1,127.1 -153.8,126 -142.9,-1.1 -165.6,-88 -153.8,-193.3 8.6,-77.7 54.3,-123.4 150.2,-122.7 143.4,1.2 155.5,88.2 157.4,190zm47669.8 -44.6c6.9,131.2 -63.9,173.7 -177.6,167.4 -136.8,-8 -149.4,-110.8 -129,-205.7 26.1,-123.5 137.4,-100.8 232.5,-105.5 149.6,-7.4 36.9,105.5 74.1,143.8zm-28942.3 -8841.1c-1.8,101.8 -14.2,188.9 -157.6,189.8 -95.7,0.6 -141.6,-45 -149.9,-122.5 -11.7,-105.6 10.9,-192.2 153.7,-193.5 95.9,-1.1 130.2,45.7 153.8,126.2zm-12997 9192.9c13.7,68.6 -47,113.8 -124.3,122.5 -105.5,11.8 -192.1,-11 -193.3,-153.9 -1.1,-95.9 44.8,-140.5 122.5,-150.5 108.9,-14.2 194.4,19.4 195.1,181.9zm40732.1 -185.2c80.6,23.4 127.1,58.1 126.3,153.6 -1.2,142.9 -87.8,165.7 -193.5,153.9 -77.5,-8.7 -123.2,-54.2 -122.5,-150.1 1.1,-143.4 88.4,-155.7 189.7,-157.4zm462.4 -36375.8c68.6,-13.4 113.4,47 122.1,124.4 12,105.6 -11.1,192 -153.6,193.5 -95.6,0.7 -140.6,-45.1 -150.4,-122.8 -14.4,-108.7 19.2,-194.4 181.9,-195.1zm-36554.1 36816.4c-6.6,130.7 -51.4,174.1 -135.1,179.4 -180.1,11.8 -176.6,-106.4 -179,-236 -2.5,-147.8 100.8,-61.7 150,-69.6 126.3,-21.4 165.5,60.9 164.1,126.2zm25020.4 -127.6c17.1,65.3 60.3,137.6 45.2,195 -31.2,121.2 286.9,68.8 109,236.1 -28.5,26.5 -88.4,32.2 -132.9,28.7 -135.3,-11.1 -130.4,-113.6 -124.7,-211.5 4,-69.5 12,-138.5 18.3,-208 28.3,-13.1 56.8,-26.9 85.1,-40.3zm11195.5 584.7c-1.7,101.8 -13.8,189.2 -157.6,189.9 -95.9,0.5 -141.6,-45 -150.1,-122.7 -11.7,-105.5 10.9,-191.9 153.5,-193.5 95.7,-0.6 130.6,46.1 154.2,126.3zm-20113.9 186.1c90.4,-17.8 135.6,42.5 144.5,119.8 11.6,105.5 -11.5,192.2 -154.1,193.5 -95.7,0.7 -141.3,-45.2 -150,-122.2 -12.3,-106.7 12.4,-200 159.6,-191.1zm11786.8 -42563c80.4,23.6 127.1,58.5 126.4,153.8 -1.3,142.8 -88.1,165.7 -193.9,153.9 -77.2,-8.9 -123.1,-54.3 -122.2,-150.3 1.1,-143.6 87.9,-155.8 189.7,-157.4zm-4519.4 143.2c6.6,131.1 -63.7,173.2 -177.3,167 -137.8,-7.6 -149.6,-110.1 -129.5,-205.5 26.5,-123.6 137.3,-100.9 232.6,-105.4 149.9,-7.3 37,105.4 74.2,143.9zm-44184.8 6088.1c-121.8,-238.6 -96.2,-441.7 -23.7,-700 145.9,252.7 128.7,455.4 23.7,700zm44494.7 36919.7c-2.2,101.4 -14,188.7 -157.9,189.7 -95.5,0.7 -141.5,-45.1 -149.8,-122.8 -11.6,-105.2 10.9,-191.8 153.4,-193.3 96,-1.1 130.7,45.9 154.3,126.4zm-34019.2 -43149c-102,-1.8 -189.2,-14.5 -190.2,-157.7 -0.2,-96.1 45,-141.5 122.7,-150.2 105.6,-11.8 192.6,10.7 193.5,154 0.9,95.6 -45.8,130.1 -126,153.9zm55067.6 43188.2c18,90.4 -42.1,135.6 -119.3,144.1 -106,12 -192.6,-10.5 -193.7,-153.8 -0.9,-95.6 44.9,-141.2 122.4,-150.3 106,-11.8 200,13.1 190.6,160zm-62051.7 -8674.3c-131.2,6.9 -173.5,-63.8 -167.1,-177.4 7.8,-137.4 110.3,-149.6 205.1,-129.1 124,26.5 101.3,137.5 106,232.4 6.9,149.8 -106,37.2 -144,74.1zm13298.3 -3103.9c9.1,147.3 -84.6,172.1 -190.8,160 -77.5,-9.1 -123.6,-54.5 -122.3,-150.5 1.2,-142.7 87.7,-165.4 193.5,-153.6 77.1,8.4 137.2,53.6 119.6,144.1zm637.6 11920.3c93.1,27.6 140.1,62.5 139,158.1 -1.4,142.7 -88,165.2 -193.5,153.8 -77.5,-8.7 -121.8,-54.5 -122.7,-150.2 -1.1,-146.6 94,-148.6 177.2,-161.7zm21512.3 -12103.2c71,-147.1 136,-282 201.2,-417.7 185,91.4 97.6,266.6 78.4,378.3 -29,165.7 -167.5,59.9 -279.6,39.4zm-39607.8 -24726.8c-102,-1.8 -188.9,-14 -189.9,-157.8 -0.7,-95.6 44.7,-141.4 122.6,-149.9 105.6,-11.4 191.9,11.1 193.3,153.9 0.9,95.5 -45.7,130 -126,153.8zm35497.4 37925c-145.4,-119.6 -87.5,-270.5 -65.3,-404.3 5.2,-31.7 121.8,-64.6 184.1,-60.2 48.8,3.4 161.7,75.8 42.2,123.4 -175.1,69.7 -6.3,278.5 -161,341.1zm29141.1 -13938c131.1,6 174.3,50.8 179.5,134.9 11.8,179.9 -106.3,176.8 -236.1,179 -147.6,2 -61.6,-100.8 -69.6,-150.1 -20.8,-126.4 61.4,-164.7 126.2,-163.8zm-61412.5 -30952.2c-147,9.4 -171.9,-84.2 -159.5,-190.8 8.7,-77.7 54.2,-123.4 149.9,-122.5 143.2,1.4 165.6,87.8 153.8,193.5 -8.8,77.1 -54,137.8 -144.2,119.8zm14153.9 44530c109.1,250.6 109.1,457 0,707.3 -108.8,-250.3 -108.8,-456.7 0,-707.3zm30413.7 495.8c6.8,131.3 -64,173.6 -177.1,167.2 -137.4,-8 -149.8,-110.6 -129.6,-205.5 26.5,-123.4 137.6,-100.9 232.5,-105.5 149.9,-7.2 37.2,105.5 74.2,143.8zm-45822.1 -13633.2c-214.2,-340 -99.3,-529.9 -190.1,-812.7 306.6,260.1 161,464 190.1,812.7zm-602.7 -748.6c90.2,-18 135.4,42.6 144.1,120 11.4,105.4 -10.7,192 -153.7,193.3 -95.7,0.9 -141.3,-45 -150.4,-122.4 -11.9,-106.3 12.9,-199.8 160,-190.9zm47688.7 -30953.1c-96.4,-1.7 -183.2,-14 -184.5,-157.6 -0.5,-96 45.1,-142 122.7,-150.3 105.7,-11.5 192.5,11 193.2,154.1 0.7,94.9 -44.1,131.6 -131.4,153.8zm-6061.5 36557.3c-23.5,80.3 -58.1,126.9 -153.8,126.2 -143.1,-1.1 -165.6,-87.9 -153.9,-193.4 8.5,-78 54.2,-123.2 150.1,-122.5 143.6,0.7 155.9,87.9 157.6,189.7zm21512.7 -28719.5c-100.9,-137.1 -159.2,-190.5 -149.9,-208.1 76.7,-147.9 -225.3,-198.6 -85.7,-346.2 23.6,-25.2 102.2,-26.5 138.9,-6.9 172,90.1 69.8,256.4 96,388 4.5,23 0.7,48.6 0.7,173.2zm1560.1 38748.6c-131.3,6.7 -173.4,-63.9 -167.2,-177 7.6,-138 110.2,-150 205.5,-129.6 123.6,26.3 100.9,137 105.6,232.3 7.3,150 -105.6,37.3 -143.9,74.3zm-41150.5 -16407.6c80.1,23.5 127.1,58.1 126.2,153.6 -1.1,143.1 -87.9,165.8 -193.5,154.1 -77.5,-8.9 -123.1,-54.2 -122.4,-150.3 0.9,-143.2 88.2,-155.5 189.7,-157.4zm35412.1 -31121c6.7,131.3 -64.1,173.4 -177.5,167.2 -137.5,-7.6 -149.4,-110.4 -129.3,-205.7 26.7,-123.2 137.2,-100.5 232.4,-105.3 149.9,-7.4 37,105.3 74.4,143.8zm-14365.1 -147c68.6,-13.8 113.6,47 122.5,123.9 11.8,105.9 -11.4,192.5 -154.1,193.7 -95.5,0.8 -140.2,-45 -150.3,-122.5 -14.4,-108.7 19.4,-194.6 181.9,-195.1zm-7303.2 167.2c17.6,90.5 -42.9,135.7 -119.8,144.1 -105.7,12.2 -192.3,-10.5 -193.7,-153.6 -1.1,-95.8 44.6,-141.4 122.7,-150.3 106.2,-12 199.8,12.9 190.8,159.8zm-24143.4 -32.2c-6.3,130.7 -51,174.1 -134.8,179.4 -180.1,11.6 -176.9,-106.4 -178.8,-236 -2.8,-148 100.3,-61.7 149.9,-69.5 126.2,-21.1 165,61.3 163.7,126.1zm32191.4 4830.4c18,90.2 -42.5,135.4 -119.8,144.1 -105.5,11.6 -192.3,-10.9 -193.7,-153.9 -0.7,-95.7 45.4,-141.2 122.7,-150.1 106.2,-12.2 199.7,12.5 190.8,159.9zm-9295.9 26302.6c82.6,-153.2 163.6,-302.9 274.3,-508.6 40.9,290.8 171.7,560.2 -274.3,508.6zm-1382 -22620.6c-6.5,130.9 -51,174.1 -134.9,179.5 -180.2,11.8 -177,-106.7 -178.8,-236 -2.9,-147.9 100.8,-61.7 149.8,-69.8 126.3,-20.9 165.2,61.5 163.9,126.3zm16715.4 0c-5.9,130.9 -51.3,174.1 -134.7,179.5 -179.9,11.8 -176.9,-106.7 -178.9,-236 -2.8,-147.9 100.3,-61.7 149.9,-69.8 126.3,-20.9 165.2,60.9 163.7,126.3zm-38850.1 40575.2c12.7,-135.2 -65.7,-340.9 192.5,-305.3 188.9,26.3 96,195.7 117.2,305.3l-309.7 0zm3122.6 -12566.5l0 -697.6c183.3,311.1 95.4,510.1 0,697.6zm2419.6 12875.1c-199.5,-197.5 -86.8,-402.8 -76.4,-605.2 172.1,198 56.8,402.8 76.4,605.2zm469.4 -310.2c130.7,6 173.9,50.8 179.6,134.3 11.6,180.3 -107,177.2 -236,179.2 -147.8,2.3 -61.6,-100.6 -69.5,-149.8 -21.5,-126.3 60.8,-165.2 125.9,-163.7zm46331.4 -40708.5c68.5,-13.6 113.8,46.9 122.6,124.2 11.6,105.6 -11.3,192 -154.2,193.5 -95.5,0.9 -140.3,-45 -150.3,-122.5 -14.1,-109.1 19.3,-194.6 181.9,-195.2zm-35299 41329.1c-158.3,9.6 -183.1,-83.7 -170.8,-190.2 8.7,-77.7 54.3,-123.3 150.1,-122.2 143.1,1.1 166.5,87.9 153.6,193.2 -9.2,74.4 -47.9,145 -132.9,119.2zm37747.9 -179.2c-6.4,130.4 -51.2,173.6 -134.9,179.4 -180.3,11.6 -177,-106.7 -178.8,-236 -2.4,-147.8 100.6,-61.3 149.8,-69.7 126.3,-21.1 164.8,61 163.9,126.3zm1985.2 -19478.8c130.9,6.3 174.3,51.3 179.5,134.8 11.7,180.3 -106.3,176.7 -236.1,178.9 -147.8,2.7 -61.6,-100.6 -69.6,-149.8 -20.8,-126.7 61.2,-164.8 126.2,-163.9zm-29064.8 1.4c90.4,-17.9 135.8,42.7 144.1,120 12,105.5 -10.9,192.1 -153.4,193.3 -96,0.8 -141.6,-44.6 -150.7,-122.3 -11.9,-106.4 12.9,-199.9 160,-191zm-16593.3 5880c131.1,6.2 174.3,51 179.6,134.7 11.9,180.1 -106.6,177 -236.2,179.2 -147.4,2.2 -61,-101 -69.5,-150 -20.9,-126.5 61.3,-165.2 126.1,-163.9zm954.5 14118.3c-23.6,80 -58.4,127 -153.7,125.8 -143.3,-1.3 -166.1,-87.5 -154,-193.4 8.4,-77.5 54.1,-123 150.1,-122.5 143.3,1.1 155.8,87.9 157.6,190.1zm13947.4 122.7c-158.1,9.8 -183.3,-83.9 -171,-190.3 8.8,-77.5 54.9,-123 150.2,-122.5 143,1.3 166.6,87.9 153.7,193.5 -9.4,74.1 -47.9,145.2 -132.9,119.3zm910.2 -12704c6.9,131.3 -63.7,173.4 -176.9,167.2 -137.5,-7.6 -149.8,-110.3 -129.7,-205.5 26.7,-123.4 137.6,-100.9 232.6,-105.4 149.7,-7.3 37.2,105.4 74,143.7zm19785.9 -38218.2c130.7,6.6 174.1,51.1 179.3,134.9 11.8,180.3 -106.3,176.8 -236.1,178.8 -147.6,2.8 -61.4,-100.5 -69.4,-149.7 -21,-126.6 61.2,-165.4 126.2,-164zm-13285.2 164.3c18,90.4 -42.7,135.6 -120,144.2 -105.5,12.1 -191.9,-10.7 -193.5,-153.8 -0.6,-95.7 45,-141.2 122.5,-150.1 106.4,-12.2 200.1,12.9 191,159.7zm-44910.7 50786l0 692.7c-186.8,-303.7 -119.1,-500.4 0,-692.7zm10086.2 107.8c9.5,158.3 -84,183.4 -190.6,171 -77.5,-9 -123.2,-54.2 -122.3,-150.3 1.4,-142.8 88.4,-166.4 193.7,-153.5 74.2,9.2 144.6,47.9 119.2,132.8zm41562.8 455.3c-110,-185.9 -106.2,-374.3 -25.6,-636.1 156.4,246 85.1,443 25.6,636.1zm-17560.5 -14520.1c-130.9,6.9 -173.5,-63.8 -167.2,-177.4 8,-137.4 110.6,-149.6 205.3,-129.1 123.8,26.5 101,137.5 105.9,232.4 7.2,149.8 -105.9,37.2 -144,74.1zm27846.4 -6519.9c9.8,158.1 -83.7,183.1 -190.1,170.8 -77.5,-8.9 -123,-54.3 -122.5,-150.1 1.5,-142.9 88.2,-166.7 193.5,-153.6 74.1,9.4 144.9,47.9 119.1,132.9zm-28323.3 21067.8c-135.2,-12.7 -341.1,65.9 -305.3,-192.2 26.1,-189.2 195.7,-95.7 305.3,-117.3l0 309.5zm-27549.6 -41323.1c0,-74.6 0.8,-148 -0.3,-221.7 -1.3,-121 -17.6,-252.1 168.4,-243.8 23.5,1.1 55.9,-4.7 69.4,8 148.8,142.7 -106.6,159.2 -86.2,272.7 18.7,103.5 -16.7,191.9 -151.3,184.8zm4720.4 42141.1c-108.7,-250.4 -108.7,-456.8 0,-707.3 109.5,250.5 109.5,456.9 0,707.3zm17257.5 -663c-12.9,135.3 65.5,340.9 -192.6,305.2 -188.6,-26.2 -95.9,-195.3 -117.1,-305.2l309.7 0zm5108.5 128.6c-1.9,96 -14.2,183.1 -158,184.4 -95.5,0.4 -141.6,-45.2 -149.9,-122.7 -11.5,-105.7 10.7,-192.6 153.9,-193.5 95,-0.4 131.6,44.3 154,131.8zm10988.6 13.6c6.7,131.2 -64.1,173.3 -177.7,167.2 -137.4,-7.7 -149.6,-110.2 -129.1,-205.5 26.5,-123.7 137.6,-101.1 232.4,-105.5 150.1,-7.4 37,105.5 74.4,143.8zm15817.8 168.2c-101.9,-1.8 -189,-13.9 -189.7,-157.5 -0.8,-95.7 44.8,-141.8 122.5,-150.1 105.6,-11.7 192.2,11 193.5,153.9 0.9,95.7 -46.1,130.1 -126.3,153.7zm-57915 129.1c-6.3,130.9 -50.8,174.3 -134.8,179.7 -180.3,11.8 -176.8,-106.7 -178.8,-236.3 -2.8,-147.4 100.5,-61.2 149.9,-69.5 126.3,-21.1 165.2,61.3 163.7,126.1zm53395.5 12c6.6,131.2 -64,173.5 -177.3,167.2 -137.4,-7.8 -149.4,-110.4 -129.4,-205.3 26.3,-123.5 137.6,-101 232.5,-105.7 149.8,-7.4 37.2,105.7 74.2,143.8zm-21327.4 -21809.2c-102,-2.2 -189.1,-14 -190.2,-157.8 -0.4,-95.6 44.8,-141.5 122.5,-149.7 106,-11.8 192.6,10.9 193.5,153.4 1.1,95.8 -45.5,130.5 -125.8,154.1zm-11168 -0.4c-146.6,8.9 -171.9,-84.6 -159.9,-190.8 9.1,-77.6 54.6,-123 150.3,-122.5 142.9,1.1 166.1,87.7 153.9,193.5 -8.7,77.2 -53.9,137.4 -144.3,119.8zm38859.4 6654.3c-158.3,9.8 -183.2,-83.9 -170.8,-190.1 8.5,-77.5 54.3,-123.1 149.7,-122.2 143.3,1.1 166.9,87.9 153.4,193.2 -9,74.2 -47.3,145.2 -132.3,119.1zm-49106.6 -6966.7c130.7,6.6 173.9,51.4 179.3,134.9 11.8,180.3 -106.5,177 -236,179.4 -147.9,2.3 -61.7,-101 -69.5,-150 -21.2,-126.5 60.8,-165.2 126.2,-164.3zm-748.7 164.5c17.6,90.6 -42.5,136.1 -119.8,144.3 -105.6,12 -192.4,-10.7 -193.7,-153.8 -0.5,-95.6 44.9,-141.4 122.5,-150.1 106.4,-12.1 199.9,12.9 191,159.6zm-10672.2 147.9c-147.2,8.9 -171.7,-84.6 -159.8,-190.8 8.9,-77.6 54.5,-123 150.2,-122.5 143.2,1.1 165.3,87.7 153.7,193.5 -8.5,77.2 -53.9,137.4 -144.1,119.8zm51997 9472.4c-23.6,80 -58.7,126.7 -154,125.8 -142.7,-1 -165.2,-87.5 -153.6,-193 8.4,-77.7 54.3,-123.5 149.8,-122.7 143.6,1.1 155.8,88 157.8,189.9zm-55563.6 -9905.5c-23.6,80.2 -58.2,126.9 -153.7,126.3 -142.9,-1.4 -165.8,-88 -154,-193.6 8.4,-77.7 54.3,-123.1 150.2,-122.6 143.7,0.7 155.9,88.1 157.5,189.9zm42716.9 -23859.2c17.8,90.4 -42.4,135.6 -119.8,144.1 -105.6,11.8 -192.2,-10.5 -193.5,-153.6 -1.1,-95.8 45,-141 122.6,-150.5 106.3,-11.9 199.8,12.9 190.7,160zm7750.7 47353.4c-131.1,6.9 -173.5,-63.7 -166.6,-177.4 7.2,-137.2 110,-149.6 205.1,-129 123.4,26.5 100.7,137.4 105.5,232.3 7.2,149.8 -105.5,37.2 -144,74.1zm4649.4 -54286.7l0 -593.9c53.4,-69.6 122.5,-58.5 117.4,0.3 -15.9,189.4 129.5,425.5 -117.4,593.6zm910.9 6899.5c-1.6,96.2 -14,183.2 -157.4,184.1 -96,0.7 -141.7,-44.9 -150.3,-122.4 -11.8,-105.6 10.9,-192.8 153.8,-193.7 94.9,-0.3 131.4,44.3 153.9,132zm2015.9 4068.7c-27.6,93.5 -62.2,140.3 -157.7,139.4 -142.9,-1.3 -165.6,-87.9 -154,-193.5 8.6,-77.5 54.9,-122.2 150.5,-122.6 146.7,-1.2 148.3,94.1 161.2,176.7zm-1822.7 43454.3l-594.4 0c-69.3,-53.8 -58.1,-122.8 0.2,-117.9 189.9,16.2 425.9,-129.4 594.2,117.9zm-25759 636.2c-194,-197.5 -94.9,-402.2 -131.6,-709.9 248.2,302.4 91.5,508.6 131.6,709.9zm28661.3 -431.3c-23.2,80.4 -58.5,127.4 -153.9,126.2 -142.7,-1.3 -165.4,-87.9 -153.8,-193.5 8.5,-77.4 54.6,-123.3 150.1,-122.6 143.6,1.1 155.8,88.4 157.6,189.9zm-55236.2 432.4c-158.3,9.6 -183.2,-83.7 -170.9,-190 9.1,-77.7 54.3,-123.3 150.4,-122.4 142.8,1.1 166.2,88 153.3,193.2 -9.2,74.4 -47.9,145.2 -132.8,119.2zm19810.9 0c-158,9.6 -182.8,-83.7 -170.9,-190 9.1,-77.7 54.3,-123.3 150.4,-122.4 142.6,1.5 166.4,88 153.5,193.2 -9.4,74.4 -48.1,145.2 -133,119.2zm619 -314.2c93.3,27.4 140.3,62.1 139.2,157.7 -1.2,143.1 -87.8,165.4 -193.5,154 -77.7,-8.6 -122,-54.7 -122.5,-149.8 -0.9,-147.4 94,-149 176.8,-161.9zm15150.1 191.5c-23.3,80.2 -58.1,127.3 -153.8,126.2 -142.9,-1.5 -165.5,-88.1 -153.9,-193.5 8.5,-77.6 54.2,-123.3 150.3,-122.8 143.4,0.8 155.4,88.3 157.4,190.1zm-22830.2 1250.2c-108.7,-250.3 -108.7,-456.4 0,-707.2 109,250.8 109,456.9 0,707.2zm48767 -72.2c-148.6,-183 -54.3,-372 -122.1,-644.8 294,249.4 148.4,453.6 122.1,644.8zm-43581 -44514.5c-23.6,80.3 -58.2,126.9 -153.7,126.4 -143.1,-1.7 -165.8,-88.1 -154.2,-193.5 8.9,-77.6 54.7,-123.3 150.4,-122.9 143.5,0.9 155.9,88.2 157.5,190zm11619.7 17767.8c-131.3,6.7 -173.7,-63.9 -167.4,-177.5 8,-137.5 110.6,-149.5 205.7,-129.1 123.6,26.1 100.9,137.2 105.5,232.2 7.4,149.9 -105.5,37.2 -143.8,74.4zm-11929.5 -168.1c6.7,131.2 -63.9,173.5 -177.4,167.2 -137.4,-7.6 -149.4,-110.2 -129.3,-205.3 26.4,-123.8 137.6,-101 232.6,-105.7 149.6,-7.4 36.8,105.7 74.1,143.8zm25104.3 -31252.5c80.1,23.6 126.9,58.3 126.4,153.6 -1.3,143 -88.1,165.9 -193.7,154.1 -77.7,-8.7 -123.1,-54.6 -122.4,-150.3 0.9,-143.6 88.2,-155.7 189.7,-157.4zm-24974.9 30799c131,5.8 174.1,51 179.7,134.5 11.4,180.3 -106.7,177 -236.2,179.2 -148.1,2.2 -61.7,-101.1 -69.9,-149.8 -20.8,-126.7 61.6,-165.1 126.4,-163.9zm-16995.4 28045.4c13.7,68.6 -47,113.8 -124.3,122.3 -105.3,11.8 -191.9,-10.9 -193.3,-153.7 -1.1,-96.1 45,-140.5 122.5,-150.7 108.9,-14 194.4,19.4 195.1,182.1zm23057.1 -55.8c-1.6,96.1 -14,183.2 -157.6,184.1 -95.7,0.6 -141.6,-44.8 -150.1,-122.5 -11.8,-105.5 11.1,-192.4 153.7,-193.5 95.4,-0.2 132,44.4 154,131.9zm25537.7 -59123.3c-2,95.8 -14,183.3 -157.6,184.2 -95.5,0.8 -141.6,-45 -150.1,-122.3 -11.8,-105.9 11,-192.6 153.5,-193.7 95.3,-0.4 131.8,44.1 154.2,131.8zm11143.5 -296.1c6.5,131.1 -64.1,173.7 -177.4,167 -137.4,-7.6 -149.6,-110.2 -129.6,-205.3 26.5,-123.3 137.6,-100.8 232.7,-105.3 149.8,-7.3 37.2,105.3 74.3,143.6zm5107.7 44400.6c-1.6,101.9 -14,189 -157.6,190.1 -95.6,0.5 -141.6,-45.2 -150.3,-122.7 -11.6,-105.7 11.1,-192.1 154.1,-193.7 95.5,-0.6 130,46.1 153.8,126.3zm-52546.7 -29176.1c-108.7,-250.5 -108.7,-456.9 0,-707.4 109.1,250.5 109.1,456.9 0,707.4zm16037.8 44835.4c93.3,27 140.3,62.1 139.2,157.7 -1,142.9 -87.8,165.6 -193.5,153.8 -77.5,-8.5 -121.8,-54.6 -122.3,-150 -1.5,-147 93.8,-148.6 176.6,-161.5zm3076.8 -17794.1c12.7,-135.4 -65.7,-341.5 192.2,-305.5 189.2,26.3 95.9,195.5 117.5,305.5l-309.7 0zm22055.2 -11961.7c108.9,250.4 108.9,456.8 0,707.3 -109.3,-250.5 -109.3,-456.9 0,-707.3zm13481.9 30362.1c-34.6,18 -80.6,20.2 -129.6,15.1 -77.5,-9.1 -123.2,-54.9 -122.5,-150.3 1.4,-143.3 88,-166 193.5,-154 21.2,2.6 41.2,7.5 58.6,15.5l0 273.7zm-60127.2 12.5c93.1,27.4 140.2,62.1 139.4,157.6 -1.6,143.2 -87.8,165.9 -193.7,154.3 -77.7,-8.9 -122,-54.6 -122.7,-150.3 -1.3,-146.7 94.1,-148.9 177,-161.6zm50127.8 4c0,74.4 -0.6,147.6 0,221.3 1.6,121.6 17.9,252.5 -168.1,244 -23.8,-1.1 -55.9,4.7 -69.6,-8.2 -148.6,-142.3 106.8,-159.2 86.6,-272.8 -18.3,-103.1 16.4,-191.5 151.1,-184.3zm-24298.9 -45669.7c6.9,131.3 -63.8,173.6 -177,167.2 -137.8,-7.6 -149.8,-110.2 -129.5,-205.5 26.5,-123.4 137.6,-100.9 232.4,-105.5 149.8,-7.4 37.2,105.5 74.1,143.8zm20120.7 -13.4c-1.4,95.8 -13.8,183.2 -157.4,184.2 -95.6,0.8 -141.4,-45 -150.1,-122.7 -11.8,-105.4 10.9,-192.6 154,-193.5 94.9,-0.2 131.6,44.5 153.5,132zm4024 -15773.5c6.6,131.3 -63.9,173.4 -177.3,167.2 -137.6,-7.6 -149.6,-110.3 -129.4,-205.5 26.5,-123.4 137.6,-100.9 232.5,-105.4 149.9,-7.3 37.2,105.4 74.2,143.7zm-7411 167.2c-158.3,9.8 -183,-83.7 -171,-190 9.1,-77.7 54.5,-123.5 150.3,-122.6 143.1,1.7 166.7,88.2 153.6,193.4 -9.3,74.4 -47.9,145.4 -132.9,119.2zm-46784.7 30179.1c130.8,6 174.1,51 179.6,134.5 11.2,180.1 -106.8,177.4 -236.4,179.2 -147.9,2.3 -61.5,-101 -69.5,-150 -20.9,-126.3 60.8,-165 126.3,-163.7zm53428.8 32195.3c-146.9,9.1 -172.1,-84.6 -159.8,-190.8 9.1,-77.7 54.7,-123.8 150.1,-122.7 143.5,1.3 166,88.1 154,193.7 -8.7,77 -54.1,137.8 -144.3,119.8zm2631.3 -310.6c90.4,-17.9 135.4,42.5 144.1,119.8 12,105.5 -11.1,192.1 -153.8,193.4 -95.4,0.9 -141.2,-45 -150.1,-122.4 -12.1,-106.2 12.9,-199.8 159.8,-190.8zm-4030 -32062.2c-6,131 -50.9,174 -134.5,179.5 -180.1,11.6 -177,-106.8 -179.2,-236.2 -2.4,-147.7 100.9,-61.5 149.9,-69.3 126.6,-21.4 165,60.8 163.8,126zm-19580.6 532.9c-109.1,-250.5 -109.1,-457.1 0,-707.2 108.8,250.1 108.8,456.7 0,707.2zm-10438.8 -793.4c213.9,341.2 100.1,531.1 189.7,813.4 -305.8,-259.4 -160.1,-463.4 -189.7,-813.4zm-21131.3 -12831.6c-122.2,-238.2 -95.9,-441.5 -23.6,-699.6 145.4,253 128,455.6 23.6,699.6zm16206.8 45509c78.3,144.3 103.5,261.7 106.7,364.5l-141.8 0c4.6,-102.3 24.2,-220.8 35.1,-364.5zm13117 364.5c7.3,-96.1 33.8,-193.4 79.4,-298.7 45.8,105.3 72.3,202.6 79.7,298.7l-159.1 0zm8535.3 0c-21,-35.3 -23.7,-83.8 -17.8,-135.2 8.6,-77.7 54.1,-123.2 150.1,-122.5 142.9,1.3 165.4,88 153.8,193.3 -2.7,23.6 -8.7,45.6 -18.4,64.4l-267.7 0zm1081.2 0l0 -190.2c53.7,-69.1 122.7,-58.3 117.6,0.4 -5.1,59.9 5.8,124.3 15.6,189.8l-133.2 0zm-10707.1 -63555.4c446,-51.7 315.3,217.8 274.7,508.5 -110.6,-205.5 -191.9,-355.5 -274.7,-508.5zm20968.2 18122.1c-84.6,-183.1 -105.8,-327.6 -5.3,-449.6 27.4,-33.4 133.8,-18 197.2,-0.6 72.8,19.8 70.2,70.1 -1.3,101.9 -139.2,61.5 -59.4,230.1 -190.6,348.3zm-11358.4 -18259.3c-27.1,93.1 -62.1,139.7 -157.8,139.2 -142.7,-1.3 -165.2,-87.9 -153.8,-193.5 8.6,-77.7 54.9,-122.2 150.2,-122.5 147,-1.3 148.6,93.8 161.4,176.8zm-45275.6 30670.4c-109.3,-250.3 -109.3,-457.1 0,-707.4 108.7,250.3 108.7,457.1 0,707.4zm67968.1 -379.2c-155.8,-3.8 -86.4,-126.5 -99.1,-203.3 -13.5,-82.2 -216.4,-78 -97.1,-210.6 24.6,-27.4 92.7,-30.3 137,-22.7 133.6,24.7 120.2,132.2 112.9,229.9 -5.4,70.2 31.6,152.1 -53.7,206.7zm-54661.3 -12086c122.1,238.4 95.8,441.5 23.9,699.8 -145.9,-252.7 -128.5,-455.3 -23.9,-699.8zm12308.5 186.5c9.1,146.6 -84.4,171.7 -190.8,159.3 -77.8,-8.5 -123,-54.2 -122.5,-149.9 1.3,-143.1 87.9,-165.7 193.5,-153.8 77.4,8.6 137.6,53.6 119.8,144.4zm29561.7 -5.1c6.9,131.2 -63.9,173.5 -177.2,167.3 -137.4,-8.3 -149.5,-110.5 -129.4,-205.6 26.5,-123.7 137.6,-101 232.4,-105.5 149.9,-7.4 37.2,105.5 74.2,143.8zm-34512.9 10976.8c-6.6,131.1 -51.1,174.3 -135.1,179.6 -180.1,11.6 -176.6,-106.6 -178.6,-236 -2.9,-148.2 100.4,-61.8 149.6,-69.7 126.3,-20.9 165.5,61.1 164.1,126.1zm14702.4 -30033.1c-1.7,101.8 -14.2,189.2 -157.4,189.9 -96,0.7 -141.6,-45 -150.3,-122.7 -11.8,-105.5 11.1,-192.1 153.7,-193.5 95.5,-1 130.4,46.1 154,126.3zm-22744.8 19223.1c90.2,-17.6 135.4,42.7 143.9,120 11.6,105.5 -10.3,192.1 -153.6,193.3 -95.8,1.1 -141.2,-45 -150.3,-122.5 -11.9,-106.2 12.9,-199.7 160,-190.8zm24602 10028.9c-1.8,101.8 -14.3,188.8 -157.4,189.7 -96,0.7 -141.9,-44.5 -150.1,-122.2 -11.8,-105.8 10.7,-192.6 153.8,-193.3 95.6,-0.9 130.1,45.7 153.7,125.8zm-27209 -124c80,23.8 126.7,58.3 126.2,153.9 -1.5,142.9 -88.1,165.6 -193.6,154 -78,-8.4 -123.2,-54.5 -122.7,-150.3 1.1,-143.1 88.1,-155.4 190.1,-157.6zm47638.8 -166.3c6.7,131.3 -63.9,173.7 -177.6,167.2 -137.4,-8 -149.4,-110.4 -129,-205.5 26.3,-123.4 137.2,-100.9 232.3,-105.6 149.8,-7.3 37.1,105.6 74.3,143.9zm-36031 168.5c-101.8,-2.2 -188.7,-14 -189.7,-157.8 -0.9,-95.6 44.9,-141.6 122,-149.9 106,-11.6 192.6,11.1 194.1,153.7 0.7,95.7 -46.1,130.4 -126.4,154zm-17024.9 -1085.6c80.1,23.8 126.7,58.5 126.2,154 -1.5,142.8 -87.9,165.5 -193.9,153.9 -77.5,-8.5 -122.9,-54.5 -122.4,-150.5 1.1,-143.2 88.3,-155.6 190.1,-157.4zm-6864.5 54.3c22.8,35.1 25.7,83.7 19.7,137.1 -2.8,24.6 -9.2,47.5 -19.7,66.7l0 -203.8zm71373.6 -17090.8c6.7,131.2 -63.8,173.5 -177,167.2 -137.8,-7.7 -150.2,-110.2 -129.7,-205.5 26.2,-123.7 137.5,-101 232.6,-105.5 149.8,-7.4 37.2,105.5 74.1,143.8zm-42717.3 9441.1c6.5,131.4 -63.9,173.5 -177.4,167.3 -137.2,-7.8 -149.6,-110.2 -129.2,-205.5 26.1,-123.6 137.4,-100.9 232.2,-105.4 149.9,-7.7 37.2,105.4 74.4,143.6zm5391.8 -143.8c130.7,5.8 174.1,50.8 179.4,134.5 11.6,180.3 -106.6,177.2 -236.2,179 -147.8,2.5 -61.5,-100.9 -69.5,-149.6 -21.3,-126.7 61,-165.5 126.3,-163.9zm36551.9 7559.5c-1.8,96 -13.9,183.4 -157.7,183.9 -95.5,0.7 -141.4,-44.7 -149.9,-122.2 -11.5,-106 10.8,-192.6 153.7,-193.5 94.9,-0.7 131.6,43.8 153.9,131.8zm-25224.1 -7384.3c-27.3,93.3 -62.1,140.3 -157.8,139.4 -142.8,-1.7 -165.5,-88.1 -153.9,-193.7 8.7,-77.7 54.6,-122 150.3,-122.7 146.7,-0.9 148.3,94 161.4,177zm-28792 22410.8c6.7,131 -63.9,173.1 -177.2,166.8 -137.6,-7.6 -149.7,-110.2 -129.4,-205.1 26.5,-123.7 137.4,-100.8 232.2,-105.5 149.9,-7.5 37.5,105.5 74.4,143.8zm42351.3 -21834.5c-151.4,-10.3 -84.2,-129.9 -98.4,-208.2 -14.5,-79.5 -216.2,-77.3 -94.8,-208.7 25.3,-27.6 94.8,-30.2 138.2,-20.9 131.1,27.9 117.1,135.6 110,232.7 -5.1,70.3 32.9,152.8 -55,205.1zm-24472.1 -9532.6c-121.8,-238.5 -95.8,-441.6 -23.6,-700.1 146,253.2 128.2,456 23.6,700.1zm-16415.7 15466c109.8,185.9 106.4,374.3 25.4,636.3 -156.5,-246.4 -85.1,-443 -25.4,-636.3zm-16554.6 -72.3c108.9,250.7 108.9,457.1 0,707.6 -108.9,-250.5 -108.9,-456.9 0,-707.6zm7042.3 -265.4c209.4,195.9 209.4,423.7 0,619.2l0 -619.2zm41820.4 -5882.3c80.2,23.6 127.4,58.4 126.3,153.9 -1.3,142.7 -87.8,165.6 -193.7,153.8 -77.3,-8.2 -122.9,-54.3 -122.3,-150.1 0.9,-143.4 87.8,-155.4 189.7,-157.6zm-40884 23835.8c90,-18.1 135.4,42.5 143.9,119.5 12,105.8 -10.5,192.6 -153.5,193.6 -95.7,0.6 -141.3,-45 -150.3,-122.5 -12,-106.2 12.8,-200 159.9,-190.6zm5719.7 142.5c6.5,131.1 -64.3,173.4 -177.6,167 -137.2,-7.4 -149.4,-110.2 -129.4,-205.3 26.5,-123.3 137.8,-100.9 232.6,-105.6 149.9,-7.1 37.2,105.6 74.4,143.9zm8047.8 -1857.2c7.3,131 -63.7,173.1 -177,166.8 -137.6,-7.6 -149.9,-110.2 -129.4,-205.1 26.1,-123.7 137.2,-100.8 232.4,-105.5 149.7,-7.5 37.2,105.5 74,143.8zm-17334.6 -16540.3c18,90.1 -42.5,135.6 -119.8,143.8 -105.5,11.8 -192.1,-10.4 -193.4,-153.6 -1,-95.7 44.7,-141 122.8,-150.3 105.8,-11.8 199.5,12.9 190.4,160.1zm29723.8 -4960c-147.4,9.3 -172.1,-84.6 -159.9,-191.1 9,-77.5 54.6,-123.3 150.1,-122.2 142.8,1.3 165.7,88 153.7,193.5 -8.5,77.2 -53.7,137.4 -143.9,119.8zm10671.3 -9305.8c10.2,158.1 -83.9,183.1 -190.1,170.6 -77.6,-8.3 -123.4,-54.1 -122.7,-149.6 1.3,-143.2 88.4,-167 193.7,-153.7 74.3,9.2 145.1,47.7 119.1,132.7zm13774.8 13929.6c9.8,158 -83.9,183.2 -190.1,170.7 -77.5,-8.6 -123.2,-54.3 -122.7,-150.2 1.5,-142.8 88.4,-166.3 193.5,-153.5 74.6,9.4 145.3,48.1 119.3,133zm-53240.6 50.5c-23.6,80.4 -58.5,127.1 -154,126.1 -143.2,-1.2 -165.5,-87.6 -153.7,-193.3 8.1,-77.7 54.2,-123.2 150.3,-122.5 143.2,0.9 155.5,88.4 157.4,189.7zm45957.9 253.6c-214,-341.5 -99.8,-531.4 -189.5,-813.6 305.7,259.5 159.9,463.4 189.5,813.6zm-3550.6 -607.4c6.8,131.2 -64,173.5 -177.1,167.4 -137.4,-8.4 -149.8,-111 -129.6,-205.7 26.5,-123.6 137.6,-101 232.5,-105.5 149.9,-7.4 37.2,105.5 74.2,143.8zm-28078.5 448.5c-148.9,-182.8 -54.1,-372.5 -122.2,-644.6 294.1,249.4 148.1,453.5 122.2,644.6zm2695.5 16736.3c9.1,146.9 -84.4,172 -190.6,160 -77.7,-9.3 -123.4,-54.7 -122.5,-150.7 1.3,-142.9 87.7,-165.6 193.3,-153.4 77.4,8.2 137.8,53.6 119.8,144.1zm44438.4 -17060.7c-6.5,-69.3 -14.5,-137.9 -18.3,-207.8 -5.8,-97.5 -10.4,-200.4 124.7,-211.3 44.5,-3.3 104.2,1.8 132.9,28.5 178.1,167.7 -140.5,114.9 -108.9,236.3 15,57 -28.2,129.3 -45.1,195 -28.5,-13.6 -56.8,-27.2 -85.3,-40.7zm-30973.4 17996.9c-47.1,-253.6 56.2,-356.7 309.3,-309.9 47,253.6 -56.5,356.9 -309.3,309.9zm33432.4 -18597.4c-5.8,130.9 -50.6,174.1 -134.3,179.6 -180.1,11.6 -177.2,-106.8 -179.3,-236 -2,-148.1 100.7,-61.7 150.1,-69.9 126.3,-20.9 165,61.4 163.5,126.3zm-27086.8 179.6c-47,-253.6 56.1,-356.7 309.7,-309.7l0 309.7 -309.7 0zm-11908.9 153.4c-445.6,51.7 -314.9,-217.7 -274.3,-508.5 111,205.7 191.9,355.6 274.3,508.5zm-11045.6 -439.2c98.4,106.8 45.6,239.1 40.5,354.8 -2.9,69.5 -99.1,100.2 -177.4,84.6 -180.8,-35.3 -110.5,-124.9 -20.5,-173.6 114.4,-61.9 -38.8,-261.8 157.4,-265.8zm21716.2 21006.3c9.7,158.1 -83.8,183.2 -190.6,170.8 -77.1,-8.7 -123,-54.2 -122.1,-150.3 1.2,-142.5 88.4,-166.2 193.7,-153.2 74.2,9.1 144.6,48 119,132.7zm-1230.6 -3386.8c90.6,-17.6 136,42.7 144.2,120 12.1,105.6 -10.7,192 -153.4,193.3 -96,0.7 -141.6,-44.8 -150.7,-122.3 -11.8,-106.4 13.1,-199.9 159.9,-191zm13458.2 -20731.3c18,90.6 -42.6,135.8 -119.9,144.2 -105.5,11.9 -191.9,-10.9 -193.4,-153.4 -0.7,-95.9 45,-141.4 122.6,-150.5 106.3,-12 199.8,12.5 190.7,159.7zm17115.2 2595.4c-148.3,-183 -53.9,-372.5 -122.2,-644.8 294.1,249.4 148.5,453.6 122.2,644.8zm-13710 -428.4c18,90.2 -42.8,135.4 -119.8,144.1 -105.8,12 -192.4,-10.9 -193.7,-153.9 -0.9,-95.7 44.8,-141.1 122.5,-150.2 106.4,-11.9 199.9,12.9 191,160zm-26395.9 -134.7c110,186 106.7,374.5 25.6,636.1 -156.5,-246 -85.2,-442.4 -25.6,-636.1zm39705.6 -2058.8c10,158.3 -84,183 -190.2,170.8 -77.7,-8.8 -123.3,-54.2 -122.7,-149.9 1.6,-143 88.4,-166.6 193.7,-153.6 74.2,9.5 145,48 119.2,132.7zm-61598.5 2217.4c-23.6,80.5 -58.3,127.1 -154,126.2 -143,-1.3 -165.5,-87.9 -153.7,-193.3 8.2,-77.5 54.3,-123.3 149.9,-122.6 143.6,0.8 156,87.9 157.8,189.7zm32688 -185.5c-102,-2.2 -188.8,-13.8 -189.7,-157.7 -0.9,-95.5 44.8,-141.6 122.5,-149.8 105.5,-11.8 191.7,10.9 193.4,153.6 0.7,95.6 -46,130.5 -126.2,153.9zm-37519.3 14.5c-153,-88.6 -116,-171.2 -121.8,-241.6 -7.3,-84.8 -215.8,-78 -99.1,-210.9 24.3,-28 91.8,-31.6 136.3,-25.1 136.5,21.1 123.8,128.7 116,226.8 -4.9,69.7 -16.9,138.6 -31.4,250.8zm845.6 -1427l-594.2 0c-69.7,-53.5 -58.3,-122.5 0.4,-117.6 189.7,16.1 425.9,-129.5 593.8,117.6zm20753.9 310.6c-102.4,-117.1 -52.4,-248.5 -46.3,-364.3 4,-69 103.7,-97.7 180.5,-81.3 185.5,39.7 99.5,126.5 15.6,176.2 -104.9,62.6 28.1,253.4 -149.8,269.4zm5440.5 26814.2c-104.2,-184.6 -104.2,-321.8 -0.3,-505.2 99.3,169.7 112.7,307.3 0.3,505.2zm13311 -506.1c104.6,184.3 104.6,321.3 0.4,505 -99.5,-169.7 -112.8,-307.1 -0.4,-505zm-42257.1 -9399c-97.1,-188.4 -104.5,-325.8 6.4,-506.1 91.5,171.7 114.2,309.3 -6.4,506.1zm17836.6 -2993.1c-138.7,-132.7 -138.7,-269.4 -42,-439.8 152.7,150.3 33.8,305 42,439.8zm-2351.9 21214c97.3,188.1 104.5,325.1 -6.4,505.7 -91.5,-171.3 -113.8,-309.3 6.4,-505.7zm-9398.8 -22688c-128.6,143 -265.6,135.6 -445,43 156,-141.8 307.7,-44.5 445,-43zm2620 80.8c-143.2,-128.4 -136,-265.8 -43.6,-444.8 142.2,155.8 45.2,307.5 43.6,444.8zm61251.6 -411.7c-97.3,-188.5 -104.5,-325.9 6.4,-506 91.5,171.2 113.8,309.6 -6.4,506zm-34046.4 -323.9c-122.1,-161.7 -122.1,-316.6 0,-478.5 122.2,161.9 122.2,316.8 0,478.5zm-34205 -478.3c122.3,161.9 122.3,316.8 0,478.3 -122.2,-161.5 -122.2,-316.4 0,-478.3zm48289.2 26001.6c122.5,162.3 122.5,316.8 0,478.7 -122,-161.9 -122,-316.4 0,-478.7zm-35288.5 1266.2c-104.4,-184.2 -104.4,-321.5 -0.2,-504.8 99.1,169.7 112.6,307.1 0.2,504.8zm8667.4 0c-104.6,-184.2 -104.6,-321.5 -0.2,-504.8 99,169.7 112.4,307.1 0.2,504.8zm-25846.6 268c104.5,184.6 104.5,321.6 0.3,505.4 -99.3,-170 -112.7,-307.4 -0.3,-505.4zm49991.4 492.5c-122.2,-162.1 -122.2,-317 0,-478.7 122,161.7 122,316.6 0,478.7zm20584.7 13.4c-104.5,-184.3 -104.5,-321.3 -0.3,-505 98.9,169.9 112.5,307.1 0.3,505zm-1246.2 899.9c38,37.9 69.7,55 70.6,72.9 6,137.3 72.3,287 -67.5,397.9 -14.9,11.7 -69.3,2 -69.3,1.3 -2.9,-122.2 -4.6,-244.7 -1.1,-367.2 0.3,-19.3 23.6,-38.3 67.3,-104.9zm116.4 891.5c136.5,-132.9 273.6,-140.4 432.9,-42.2 -142.1,176.5 -301.3,16.4 -432.9,42.2zm278.8 -19610.9l154.7 0c-18.9,145.6 44.6,300.6 -70.8,470 -134.2,-150.1 -64.3,-320.6 -83.9,-470zm-38570 -13887.2c-128.3,143.1 -265.4,136 -444.5,43.4 155.3,-141.7 307.5,-44.6 444.5,-43.4zm-25475 69.8c128.9,-143.1 265.9,-135.8 444.7,-43.4 -155.4,141.9 -307.3,45 -444.7,43.4zm8903.9 -1224.7c-258.7,239.8 -409.9,224.8 -571.1,117.3 128,-173 308.6,-52.6 571.1,-117.3zm41756.6 -1075.7c97.7,188.4 105,325.8 -6.5,506.1 -91.5,-171.2 -113.6,-309.5 6.5,-506.1zm-17957.1 -1364.6c-122.1,-161.7 -122.1,-316.6 0,-478.3 122.2,161.7 122.2,316.6 0,478.3zm-15597.2 -348c-143.4,-128.5 -135.9,-265.7 -43.3,-444.6 142.3,155.6 44.6,307.7 43.3,444.6zm-13651.5 -1228c97.7,188.7 104.6,325.6 -6.3,505.9 -91.5,-171 -113.9,-309.3 6.3,-505.9zm37986.2 -1758.5c161.9,-122.4 316.8,-122.4 478.7,0 -161.9,122.1 -316.8,122.1 -478.7,0zm-20144.7 -1118.5c-128.6,143.5 -265.8,135.8 -444.6,43.2 155.4,-141.7 307.5,-44.6 444.6,-43.2zm-17025.1 0c-128.4,143.5 -265.8,135.8 -444.8,43.2 155.8,-141.7 307.5,-44.6 444.8,-43.2zm40540.1 -1155c-258.7,239.9 -409.9,224.7 -570.9,117.8 128,-173.4 308.6,-53 570.9,-117.8zm10277.8 -4687.9c-188.4,97.3 -325.3,104.7 -505.6,-6.5 171.4,-91.4 309.4,-113.7 505.6,6.5zm-32755.4 -3028.7c122.2,161.9 122.2,316.6 0,478.5 -122.5,-161.9 -122.5,-316.6 0,-478.5zm-15976.9 -892.8c258.1,-239.4 409.7,-224.7 571.1,-117.2 -128.4,173 -309.4,52.8 -571.1,117.2zm-5683.4 41767.7c-38,-37.9 -69.7,-54.4 -70.1,-72.6 -6.5,-136.9 -72.8,-287.2 67,-397.9 15.6,-12 69.3,-2.4 69.3,-1.6 3.5,122.5 5.1,244.8 1.5,367.4 -0.4,19.6 -23.8,38.5 -67.7,104.7zm52508.5 -43457.4c239.8,258.9 224.8,410.1 117.5,571.5 -173,-128.5 -52.9,-309 -117.5,-571.5zm-27365.7 113.1c212.1,155.8 212.1,308.8 0,464.4l0 -464.4zm-6004.9 -352.1c128.4,-143.1 265.8,-135.8 444.6,-43.2 -155.6,141.7 -307.3,44.6 -444.6,43.2zm15519.9 34887.8c-97.7,-188.6 -104.6,-325.5 6.2,-506.1 91.6,171.5 113.8,309.5 -6.2,506.1zm13567.1 -37085.6c-188.4,97.1 -325.6,104.5 -505.7,-6.4 171.5,-91.7 309.5,-113.8 505.7,6.4zm-3809.2 -3816.7c97.1,188.4 104.5,325.5 -6.6,505.5 -91.8,-171.2 -113.6,-309.3 6.6,-505.5zm-41629.8 183.5c-37.7,-37.8 -69.7,-54.6 -70.6,-72.4 -6,-137.3 -72.2,-287.2 67.7,-398 15.1,-11.9 69.4,-2.3 69.4,-1.8 2.9,122.6 4.5,245.3 1.3,367.5 -0.4,19.2 -23.8,38.4 -67.8,104.7zm62833.6 -2660.2c97.3,188.6 104.5,325.7 -6.6,505.8 -91.5,-171 -113.6,-309.3 6.6,-505.8zm-235.9 -597.9c72.8,-297.9 311.9,-95.5 464.2,-154.9 -72.6,298.5 -311.9,96.1 -464.2,154.9zm-64927.1 41317.3c121.8,161.9 121.8,316.9 0,478.7 -122.3,-161.8 -122.3,-316.8 0,-478.7zm-3711 -42576.4c97.6,188.4 104.5,325.3 -6.4,505.7 -91.6,-171.5 -113.8,-309.3 6.4,-505.7zm62767.6 -782.8c-9.7,63.4 -39.2,127 -88,191.7 -48.9,-64.7 -78.3,-128.3 -88.1,-191.7l176.1 0zm-17104.3 44141.4c-98.5,-62.6 -104.9,-152.9 -71.1,-245.6 23.2,-63.2 77.7,-73.5 96.9,-26.2 25.1,61.9 25.8,133.3 43.8,198.5 19.6,73.1 -1.1,96.2 -69.6,73.3zm3009.1 2323.2c-17.8,42.5 -29.4,117.5 -54.1,121.5 -90.2,15.9 -111.6,-52.3 -98.8,-126.2 7.7,-44.6 27.8,-118.5 52.1,-122.3 90.6,-15.8 107.2,51.5 100.8,127zm-43225.7 -24601.1c14.5,63 47.3,130.1 39.2,191.7 -8.9,70.2 -64.3,131.2 -147.6,101.3 -15.3,-5.3 0.5,-90.3 -3.1,-138 -6,-73.7 14.5,-129.2 111.5,-155zm29915.3 147.2c-17.3,42.5 -29.6,117.3 -54,121.4 -90.5,15.5 -111.8,-52.6 -98.7,-126.8 7.4,-44.2 27.4,-118 51.7,-122.2 90.6,-15.4 107.3,51.9 101,127.6zm11254 -147.2c14.7,63 47.6,130.1 39.6,191.7 -8.9,70.2 -64.6,131.2 -147.8,101.3 -15.2,-5.3 0.7,-90.3 -3.1,-138 -5.8,-73.7 14.9,-129.2 111.3,-155zm9108 -10379.1c-99.3,-62.6 -105.5,-153.2 -71.5,-245.8 23.4,-63.2 77.7,-73.5 96.9,-26.3 25.2,61.9 25.6,133.2 43.6,198.6 19.6,73.1 -1.1,96.2 -69,73.5zm9971.5 31709.2c13.3,82.8 -16,134.3 -88.4,159.4 -21.8,-62.8 -55.9,-125.6 -59.4,-189.3 -1.6,-34.3 45.8,-97 78.3,-102.2 145,-23.8 35.9,97.6 69.5,132.1zm-37298.2 -32020l0 309.7c-145.6,11.1 -163.5,-88.6 -151.9,-192.4 8.7,-77.3 57.2,-134.5 151.9,-117.3zm-12853.5 14132.8c-18.5,28.3 -44.5,67.2 -69.9,106.2 -26.3,-64.1 -65.2,-126.5 -72.1,-192.6 -4.3,-35.9 45.8,-77.5 72.1,-116.7 61.4,49.5 91.5,111.6 69.9,203.1zm-17948.4 -2697.6c13.5,82.8 -16,134.2 -88.4,159.8 -22,-63.4 -55.5,-125.8 -59.5,-189.9 -1.7,-34.3 46.1,-96.9 78.6,-102 145,-23.8 35.7,97.5 69.3,132.1zm56430.7 -158.4c24.3,82 56.7,147.7 58.3,214 1.4,38.3 -46.7,77.9 -72.1,117.1 -26.1,-64.1 -65,-126.5 -72.2,-192.4 -4.2,-36.2 46.1,-78.1 86,-138.7zm-39256.2 22202.4c-18.5,28.5 -44.1,67.7 -69.9,106.7 -26.3,-64.1 -65.1,-126.7 -72.4,-193 -4,-35.5 46.1,-77.5 72.4,-116.9 61.6,49.8 91.5,112.4 69.9,203.2zm40809.4 -19262.3c-30.3,-18.9 -90.4,-37.6 -92,-60.7 -4.6,-68.4 -38.5,-157.7 49.9,-198 20.9,-9.1 93.5,33.2 94.9,54.4 4,68.6 37.6,152 -52.8,204.3zm7794.6 -150.7c13.4,82.9 -16,134.1 -88.4,159.9 -21.6,-63.3 -55.9,-126 -59.2,-189.9 -2,-34.3 45.8,-96.9 78.3,-102.2 144.8,-23.8 35.7,97.5 69.3,132.2zm-20341.7 -12672c-98.7,-62.5 -105.1,-152.9 -71,-245.8 22.7,-62.8 77.4,-73.7 96.8,-26 25.4,61.8 26.1,132.9 43.7,198.5 19.8,72.9 -1.1,96 -69.5,73.3zm-45122.7 10213.7c42.6,17.4 117.8,29.8 121.6,54.3 15.8,90.4 -52.5,111.6 -126.4,98.5 -44.4,-7.4 -117.9,-27.4 -122.3,-51.7 -15.4,-90.6 51.9,-107.3 127.1,-101.1zm53217 96.9c-52.1,90.4 -135.8,56.8 -204.4,53 -21,-1.4 -63.7,-74.2 -54.1,-95.3 40.1,-88.6 129.3,-54.3 197.9,-49.5 22.7,1.6 41.7,61.5 60.6,91.8zm-25998.9 3213.5c-1.7,3.1 -32,78.8 -43.4,75.9 -122.9,-28.9 -80.1,-134.7 -94.6,-218.2 -12.5,-74.1 7.5,-105.5 73.4,-69.9 62.9,34.3 105.2,93.8 64.6,212.2zm6606.1 95.8c-98.6,-62.6 -105.1,-152.8 -71,-245.8 23.2,-63.1 77.5,-73.5 96.8,-25.7 25.4,61.5 26.1,132.7 43.7,198 19.6,73.4 -1.1,96.4 -69.5,73.5zm16472.3 -173.9c13.7,82.8 -15.4,134.2 -88.4,159.6 -21.4,-63 -55.5,-125.6 -59,-190.1 -2,-33.9 45.8,-96.5 77.9,-101.8 145.2,-23.8 36.1,97.7 69.5,132.3zm-33893 -2919.9c-18,42.8 -29.8,117.4 -54.3,121.6 -90.4,15.6 -111.8,-52.6 -98.5,-126.5 7.4,-44.5 27.4,-118.2 51.7,-122.4 90.6,-15.4 107.3,52 101.1,127.3zm43800.5 0c-17.6,42.8 -29.4,117.4 -53.9,121.6 -90.4,15.6 -111.9,-52.6 -99,-126.5 7.7,-44.5 27.8,-118.2 52.1,-122.4 90.6,-15.4 107.1,52 100.8,127.3zm-7332.3 3070.2c-30.3,-18.8 -90.2,-37.5 -91.4,-60.6 -5.1,-68.6 -39.1,-157.7 49.7,-197.9 20.7,-9.2 93.3,33.3 94.9,54.5 3.7,68.4 37.6,151.9 -53.2,204zm-13429.5 20510.6c-18.9,30.3 -38.1,90.2 -60.6,91.8 -69,4.7 -157.8,38.7 -197.9,-49.7 -9.2,-21.3 33.2,-93.7 54.3,-95.1 68.4,-4.2 152.1,-37.6 204.2,53zm4597.1 -23118.1c-98.9,-62.4 -105.1,-153 -71.1,-245.8 23.2,-63 77.5,-73.5 96.9,-26.1 25.1,61.7 25.8,133.1 43.6,198.4 19.9,73.3 -0.9,96.4 -69.4,73.5zm22974.8 -14392.2c-17.4,42.3 -29.5,117.1 -53.5,121.7 -91,15.4 -112.4,-52.7 -99.5,-126.9 7.8,-44.3 27.6,-118 52.1,-122.4 90.6,-15.2 107.3,51.9 100.9,127.6zm-45041 -21c13.2,82.9 -15.6,134.5 -88.4,159.9 -21.4,-63.3 -55.9,-126 -59.2,-189.9 -2,-34.1 45.6,-96.7 78.4,-102.4 144.9,-23.2 35.6,97.9 69.2,132.4zm-10060.3 0c13.1,82.9 -16,134.5 -88.6,159.9 -21.2,-63.3 -55.5,-126 -59,-189.9 -2,-34.1 45.8,-96.7 78.4,-102.4 144.7,-23.2 35.6,97.9 69.2,132.4zm47207.8 -136.5c-10.9,-145.3 88.4,-163.2 192.2,-151.8 77.4,8.5 134.9,57.2 117.7,151.8l-309.9 0zm1335.2 -442.1c90.4,52 56.8,135.3 53,204.3 -1.5,21.2 -74.1,63.5 -95.3,54.1 -88.6,-39.8 -54.3,-129.1 -49.6,-197.5 1.5,-22.9 61.6,-41.8 91.9,-60.9zm-18824.3 -22.3c231.3,13.1 131.2,192.1 154.7,309.7l-154.7 0 0 -309.7zm-14860.4 136.5c13.5,82.8 -15.9,134.4 -88.5,159.8 -21.5,-63 -55.6,-125.8 -59.2,-190.1 -1.7,-33.9 45.9,-96.4 78.8,-101.8 144.5,-23.3 35.4,97.6 68.9,132.1zm-4952.7 0c13.5,82.8 -15.6,134.4 -88.7,159.8 -21.3,-63 -55.6,-125.8 -58.9,-190.1 -2,-33.9 45.8,-96.4 78.3,-101.8 144.8,-23.3 35.6,97.6 69.3,132.1zm-6343.8 15.6c6.4,75.4 -10.5,142.5 -100.5,127.1 -24.6,-4.3 -44.7,-78.1 -52.1,-122.2 -12.9,-73.8 8.1,-142.3 98.7,-126.5 24.3,4 36.9,78.8 53.9,121.6zm49624.2 5442c90.6,52.1 57.2,135.8 52.8,204.2 -1.2,21.6 -73.7,63.7 -94.7,54.3 -88.8,-39.9 -54.7,-128.9 -50,-197.9 1.5,-22.9 61.6,-41.6 91.9,-60.6zm464.4 -5616.4c-30.4,-19.1 -90.4,-38.1 -92.1,-60.6 -4.5,-69 -38.8,-158 49.9,-197.9 21.3,-9.5 93.9,33 95.2,54.4 3.8,68.5 37.5,152.2 -53,204.1zm-21919.8 -135.4c6.2,75.3 -10.3,142.6 -100.9,127.4 -24.3,-4.2 -44.3,-78.1 -51.9,-122.2 -13.1,-73.5 8.1,-142.3 98.9,-126.7 24.1,4.2 36.3,79 53.9,121.5zm-16715.4 157.7l-155 0c23.4,-117.3 -76.6,-296.4 155,-309.7l0 309.7zm-5109.6 6018c13.5,82.9 -15.6,134.3 -88.7,159.9 -21.3,-63.4 -55.6,-125.8 -58.9,-190.3 -2,-33.7 45.8,-96.5 78.3,-101.8 144.8,-23.4 35.6,97.7 69.3,132.2zm-11818.8 -6040.3c-30.3,-19.1 -90.2,-38.1 -92,-60.6 -4.5,-69 -38.5,-158 49.9,-197.9 20.9,-9.5 93.7,33 95,54.4 4,68.5 37.5,152.2 -52.9,204.1zm-10776 -129.6c-17.8,42.1 -29.6,117.2 -54.1,121.4 -90.6,15.8 -111.7,-52.6 -98.8,-126.5 7.3,-44.3 27.6,-118.2 51.9,-122.2 90.6,-15.8 107.3,51.9 101,127.3zm52255.3 6320.4c-30.4,-19.1 -90.4,-37.8 -91.7,-60.7 -4.9,-68.6 -38.9,-157.9 49.7,-197.7 20.9,-9.4 93.3,32.9 94.8,54.3 4.2,68.6 37.7,152.1 -52.8,204.1zm19846.4 -6574.8c-19,30.4 -37.9,89.9 -60.4,91.5 -68.6,5.1 -157.9,38.9 -198.1,-49.5 -9,-21.1 33.1,-93.7 54.3,-95.1 68.8,-4.2 152.3,-37.6 204.2,53.1zm-11427.9 97c-75.7,6.2 -142.9,-10.4 -127.3,-101.1 4,-24.2 77.7,-44.5 121.8,-52.1 74.5,-12.9 142.5,8.5 126.9,99.1 -4,24.3 -79.1,36.3 -121.4,54.1zm-32969.4 6657.7c-17.4,42.8 -29.8,117.4 -54.1,121.6 -90.6,15.8 -112,-52.7 -98.8,-126.5 7.7,-44.3 27.6,-118 51.8,-122.2 90.7,-15.6 107.3,51.9 101.1,127.1zm640.6 243.4c-82,24.3 -147.8,56.8 -214,58.4 -38.3,1.3 -77.7,-46.8 -117.1,-72.2 64.1,-25.8 126.5,-65 192.4,-72.3 36.1,-4.1 78.1,46.5 138.7,86.1zm1680.6 63.5c-10.7,-145.4 88.6,-163.5 192.3,-151.7 77.7,8.5 135,57.5 117.6,151.7l-309.9 0zm-23358.2 30625.8c-26.7,51.8 -58.4,113 -89.5,173.9 -26.1,-38.8 -76.4,-80.9 -72.4,-116.9 7.4,-65.9 46.3,-128.3 72.4,-192.6 25.4,39.1 51.4,78.1 89.5,135.6zm46283.1 -30628c-82.9,13.5 -134.3,-15.4 -159.9,-88.5 63.3,-21.3 126,-55.6 190.1,-58.9 33.9,-2 96.7,46.1 102,78.1 23.6,145 -97.7,35.6 -132.2,69.3zm7198.1 -7759c-30.3,-19 -90.4,-37.6 -92,-60.6 -4.6,-68.4 -38.7,-157.9 50.1,-197.5 21,-9.6 93.6,32.7 94.9,54.1 3.8,68.8 37.6,152.1 -53,204zm-23840.3 -308.6c24.5,81.9 56.6,147.6 58.4,213.9 1.1,38.3 -46.6,78.2 -72.4,117.2 -26.2,-64.2 -64.8,-126.7 -72.5,-192.6 -3.8,-35.9 46.3,-78 86.5,-138.5zm-26093.6 179.4c-17.2,42.1 -29.4,117.2 -53.5,121.4 -90.8,15.6 -112,-52.8 -99,-126.7 7.5,-44.3 27.5,-118 51.8,-122.2 90.6,-15.6 107.3,51.6 100.7,127.5zm60073.5 7826.9c-81.8,24.3 -147.4,56.8 -213.6,58.4 -38.3,1.3 -78.1,-46.8 -117.3,-72.2 63.9,-25.8 126.5,-65 193,-72.3 35.9,-4.1 77.3,46.5 137.9,86.1zm-58279.4 30532.1c24.3,82.1 56.6,147.6 58.3,214.1 1.3,38.1 -46.7,78.2 -72.1,117 -25.9,-63.7 -65,-126.5 -72.2,-192.9 -4.2,-36 46.3,-77.5 86,-138.2zm1412.3 32c14,63.3 47.2,130.3 39.2,191.7 -8.9,70.4 -64.4,131.2 -147.5,101.3 -15.5,-5.3 0.5,-90.2 -3.1,-138 -5.8,-73.7 14.3,-129.1 111.4,-155zm27653.4 -38684c3.5,1.4 79,31.7 76.3,43.2 -29.4,122.9 -134.9,80 -218.4,94.4 -74.1,12.5 -105.5,-7.3 -69.9,-73.2 34.3,-63 94.2,-105.4 212,-64.4zm-2383.3 -192.6c13.3,82.9 -16,134.3 -88.6,159.9 -21.4,-63.2 -55.5,-126 -59,-189.9 -1.8,-34.3 45.8,-96.9 78.3,-102.2 145,-23.6 35.6,97.7 69.3,132.2zm-2339 78.2c-1.6,3.1 -32,78.8 -43.2,75.9 -123.1,-29 -79.9,-134.5 -94.8,-218.2 -12.7,-74.3 7.3,-105.5 73.2,-69.9 63.2,34.3 105.5,93.9 64.8,212.2zm-29544.3 8434.2c13.3,82.9 -15.9,134.5 -88.6,160.1 -21.6,-63.6 -55.5,-126 -58.8,-190.5 -2.1,-33.4 45.6,-96.4 78.5,-101.8 144.5,-23.1 35.4,97.7 68.9,132.2zm21823 0c13.3,82.9 -15.9,134.5 -88.6,160.1 -21.2,-63.6 -55.5,-126 -58.8,-190.5 -2.2,-33.4 45.6,-96.4 78.3,-101.8 144.8,-23.1 35.5,97.7 69.1,132.2zm-19661.3 8424.3c-18.7,28.5 -44.1,67.3 -70.1,106.4 -26.1,-64.1 -64.9,-126.6 -72.4,-192.5 -3.6,-35.9 46.3,-77.7 72.4,-117 61.6,49.7 91.9,112 70.1,203.1zm44673.3 -8582.3c24.1,81.9 56.4,147.4 58.8,213.5 0.7,38.8 -47.2,78.4 -73,117.5 -25.9,-63.9 -64.8,-126.6 -71.7,-192.7 -4.5,-35.9 45.8,-77.5 85.9,-138.3zm5777.8 195.3c26.5,-51.7 58.2,-112.7 89.3,-173.5 25.9,38.9 76.2,80.8 72.4,116.7 -7.4,65.9 -46.5,128.6 -72.4,192.6 -25.6,-39.2 -51.6,-78.4 -89.3,-135.8zm1714.5 -8995.7c-23.2,117.2 76.6,296 -155,309.6 23.4,-117.4 -76.2,-296.4 155,-309.6zm-37467.3 173.9c26.5,-51.8 57.9,-113 89.6,-174.1 26,39.2 76.3,80.9 72.3,116.9 -7.5,66.1 -46.3,128.7 -72.3,192.6 -25.7,-38.9 -51.7,-78.3 -89.6,-135.4zm21351.5 17220.4c-1.6,3.3 -31.8,78.8 -43.2,76.2 -123.1,-29.2 -80,-134.7 -94.8,-218.2 -12.5,-74.2 7.5,-105.8 73.4,-70.2 63,34.3 105.3,94 64.6,212.2zm27353.5 69.5l-16.7 25.3c-25.6,-63.9 -64.9,-126.4 -71.8,-192.8 -4,-35.6 46.2,-77.5 71.8,-116.9l16.7 14.7 0 269.7zm-11765.4 -17795.1c24.3,82 56.7,147.7 58.8,214 0.9,38.3 -47,77.7 -72.8,117.1 -25.9,-63.9 -64.9,-126.6 -72,-192.5 -4.2,-36.1 46.1,-78 86,-138.6zm-61135.3 9441c24.4,82.1 56.5,147.8 58.7,214.1 1.1,38.5 -47,78.2 -72.5,117.1 -26.1,-63.9 -64.9,-126.6 -72.2,-192.5 -4.2,-36.1 46.1,-77.8 86,-138.7zm50306.8 308.7c-30.9,-18.9 -90.2,-37.6 -92.1,-60.5 -4.7,-68.6 -38.8,-157.7 50.2,-197.5 20.6,-9.6 93.4,32.5 94.7,54.1 4,68.8 37.6,152.1 -52.8,203.9zm4238 -9814.7c-63,99.1 -153.4,105.3 -246.1,71.3 -62.8,-23.4 -73.2,-77.7 -25.8,-96.9 61.7,-25.3 132.7,-25.6 198.4,-43.2 73.2,-20 96.4,0.5 73.5,68.8zm-5499.5 76.4c-40.8,-3.3 -111.4,2.4 -174.6,-17.1 -74.3,-23 -74.6,-79.3 0,-99.4 63.5,-17.1 138.7,-17.1 202,0 74.5,20.1 71.4,67.1 -27.4,116.5zm-6581 5630.6c-18.7,27.7 -44.9,67.1 -70.5,106 -25.9,-63.7 -65,-126.6 -71.9,-192.5 -4.1,-35.9 46,-77.6 71.9,-116.9 61.6,49.6 91.9,111.9 70.5,203.4zm12233.9 -6084.8c-23.4,117.3 77,296.1 -154.8,309.7 23.2,-117.5 -76.6,-296.3 154.8,-309.7zm-3097.5 136.9c13.7,82.6 -15.4,134.1 -88.4,159.7 -21.4,-63.1 -55.5,-126 -59,-189.9 -2,-34.3 45.8,-96.9 77.9,-102.2 145.2,-23.4 36.1,97.5 69.5,132.4zm-46581.9 10233.1c-75.1,6.3 -142.6,-10.4 -127.2,-100.9 4.2,-24.4 78.1,-44.7 122.2,-52 74,-13 142.3,8.4 126.7,98.8 -4,24.5 -79.4,36.5 -121.7,54.1zm1702.4 0c-75.1,6.3 -142.5,-10.4 -127,-100.9 4.2,-24.4 77.9,-44.7 122.3,-52 73.7,-13 142,8.4 126.6,98.8 -4.2,24.5 -79.6,36.5 -121.9,54.1zm44992.1 -10669c14.5,63.2 47.2,130.2 39.6,191.7 -8.9,70.5 -64.5,131.3 -147.8,101.3 -15.6,-5.6 0.5,-90.2 -2.9,-137.8 -6,-74.4 14.3,-129.6 111.1,-155.2zm-20289.1 12.2c90.8,51.7 57.2,135.2 53,203.8 -1.2,21.5 -74,63.8 -95.3,54.3 -88.4,-39.7 -54.1,-129 -49.5,-197.7 1.6,-22.8 61.7,-41.5 91.8,-60.4zm58.1 6325.8c-17.6,42.7 -29.6,117.5 -53.9,121.6 -90.4,15.6 -111.8,-53 -99.1,-126.7 7.6,-44.1 28,-118 52.1,-122.1 90.6,-15.3 107.5,51.7 100.9,127.2zm20057.3 -6834.1c24.1,81.7 56.6,147.4 58.4,213.7 0.9,38.3 -47,78.4 -72.6,117 -25.8,-63.9 -64.8,-126.5 -72.1,-192.6 -4,-35.9 46.3,-77.7 86.3,-138.1zm-33735.3 308.6c-30.1,-18.9 -90,-37.8 -91.9,-60.6 -4.5,-68.7 -39,-158 49.8,-197.9 20.9,-9.4 93.8,32.9 95.3,54.1 3.8,68.6 37.6,152.3 -53.2,204.4zm12836.1 6678.7c-99.1,-62.8 -105.3,-153.2 -71.4,-245.6 23.1,-63.3 77.7,-73.7 97,-26.5 24.9,62.1 25.6,133.3 43.4,198.6 19.6,73.2 -0.9,96.2 -69,73.5zm-5041.3 -7138.7c13.2,83 -16.2,134.1 -88.6,159.6 -21.4,-63 -55.7,-125.7 -59.2,-189.9 -2,-34.1 45.6,-96.6 78.2,-101.9 145.1,-23.7 35.8,97.5 69.6,132.2zm-25758.8 11627.3c-98.8,-62.7 -105.1,-153.2 -71.2,-246 22.9,-63 77.6,-73.3 97,-25.8 25.2,61.6 25.6,132.7 43.5,198.3 19.6,73.1 -0.9,96 -69.3,73.5zm14010.1 134.3c-26.5,51.9 -58.3,113.1 -89.4,173.9 -26.3,-39.2 -76.4,-80.8 -72.4,-116.9 7.5,-66.1 46.1,-128.7 72.4,-192.8 25.5,39.2 51.4,78.6 89.4,135.8zm36456.4 -11921c-30.9,-19 -90.2,-37.6 -92.1,-60.6 -4.7,-68.5 -38.8,-157.8 50.2,-197.5 20.6,-9.5 93.4,32.7 94.7,54.1 4,69 37.6,152.3 -52.8,204zm-24595.4 -276.5c14.7,63.2 47.4,130 39.4,191.6 -8.9,70.4 -64.4,131.4 -147.9,101.4 -15.3,-5.4 1.1,-90.4 -2.7,-137.9 -5.8,-74.3 14.7,-129.5 111.2,-155.1zm38989.2 12348.9c-30.3,-18.9 -90.2,-37.6 -91.9,-60.6 -4.9,-68.6 -39.2,-157.8 50,-197.5 20.7,-9.5 93.5,32.6 94.9,53.9 3.8,68.8 37.6,152.5 -53,204.2zm-723 -12620.6c-18.6,28.3 -44.5,67.2 -70.3,106.5 -25.8,-63.9 -65,-126.5 -72.1,-192.6 -3.8,-36.1 46.3,-77.7 72.1,-117 61.7,49.5 92,112 70.3,203.1zm-29697.1 -67.2c-26.5,51.4 -58.1,112.4 -89.5,173.6 -25.8,-39.2 -76.5,-80.8 -72.3,-116.8 7.3,-65.9 46.5,-128.8 72.3,-192.9 25.7,39.5 51.5,78.4 89.5,136.1zm-19513.6 21.6c-17.6,42.3 -29.8,117.5 -53.9,121.6 -90.8,15.8 -112,-52.4 -98.9,-126.8 7.6,-44.2 27.4,-117.9 51.9,-121.8 90.4,-15.7 107.1,51.5 100.9,127zm-11453.4 12688.7c145.3,-11.2 163.4,88.4 151.8,192.4 -8.5,77 -57.5,134.6 -151.8,116.9l0 -309.3zm20526.9 -13133.2c90.6,51.9 57,135 52.8,204.2 -1.2,21.2 -73.7,63.5 -94.9,54.1 -88.2,-40 -54.5,-129.1 -49.4,-197.7 1.1,-23.1 61.2,-41.8 91.5,-60.6zm-399.4 13239.8c18.5,-28.3 44.7,-67.6 70.6,-106.4 25.6,63.9 64.7,126.7 71.9,192.6 4,35.9 -46.3,77.5 -71.9,116.7 -61.9,-49.4 -91.8,-111.8 -70.6,-202.9zm8348.8 -4613.1c13.3,82.8 -16.1,134 -88.5,159.9 -21.5,-63.5 -55.6,-126 -59,-190.2 -2,-34.2 45.9,-96.8 78.2,-102 144.9,-23.3 35.6,97.6 69.3,132.3zm5264.5 4663.9c-17.7,42.7 -29.6,117.6 -54,121.8 -90.5,15.6 -112,-52.8 -99.1,-126.7 7.5,-44.1 27.8,-117.8 52.1,-122.2 90.2,-15.2 107.3,51.4 101,127.1zm2947.7 -50.8c18.7,-28.3 44.4,-67.6 70,-106.8 26.4,64.3 65,127.1 72.1,193 4,35.9 -45.7,77.5 -72.1,116.7 -61.5,-49.4 -91.8,-111.8 -70,-202.9zm24737.1 -13357.3c-2,3.5 -31.8,79 -43.2,76.2 -123.1,-29.2 -80.3,-134.7 -94.4,-218.3 -12.9,-73.9 7.2,-105.7 73.1,-70.1 62.9,34.5 105.1,94 64.5,212.2zm-5571.8 0c-1.6,3.5 -31.9,79 -43.7,76.2 -122.7,-29.2 -79.5,-134.7 -93.9,-218.3 -12.9,-73.9 7.1,-105.7 72.7,-70.1 63.3,34.5 105.4,94 64.9,212.2zm-23724.1 -236.2c24.1,82.1 56.6,147.6 58.2,213.9 0.9,38.3 -46.8,78 -72.4,117.2 -25.8,-63.7 -64.8,-126.7 -72.1,-192.9 -4,-36 46.3,-77.7 86.3,-138.2zm-19747.8 179.2c-17.2,42.1 -29.5,117.5 -54.1,121.6 -90.4,15.6 -111.8,-53 -98.7,-126.7 7.6,-44.1 27.8,-118 51.9,-122.2 90.8,-15.4 107.3,51.6 100.9,127.3zm18360.1 41189.3c90.4,52.1 57.2,135.1 52.9,204.2 -1.3,21.3 -73.9,63.6 -95,54.3 -88.7,-40.1 -54.6,-129.4 -49.5,-197.8 1.2,-23.3 61.3,-41.8 91.6,-60.7zm-30742 -27417.2c-50.4,0 -101.1,-2 -151.7,0.5 -75.2,3.1 -146.3,-8.3 -125.1,-103.5 5.8,-25.4 80.4,-42.3 125.4,-50.1 49.1,-8.1 101,-2 151.4,-2l0 155.1zm23836.4 -86.6c-62.6,98.7 -153,105.3 -245.8,71.3 -63.2,-23.4 -73.5,-77.5 -26.1,-96.9 61.9,-25.1 133,-25.8 198.4,-43.8 73,-19.8 96.4,1.1 73.5,69.4zm-12694.7 -14170.7c13.6,82.9 -15.8,134.1 -88.4,159.7 -21.6,-63.2 -55.7,-125.8 -59.3,-189.9 -1.5,-34.1 46.1,-96.5 78.6,-102.2 144.8,-23.2 35.7,97.7 69.1,132.4zm52624.9 42273.9c-17.6,42.5 -29.6,117.5 -53.9,121.5 -90.6,16 -111.8,-52.5 -99.3,-126.7 7.8,-44.1 28,-117.7 52.3,-122.2 90.6,-15.4 107.3,52.3 100.9,127.4zm-16870.4 -33124.2c231.8,13.3 131.6,192.1 154.6,309.7 -231.2,-13.3 -131.2,-192.4 -154.6,-309.7zm17426.1 -21.6c24.5,82.2 56.6,147.4 58.8,213.8 0.9,38.5 -47,77.9 -72.6,117.3 -26.2,-63.9 -65,-126.5 -72.4,-192.8 -3.7,-36.1 46.2,-77.7 86.2,-138.3zm-5875.8 33010.6c90.4,51.9 56.8,135.6 53,204.2 -1.5,21.1 -74.3,63.6 -95.1,54.1 -88.8,-39.9 -54.5,-128.9 -49.8,-197.7 1.5,-22.7 61.6,-41.7 91.9,-60.6zm-32353.3 -42606.5c24.5,81.8 56.6,147.5 58.8,213.8 1.1,38.3 -47,78.2 -72.6,117.3 -26.1,-63.9 -65,-126.7 -72.2,-192.6 -4,-36 46.1,-78.1 86,-138.5zm-5721 43.9c90.6,51.9 56.9,135.6 52.9,204 -1.3,21.5 -73.9,64.1 -94.8,54.3 -88.8,-39.7 -54.6,-128.9 -49.6,-197.7 1.3,-22.7 61.2,-41.7 91.5,-60.6zm-560.9 14990.7c0,-50.7 1.6,-101.3 -0.7,-152 -3.3,-75.3 8.1,-146.5 103.4,-124.9 25.3,5.9 42,79.9 49.8,125.3 8.7,49.4 1.8,100.9 1.8,151.6l-154.3 0zm13465.1 -152c-17.6,42.7 -29.8,117.5 -53.9,121.5 -90.6,15.6 -111.8,-52.7 -98.9,-126.9 7.6,-43.9 27.5,-117.6 51.9,-121.8 90.4,-15.8 107.3,51.5 100.9,127.2zm2122.5 -147.2c14.7,63 47.5,130 39.5,191.9 -8.9,70.2 -64.4,131.2 -147.7,101.3 -15.5,-5.8 0.7,-90.4 -3.1,-138.2 -6,-74 14.7,-129.2 111.3,-155zm-3979.7 -14871.6c6.1,75.5 -10.6,143.1 -101,127.4 -24.5,-4.1 -44.8,-78 -51.9,-122.1 -12.9,-73.7 8.2,-142.3 98.9,-126.7 24.2,4.5 36.2,79.3 54,121.4zm33063 41459.8c-30.1,-19 -89.8,-37.6 -91.5,-60.4 -4.9,-68.8 -38.8,-158.2 49.8,-198.1 21,-9.4 93.6,33.1 94.9,54.3 4,68.8 37.6,152.1 -53.2,204.2zm1603.8 -25842.6c13.3,82.6 -15.7,133.9 -88.2,159.5 -21.6,-63.1 -55.7,-125.9 -59.2,-189.7 -1.6,-34.3 45.8,-96.9 78.5,-102.2 144.6,-23.4 35.5,97.7 68.9,132.4zm-35440.9 25707.2c6.2,75.5 -10.3,143 -100.9,127.6 -24.4,-4.5 -44.3,-78.1 -51.9,-122.5 -12.9,-73.7 8.1,-142 98.9,-126.6 24.1,4.2 36.7,79.4 53.9,121.5zm-29406.8 -41788.6c6.5,75.4 -10.4,142.5 -100.8,127.3 -24.3,-4.4 -44.6,-78.1 -52.1,-122.2 -12.7,-73.9 8.4,-142.1 99,-126.5 24.3,4 36.3,79 53.9,121.4zm58305.2 -451.1c14.7,63.4 47.3,130.2 39.5,191.7 -9.2,70.3 -64.6,131.3 -147.9,101.3 -15.1,-5.2 0.9,-90.2 -2.9,-137.9 -5.8,-74.1 14.7,-129.1 111.3,-155.1zm-1181.6 125.3c-26.5,51.9 -58.3,112.9 -90.1,173.9 -25.6,-39.2 -75.7,-81 -71.8,-116.9 7.4,-65.9 46.2,-128.4 71.8,-192.6 26.2,39 52.1,78 90.1,135.6zm-2488.8 17201.7c-17.3,42.7 -29.4,117.5 -53.6,121.7 -90.9,15.6 -112.2,-52.9 -99.1,-126.8 7.6,-44.1 28,-117.6 51.9,-122.1 90.4,-15.6 107.3,51.7 100.8,127.2zm-29871 24918.3c-17.8,42.7 -29.8,117.7 -53.9,121.6 -90.8,15.7 -112,-52.4 -99,-126.5 7.5,-44.3 27.4,-118.2 51.9,-122.3 90.1,-15.1 107.1,51.7 101,127.2zm-29584.3 -56.1c9.7,31.2 16.7,61.1 17.5,91 0.6,15.4 -6.8,30.9 -17.5,46.7l0 -137.7zm64875.1 -24555.4c-75.5,6.4 -142.7,-10.3 -127.1,-100.9 4,-24.3 77.9,-44.1 122.4,-52.1 73.9,-12.9 142.1,8.5 126.1,99.1 -3.6,24.3 -78.9,36.7 -121.4,53.9zm-16781.7 -18129.9c24.3,81.9 56.8,147.4 58.8,213.7 0.9,38.1 -46.6,78.4 -72.6,117.2 -25.8,-63.9 -65.2,-126.5 -72.4,-192.4 -3.5,-36.3 46.3,-78 86.2,-138.5zm-27640.9 179c-17.2,42.3 -29.8,117.3 -53.9,121.6 -90.6,15.6 -111.8,-52.4 -98.9,-126.9 7.8,-44.3 27.7,-117.8 51.9,-122.3 90.6,-15.1 107.6,52.1 100.9,127.6zm29852 23273.1c-1.9,3.4 -32.2,78.9 -43.4,76.2 -123.5,-29.2 -80.1,-134.9 -94.6,-218.6 -12.5,-73.8 7.3,-105.4 73,-69.7 63.1,34.2 105.4,94.1 65,212.1zm2805.2 -23582.6c-17.5,42.6 -29.6,117.3 -54.1,121.6 -90.4,15.6 -111.9,-52.6 -98.8,-127.1 7.6,-43.7 27.8,-117.6 51.9,-121.8 90.8,-15.4 107.3,51.8 101,127.3zm-14858.2 0c-17.3,42.6 -29.8,117.3 -54.1,121.6 -90.6,15.6 -111.8,-52.6 -98.8,-126.7 7.7,-44.1 27.6,-118 51.8,-122.2 90.7,-15.4 107.3,51.8 101.1,127.3zm-15070.9 -135.1c90.5,51.8 56.8,135.3 53,204.2 -1.5,21.1 -74.3,63.6 -95,54.3 -89.1,-40.1 -54.8,-129.4 -49.9,-197.8 1.6,-23.1 61.4,-41.8 91.9,-60.7zm2954.2 45491.3c14.5,63.2 47.4,129.8 39.4,191.7 -8.7,70.2 -64.1,131 -147.4,101.3 -15.4,-5.5 0.5,-90.4 -3.1,-137.8 -5.8,-74.4 14.7,-129.6 111.1,-155.2zm-22132.3 -26776.1c14.1,63.7 47.2,130.2 39.2,192.1 -8.5,70 -64.1,131.2 -147.6,101.3 -15.6,-5.5 0.7,-90.3 -2.9,-138 -6.2,-73.9 14.5,-129.1 111.3,-155.4zm46727.7 -18760c-30.4,-19.1 -90.5,-37.8 -91.7,-60.8 -5.1,-68.8 -39.1,-157.8 49.5,-197.7 21.3,-9.3 93.7,33 95,54.3 4,68.6 37.7,152.3 -52.8,204.2zm-15773 45536.1c14.2,63.2 47.4,129.8 39.3,191.7 -9.1,70.2 -64.5,131 -148,101.3 -15.2,-5.5 0.9,-90.4 -2.7,-137.8 -6,-74.4 14.3,-129.6 111.4,-155.2zm1591.9 -45665.9c-17.8,42.5 -29.8,117.6 -54.1,121.6 -90.6,15.8 -111.8,-52.6 -98.8,-126.5 7.7,-44.3 27.5,-118.2 52,-122.2 90.4,-15.6 107.1,51.6 100.9,127.1zm-31946.8 19167.5c24.5,82.1 56.6,147.6 58.4,213.9 1.3,38.3 -46.6,78.4 -72.2,117.3 -26,-64.1 -65,-126.8 -72.3,-192.7 -4.2,-35.9 46.3,-78 86.1,-138.5zm3578.9 32c14.7,63 47.2,130.3 39.7,191.7 -9.1,70.6 -64.6,131.2 -147.9,101.3 -15.5,-5.3 0.9,-90.1 -2.9,-137.8 -5.7,-74.2 14.3,-129.1 111.1,-155.2zm31329.9 -19420.1c-81.6,23.6 -147.4,56.5 -213.6,58.3 -38.3,0.9 -78.3,-46.8 -117.3,-72.4 63.9,-26 126.5,-64.8 192.4,-72.3 36,-4 78.1,46.3 138.5,86.4zm17100.9 -121.6l-19.8 30.1c-4,-10.1 -8.5,-20.1 -13,-30.1l32.8 0zm-16580.7 0c-9.5,2.8 -17.7,3.7 -22.8,1.5l-3.3 -1.5 26.1 0zm-1526.6 0c-16.2,2.6 -30.1,2.4 -41.9,0l41.9 0zm-23678.4 0c-8.3,10 -16.2,20 -22.7,30l-13.1 -30 35.8 0zm12509.7 43820.3c-40.5,-3.1 -111.1,2.5 -174.3,-16.9 -74.8,-22.9 -74.8,-79.2 0,-99.3 63.2,-17.3 138.4,-17.3 201.7,0 74.6,20.1 71.7,67 -27.4,116.2zm-19263.9 -23911c-63.2,98.7 -153.3,105.1 -245.8,71.2 -63.4,-23.1 -73.7,-77.7 -26,-97 61.5,-25 132.9,-25.6 198.1,-43.6 73.1,-19.6 96.2,1 73.7,69.4zm10368.5 25466.5c6.3,75.2 -10.4,142.5 -100.9,126.9 -24.4,-4 -44.1,-77.7 -52,-122 -13,-73.9 8.4,-142.1 99,-126.5 24.3,4 36.3,78.8 53.9,121.6zm-11356.6 135.1c-30.2,-18.9 -90.2,-38.2 -91.5,-60.9 -4.9,-68.8 -39.2,-157.5 49.5,-197.5 21.3,-9.4 93.7,32.9 95,54.3 3.8,68.5 37.7,152.1 -53,204.1zm53706.3 -24918.5c-30.5,-18.9 -90.3,-37.9 -91.5,-60.5 -5.3,-68.9 -39.1,-157.9 49.3,-197.8 21.1,-9.3 93.7,33 95,54.3 4.2,68.6 37.6,152.3 -52.8,204zm-54434.3 196c26.7,-51.5 58.1,-112.9 89.4,-173.7 25.7,39.2 76,80.8 72,116.7 -7.1,66.3 -46.3,128.9 -72,193 -25.5,-39.2 -51.2,-78.2 -89.4,-136zm66346.7 -195.1c24.2,82.1 56.5,147.2 58.3,213.8 1.3,38.2 -46.7,78.1 -72.6,117.3 -26,-64.1 -64.8,-126.7 -72.1,-193 -3.8,-35.9 46.1,-77.5 86.4,-138.1zm-46516.5 3842.5c18.9,-28.2 44.3,-67.2 70.2,-106.6 26,64.3 65.2,126.7 72.1,193 4,35.7 -46.1,77.5 -72.1,116.7 -61.5,-49.4 -91.8,-112 -70.2,-203.1zm12996.7 -3356.5c-75.1,6.3 -143,-10.4 -127.2,-101.2 4,-24.1 77.9,-44.1 122.3,-51.9 73.4,-13 142,8.6 126.4,99 -4,24.5 -79.2,36.3 -121.5,54.1zm-35503.9 22.1c90.8,51.9 57.4,135.6 53,204.2 -1.3,21.3 -73.9,63.6 -94.9,54.3 -88.6,-40.1 -54.7,-128.9 -49.6,-197.9 1.3,-22.8 61.2,-41.7 91.5,-60.6zm19501.6 264.9c-30.5,-18.9 -90.3,-38 -91.9,-60.5 -4.9,-69 -39.2,-157.9 49.9,-197.9 20.7,-9.2 93.5,32.9 95,54.1 3.8,68.8 37.5,152.3 -53,204.3zm36216.8 -264.9c90.6,51.9 56.8,135.6 53,204.2 -1.5,21.3 -73.9,63.6 -95.1,54.3 -88.4,-40.1 -54.5,-128.9 -49.6,-197.9 1.3,-22.8 61.4,-41.7 91.7,-60.6zm2843.8 129.8c6.6,75.5 -10.3,142.7 -100.5,127.1 -24.5,-4.4 -44.9,-77.9 -52.3,-121.8 -12.7,-74.5 8.5,-142.7 98.9,-126.9 24.4,3.8 36.3,79.1 53.9,121.6zm-58182.3 24166.4c-37.9,57.7 -63.9,96.6 -89.6,135.4 -26,-63.7 -64.8,-126.5 -72.3,-192.4 -3.8,-36 46.3,-77.7 72.3,-117.1 31.2,61.2 63.1,122.4 89.6,174.1zm14534.4 -23872.3c13.4,82.9 -15.6,134.3 -88.4,159.6 -21.5,-63 -55.8,-125.7 -59.2,-189.7 -2,-34.2 45.7,-96.8 78.4,-102.3 144.7,-23.4 35.6,97.9 69.2,132.4zm27029.1 150.5c-30.3,-19.1 -90.2,-37.8 -91.5,-60.7 -5.1,-68.6 -38.7,-157.7 49.6,-197.8 21,-9.3 93.6,33 94.9,54.3 4.5,69.1 37.6,152.3 -53,204.2zm5430.9 -276.9c14.7,63.4 47.2,130.4 39.4,191.7 -8.6,70.5 -64.3,131.6 -147.4,101.5 -15.5,-5.4 0.7,-90.4 -3.1,-138 -6,-73.8 14.7,-129.2 111.1,-155.2zm19081.3 299.4c0,-50.7 1.8,-101.5 -0.4,-152 -3.2,-75.3 8.2,-146.3 103.3,-125.2 25.6,5.8 42.3,80.4 50.1,125.6 8.2,49 2,100.9 2,151.6l-155 0zm-19034.3 3405c-75.2,6.5 -142.7,-10.4 -127.1,-100.8 4.4,-24.3 78.1,-44.8 122.2,-52.3 74.1,-12.7 142.3,8.8 126.5,99.2 -3.8,24.3 -79.1,36.3 -121.6,53.9zm-5419.6 19498.5c6.3,75.7 -10.4,142.8 -101,127.2 -24.3,-4 -44.4,-78.1 -51.9,-122 -13.1,-74.2 8.4,-142.3 99,-126.9 24.3,4.4 36.3,79.2 53.9,121.7zm-40763.5 -18128.1c-30.3,-18.9 -90.2,-37.6 -91.5,-60.5 -5.2,-68.6 -39.2,-158.1 49.4,-197.7 20.9,-9.6 93.7,32.7 94.9,54.1 4,68.6 37.6,152.5 -52.8,204.1zm21107.2 -129.5c-17.6,42.5 -29.7,117.3 -53.9,121.5 -90.7,15.8 -111.8,-52.7 -99.1,-126.6 7.8,-44.4 27.8,-118.1 52.3,-122.3 90.4,-15.3 106.9,52.1 100.7,127.4zm-9131.5 309.5c-17.7,42.7 -29.6,117.7 -54,121.5 -90.5,15.8 -112,-52.5 -98.7,-126.7 7.2,-44 27.6,-117.8 51.7,-121.8 90.6,-15.7 107.3,51.7 101,127zm12788.1 -135.2c90.2,51.9 57,135.6 53,204.2 -1.4,21.3 -74,63.5 -95.3,54.1 -88.7,-39.7 -54.2,-128.7 -49.7,-197.7 1.8,-23 61.7,-41.5 92,-60.6zm360.4 180.8c-18.7,28.3 -44.5,67.2 -70.1,106.6 -25.8,-64.3 -65,-126.6 -72.3,-193 -4.1,-36 46.5,-77.3 72.3,-116.6 61.5,49.4 91.5,111.7 70.1,203zm35448.2 -66.6c13.4,83.1 -16,134.3 -88.4,159.7 -21.5,-63 -55.8,-125.4 -59,-190 -2.2,-33.8 45.5,-96.4 77.8,-101.9 145.1,-23.4 36,97.9 69.6,132.2zm-26641.6 18997.2c-51.7,90.6 -135.4,57.4 -204,52.9 -21.5,-1.3 -63.6,-73.7 -54.1,-95 39.9,-88.4 128.9,-54.4 197.7,-49.5 22.8,1.2 41.5,61.3 60.4,91.6zm-7406.5 -18202.1c-17.6,42.3 -29.8,117.4 -53.9,121.4 -90.8,15.6 -112,-52.6 -98.9,-126.9 7.6,-44.4 27.6,-118 51.9,-121.8 90.2,-15.8 107.1,51.6 100.9,127.3zm-616.5 616.1c-75.1,6.5 -142.6,-10.2 -127,-100.9 4,-24.2 78,-44.7 122.1,-51.9 73.6,-13.1 142.4,8.3 126.7,98.9 -4.1,24.5 -79.3,36.5 -121.8,53.9zm36831.5 136.7c13.3,83 -16.1,134.1 -88.8,159.6 -21.6,-63 -55.5,-125.7 -59.1,-189.9 -1.9,-34.2 45.9,-96.6 78.2,-102 145.2,-23.3 35.8,97.6 69.7,132.3zm5109.4 15.4c6.5,75.5 -10.2,142.7 -100.8,127.1 -24.1,-4.2 -44.6,-78.1 -52.2,-122 -12.7,-74.2 8.7,-142.5 99.1,-126.9 24.3,4.2 36.3,79 53.9,121.8zm-35152.9 -15414.7c-1.8,3.2 -31.9,78.8 -43.3,76.2 -123.1,-29.4 -79.9,-134.9 -94.4,-218.5 -12.7,-73.7 7.2,-105.7 72.8,-70.1 63.1,34.7 105.4,94 64.9,212.4zm265.4 16015c24.7,81.7 56.5,147.1 58.3,213.7 1.5,38.1 -46.5,78.1 -72.1,117.3 -26.1,-63.9 -64.9,-126.5 -72.4,-192.8 -3.8,-35.9 46.3,-77.5 86.2,-138.2zm10370 0c24.2,81.7 56.5,147.1 58.5,213.7 1.1,38.1 -47,78.1 -72.6,117.3 -26,-63.9 -64.8,-126.5 -71.9,-192.8 -4,-35.9 45.9,-77.5 86,-138.2zm5473.4 224.6c-18.7,28 -44.5,67.4 -70.4,106.2 -26,-63.9 -64.9,-126.5 -72.1,-192.4 -3.8,-36 46.1,-77.5 72.1,-116.9 61.7,49.7 92,111.8 70.4,203.1zm-38125.1 14323.2c-30.3,-19.1 -90.4,-38.1 -91.8,-60.8 -4.8,-68.8 -38.7,-157.8 49.7,-197.7 21.1,-9.4 93.5,32.9 94.9,54.3 4,68.8 37.8,152.1 -52.8,204.2zm7573.3 -32324.2c-98.7,-62.5 -105.1,-152.9 -71.1,-245.6 23,-63.4 77.7,-73.6 96.9,-25.8 25.2,61.5 26.2,132.5 43.8,197.9 19.9,73.1 -1.3,96.2 -69.6,73.5zm-18349.5 18568.8c6.5,75.5 -10.4,142.9 -100.8,127.5 -24.3,-4.2 -44.6,-78.1 -52.1,-122.2 -12.7,-74.2 8.4,-142.3 99,-126.7 24.3,4 36.3,79.3 53.9,121.4zm19963.7 -15.2c13.4,82.9 -16,134.3 -88.4,160.1 -21.6,-63.5 -55.5,-126.2 -59.4,-190.1 -1.8,-34.1 46,-96.9 78.6,-102.2 144.7,-23.2 35.6,97.3 69.2,132.2zm-24439.9 13619.2c-26.7,51.4 -58.1,112.6 -89.4,173.7 -26.1,-39.2 -76.4,-80.8 -72.2,-116.7 7.3,-66.1 46.1,-128.9 72.2,-193 25.5,39.4 51.4,78.3 89.4,136zm58820.7 -13458.4c57.4,37.8 96.6,63.7 135.8,89.5 -64.1,25.8 -126.5,64.8 -193,72.1 -35.9,4 -77.7,-46.3 -116.7,-72.1 60.8,-31.4 122.2,-63 173.9,-89.5zm4914.6 0c51.4,26.5 112.9,58.1 173.7,89.5 -39.2,25.8 -80.9,76.1 -117,72.1 -65.9,-7.3 -128.6,-46.3 -192.3,-72.1 38.9,-25.8 78.3,-51.7 135.6,-89.5zm-17843.1 145.2c24.2,82.1 56.5,147.6 58.1,213.9 1.1,38.3 -46.6,78.2 -72.4,117.1 -25.8,-63.7 -65,-126.2 -71.9,-192.6 -4.2,-35.8 46.1,-77.5 86.2,-138.4zm-45594.9 331c145.2,-10.7 163.2,88.4 152,192.4 -8.8,77.2 -57.8,134.9 -152,117.5l0 -309.9zm13477.5 135.9c-26.5,51.4 -58.3,113 -89.4,174 -26.3,-39.4 -76.4,-81 -72.4,-117 7.5,-66 46.1,-128.7 72.4,-192.6 25.5,39.1 51.4,78.3 89.4,135.6zm9905.4 0c-26.5,51.4 -58.1,113 -89.7,174 -25.6,-39.4 -75.7,-81 -71.7,-117 6.9,-66 46.1,-128.7 71.7,-192.6 26,39.1 51.9,78.3 89.7,135.6zm32797.8 1.1c13.1,82.6 -15.9,134.2 -88.5,159.4 -21.3,-63.2 -55.6,-125.4 -59,-189.7 -2,-34.1 45.7,-96.7 78.4,-101.8 144.7,-24 35.6,97.3 69.1,132.1zm12700.4 -30.3c18.5,-28.3 44.3,-67.3 70.2,-106.7 26,64.2 65,127.1 72.4,192.9 3.3,36 -46.4,77.7 -72.4,117 -61.5,-49.8 -91.8,-112.1 -70.2,-203.2zm-25124.6 213.3c14.6,63.6 47.2,130.5 39.6,191.9 -8.9,70.4 -64.4,131.2 -147.7,101.3 -15.5,-5.3 0.7,-90.2 -3.1,-137.8 -6,-73.9 14.7,-129.1 111.2,-155.4zm9352.4 390.9c-81.9,24.1 -147.6,56.4 -213.9,58.6 -38.5,0.9 -78.2,-47 -117.2,-72.8 63.9,-25.6 126.3,-65 192.4,-72.1 36.1,-4 77.9,46.1 138.7,86.3zm17003.3 63.1c-50.6,0 -101.1,-1.6 -151.6,0.2 -75.5,3.6 -146.8,-7.8 -125.4,-103.1 5.6,-25.2 80.2,-42.1 125.6,-49.9 49.2,-8.6 100.8,-1.8 151.4,-1.8l0 154.6zm-44265 461.5c6.2,75.5 -10.5,142.8 -100.9,127.4 -24.4,-4.2 -44.7,-77.7 -52.1,-122 -12.9,-74 8.5,-142.5 99.1,-126.9 24.3,4 36.5,79.4 53.9,121.5zm29648.1 159c-98.9,-62.6 -105.3,-153.2 -71.4,-245.8 23.3,-63.3 77.7,-73.7 97.2,-26.1 25.2,61.7 25.7,132.9 43.5,198.2 19.6,73.3 -0.9,96.2 -69.3,73.7zm14084.5 13155.6c-99.1,-62.8 -105.3,-153 -71.4,-245.8 23.1,-63 77.5,-73.5 97,-25.8 25.2,61.4 25.6,132.7 43.4,198.1 19.7,73.3 -0.8,96 -69,73.5zm-47311.9 19869.7c-1,1.7 -8.8,21 -17.7,39.7l-91.7 0c-38.5,-46.1 -17.7,-120 -28.3,-181.8 -12.8,-74.3 7.2,-105.7 72.7,-70.1 63.4,34.5 105.9,93.8 65,212.2zm-7564.6 -57c-11.5,27.8 -20.8,70 -32.7,96.7l-106 0c-18.1,-24.3 -20.9,-62.2 -13.9,-101.8 7.4,-44.8 27.6,-118 51.7,-122.3 90.6,-15.6 107.7,51.9 100.9,127.4zm-10524.4 0c-11.6,27.8 -20.8,70 -32.7,96.7l-106 0c-18.1,-24.3 -21,-62.2 -14.2,-101.8 7.5,-44.8 27.8,-118 52.1,-122.3 90.4,-15.6 107.3,51.9 100.8,127.4zm-3372.2 96.7c-15.6,-8.7 -27.4,-17.9 -28.1,-27.7 -4.7,-69 -38.7,-158.1 49.9,-197.9 21.3,-9.2 93.7,32.9 95,54.3 3.3,55.7 26,120.9 -13.6,171.3l-103.2 0zm59574 -421.6c57.1,37.9 96.5,64 135.6,90 -63.9,25.6 -126.7,64.4 -193,71.9 -35.8,4 -77.5,-46.3 -116.5,-71.9 60.9,-31.6 122.3,-63.4 173.9,-90zm-28963.8 -32353.1c13.3,82.4 -16.1,134.1 -88.5,159.4 -21.5,-62.9 -55.6,-125.7 -59,-189.7 -1.7,-34 45.9,-96.8 78.2,-102.1 144.9,-23.6 35.6,97.5 69.3,132.4zm19744.7 174.1c-98.8,-63 -105.3,-153.3 -71,-246 23.1,-63 77.2,-73.5 96.6,-26.2 25.4,62.1 26.1,132.9 43.9,198.5 19.8,72.9 -1.1,96.2 -69.5,73.7zm18020.1 32018.5c13.2,83.1 -15.8,134.3 -88.8,159.6 -21.4,-63.4 -55.5,-125.5 -58.6,-189.7 -2.2,-34 45.4,-96.6 78,-102.1 145.1,-23.4 35.8,97.7 69.4,132.2zm-20806.1 174.1c-98.6,-62.8 -105.1,-153.1 -71.1,-245.6 23,-63.4 77.5,-73.7 96.7,-26.4 25.2,61.8 26.3,133.3 43.8,198.5 20.1,73.1 -0.9,96.2 -69.4,73.5zm-13145.4 -23.8c-30.3,-18.9 -90.2,-37.4 -91.7,-60.5 -4.9,-68.8 -39.2,-157.7 49.8,-197.6 20.8,-9.5 93.5,32.8 94.9,54.2 4.4,68.7 37.6,152.2 -53,203.9zm-19909.7 -32033.6c13.1,83 -15.9,134.5 -88.5,159.7 -21.1,-63.1 -55.6,-125.8 -58.9,-189.8 -2.1,-34.2 45.6,-97 78.3,-102.2 144.7,-23.5 35.6,97.6 69.1,132.3zm28151.4 77.9c-1.6,3.1 -32.1,78.8 -43.6,76.2 -123,-29.2 -79.7,-134.9 -94.4,-218.4 -12.5,-73.8 7.3,-105.2 73.4,-69.7 63,34 105.1,93.9 64.6,211.9zm2043.7 -78.8c-26.7,51.5 -58.3,112.7 -89.5,173.9 -26.1,-39 -76.1,-81.1 -72.4,-116.7 7.4,-66.3 46.3,-128.7 72.4,-193 25.6,39.2 51.5,78.1 89.5,135.8zm10060.3 0c-26.7,51.5 -58.1,112.7 -89.9,173.9 -25.6,-39 -76,-81.1 -71.9,-116.7 7.3,-66.3 46.3,-128.7 71.9,-193.2 26,39.4 51.9,78.6 89.9,136zm-53467 14854.7c-30.4,-19 -90.4,-37.9 -91.9,-60.4 -4.7,-69 -39.2,-158 49.9,-197.7 20.9,-9.5 93.3,32.7 95,54.3 4,68.8 37.5,152.1 -53,203.8zm70324.9 16735.4c6.4,75.2 -10.2,142.5 -100.7,127.1 -24.4,-4.2 -44.7,-77.9 -52,-122.2 -13,-74.1 8.4,-142.3 99,-126.7 24.3,4 36.3,79.5 53.7,121.8zm-5726.6 0c6.4,75.2 -10.3,142.5 -100.9,127.1 -24.3,-4.2 -44.5,-77.9 -52.3,-122.2 -12.5,-74.1 8.7,-142.3 99.3,-126.7 24.3,4 36.3,79.5 53.9,121.8zm-10369.6 0c6.2,75.2 -10.4,142.5 -101.1,127.1 -24.2,-4.2 -44.3,-77.9 -51.9,-122.2 -13.1,-74.1 8.3,-142.3 98.9,-126.7 24.3,4 36.7,79.5 54.1,121.8zm-37668.2 135.1c-30.3,-19.1 -90.2,-38 -91.8,-60.7 -4.7,-68.6 -38.9,-157.9 49.9,-197.7 21.1,-9.2 93.9,32.9 95.1,54.1 4.2,69.2 37.2,152.5 -53.2,204.3zm-11092.6 -31348.5c-18.5,28.5 -44.5,67.7 -70.1,106.7 -26,-63.9 -65,-126.7 -72.4,-192.6 -3.5,-36.3 46.4,-77.9 72.4,-117.1 61.5,49.6 91.9,112.2 70.1,203zm469.4 -66.3c13.3,83 -16,134.2 -88.6,159.9 -21.2,-63.3 -55.7,-125.8 -59,-189.8 -2,-34.5 45.6,-97 78.4,-102.2 144.7,-23.8 35.4,97.4 69.2,132.1zm13409.2 150.5c-30.3,-18.9 -90.2,-37.6 -91.5,-60.4 -5.1,-69 -39,-158 49.4,-197.6 21,-9.6 93.8,32.7 94.9,54 4.6,68.8 37.8,152.1 -52.8,204zm8357.9 -264.7c90.4,52.1 56.8,135.3 52.8,204.3 -1.4,21.2 -74,63.7 -94.9,54.2 -88.8,-40.1 -54.5,-129 -49.6,-197.8 1.3,-23.1 61.4,-41.8 91.7,-60.7zm29617.8 114.2c13.2,83 -16.2,134.2 -88.8,159.9 -21.2,-63.3 -55.5,-125.8 -58.8,-189.8 -2,-34.5 45.5,-97 78,-102.2 144.9,-23.8 35.8,97.4 69.6,132.1zm-14295.5 30950.4c-30.1,-19 -90.2,-37.6 -91.8,-60.4 -4.5,-69 -38.7,-158 50.1,-197.7 20.9,-9.5 93.3,32.5 94.8,54.3 4.1,68.6 37.7,152.1 -53.1,203.8zm-9694.5 -150.5c13.3,83 -15.9,134.2 -88.6,159.8 -21.2,-63.2 -55.5,-125.8 -58.9,-189.5 -2,-34.5 45.5,-97 78.2,-102.4 144.9,-23.6 35.6,97.6 69.3,132.1zm15898.7 -16535.3c14.9,66.2 48,133.2 40.2,194.6 -8.9,70.6 -64.5,131.6 -148,101.8 -15,-5.8 1.1,-90.7 -3.2,-138.3 -6.6,-75 17.9,-127.4 111,-158.1zm-31838.2 16556.4c-17.8,42.3 -29.8,117.1 -54.1,121.4 -90.6,15.8 -111.8,-52.6 -99,-126.5 7.9,-44.3 27.6,-118.2 52.1,-122.2 90.4,-15.8 107.2,51.4 101,127.3zm-464.6 0c-17.6,42.3 -29.6,117.1 -53.9,121.4 -90.4,15.8 -111.6,-52.6 -98.7,-126.5 7.2,-44.3 27.4,-118.2 51.7,-122.2 90.6,-15.8 107.5,51.4 100.9,127.3zm-9298.5 -22.2c37.7,-57.3 63.8,-96.4 89.6,-135.6 25.8,63.7 64.8,126.4 71.9,192.6 4.2,36.2 -46.1,78.1 -71.9,117.1 -31.6,-61.2 -63.1,-122.1 -89.6,-174.1zm61234.2 -134.1c-98.8,-63 -105.3,-153.2 -71.2,-246.2 22.9,-63 77.5,-73.3 96.8,-25.9 25.4,61.9 25.6,133 43.7,198.4 19.8,73.3 -1.1,96.2 -69.3,73.7zm-19589.8 -174.5c12.9,83 -16.2,134.5 -89,160 -21.4,-63.4 -55.3,-125.8 -58.8,-190.1 -2,-33.6 45.7,-96.6 78.4,-102.2 144.9,-23.1 35.6,97.8 69.4,132.3zm-830 150.7c-30.3,-19.1 -90.4,-37.6 -91.7,-60.4 -4.9,-69 -39,-158.2 49.6,-197.7 21.1,-9.5 93.5,32.6 95.1,53.9 4,68.8 37.4,152.5 -53,204.2zm-23005.1 -30176.5c13.2,82.9 -16.2,134.3 -88.6,159.7 -21.8,-63 -55.6,-126 -59,-189.7 -2,-34.3 45.6,-96.9 78.2,-102.2 144.9,-23.4 35.6,97.7 69.4,132.2zm20584.7 30025.8c13.5,83 -15.9,134.5 -88.7,160 -21.4,-63.4 -55.6,-125.8 -59.2,-190.1 -1.5,-33.6 46.1,-96.6 78.6,-102.2 144.9,-23.1 35.6,97.8 69.3,132.3zm-32568.9 174.5c-98.4,-63 -105.1,-153.2 -71,-246.2 23.1,-63 77.6,-73.3 96.6,-25.9 25.6,61.9 26.3,133 43.9,198.4 20,73.3 -1,96.2 -69.5,73.7zm-4884.1 -153.2c-17.8,42.1 -29.8,117.2 -54.3,121.4 -90.4,15.4 -111.6,-52.8 -98.5,-127.1 7.6,-44.1 27.4,-117.8 51.7,-121.8 90.6,-15.6 107.3,51.8 101.1,127.5zm38160.7 -156.5c-99.2,-62.8 -105.5,-153 -71.4,-246 23.1,-63 77.5,-73.5 97,-26.1 25.4,62.1 25.6,133.2 43.2,198.6 19.9,73.3 -0.6,96.2 -68.8,73.5zm-1215 -303.4c15.4,66.3 48.1,133.1 40.3,194.7 -9.1,70.4 -64.7,131.6 -148,101.2 -15,-5.2 1.3,-90.2 -2.9,-137.7 -7.1,-75 17.8,-127.7 110.6,-158.2zm-9396.3 150.4c-17.6,42.4 -29.4,117.2 -53.5,121.4 -90.8,15.4 -112,-53 -99.2,-126.7 7.3,-44.1 27.6,-118.2 52,-122 90.5,-15.8 107.1,51.9 100.7,127.3zm20335.4 -293.2c3,1.8 78.7,31.9 75.7,43.6 -29.1,123 -134.6,79.8 -218.1,94 -74.2,12.9 -105.4,-6.9 -69.9,-73 34.4,-62.8 93.9,-105.1 212.3,-64.6zm-58163.3 -28983.5c24.3,82 56.7,147.2 58.5,214 1.2,38.1 -46.9,77.7 -72.6,117.1 -25.8,-63.9 -64.7,-126.4 -72.1,-192.6 -3.6,-35.8 46.3,-77.7 86.2,-138.5zm71104.3 28806.5c6.1,75.7 -10.6,143 -101,127.2 -24.5,-4.3 -44.6,-78 -52.1,-122.1 -12.8,-73.9 8.4,-142.3 99,-126.7 24.3,4.1 36.5,79.1 54.1,121.6zm-32966.7 -613.4c-17.4,42.5 -29.8,117.3 -54.1,121.6 -90.4,15.6 -111.8,-52.6 -98.9,-126.9 7.8,-44.3 28.1,-118 52.1,-121.8 90.4,-15.8 107.6,51.4 100.9,127.1zm-8415.8 -27375.1c90.4,51.9 56.8,135.4 52.8,204 -1.4,21.2 -74,63.5 -94.9,54.3 -88.4,-40.1 -54.7,-129.1 -49.7,-197.9 1.4,-23 61.3,-41.6 91.8,-60.4zm677.1 26905.1c6.2,75.2 -10.3,142.7 -100.9,127.3 -24.3,-4.2 -44.3,-77.9 -51.9,-121.8 -13.1,-74.1 8.1,-142.7 98.9,-126.9 24.1,4.1 36.3,78.9 53.9,121.4zm-8725.3 -129.4c90.6,51.7 56.8,135 53,203.8 -1.3,21.5 -73.7,63.9 -94.9,54.5 -89.2,-39.9 -54.5,-129.3 -49.9,-197.7 1.6,-23 61.7,-41.7 91.8,-60.6zm21817.6 -26819.9c24.5,81.9 56.8,147.6 58.6,213.9 1.1,38.5 -46.8,78.2 -72.4,117.1 -26.2,-63.9 -65.2,-126.4 -72.1,-192.3 -4.4,-36.1 45.9,-78 85.9,-138.7zm28174 44.2c90.6,51.9 57.2,135.4 52.8,204 -1.2,21.2 -73.7,63.5 -94.7,54.3 -88.8,-40.1 -54.5,-129.1 -49.6,-197.9 1.7,-23 61.4,-41.6 91.5,-60.4zm-10547.5 26433.1c-40.9,-3.2 -111.7,2.4 -175,-17 -73.9,-22.9 -74.3,-79.2 0.2,-99 63.5,-17.4 138.8,-17.4 201.8,0 74.8,19.8 71.7,66.8 -27,116zm-52543.8 -26009.4c13.1,82.7 -15.9,133.9 -88.4,159.9 -21.8,-63.6 -55.7,-126 -59.3,-190.1 -1.7,-34.1 45.9,-96.9 78.6,-102.2 144.6,-23.4 35.5,97.5 69.1,132.4zm49064.9 20.8c-17.6,42.9 -29.6,117.3 -53.9,121.8 -90.4,15.5 -111.6,-52.8 -98.8,-127 7.7,-43.8 27.6,-118 51.8,-121.8 90.6,-15.7 107.4,51.3 100.9,127zm-2031.3 25749.4c-1.8,3.2 -32,78.9 -43.4,76.4 -123.1,-29.4 -80.1,-134.9 -94.4,-218.6 -12.7,-73.9 7.3,-105.4 73,-70 63.1,34.3 105.4,94.4 64.8,212.2zm-5694.9 -40.7c-37.9,57.6 -63.8,96.6 -90,135.8 -25.6,-64.3 -64.4,-126.7 -71.7,-193 -4.2,-35.9 46.1,-77.7 71.7,-116.9 31.8,61.2 63.2,122.2 90,174.1zm-18759.4 40.7c-1.7,3.2 -31.8,78.9 -43.2,76.4 -123.1,-29.4 -79.9,-134.9 -94.4,-218.6 -12.7,-73.9 7.2,-105.4 72.8,-70 63.1,34.3 105.6,94.4 64.8,212.2zm-24588.1 -25529.2c-62.6,98.8 -153,105.1 -246,71.4 -63.3,-23.3 -73.5,-77.7 -25.8,-97 61.6,-25.2 132.9,-25.6 197.9,-43.4 73.4,-19.9 96.8,0.6 73.9,69zm10699.7 23.4c-82.1,24.2 -147.5,56.5 -214.1,58 -38.1,1.4 -78.2,-46.5 -116.9,-72.1 63.7,-26 126.4,-65 192.6,-72.1 36,-4.2 77.5,46.1 138.4,86.2zm-3269.1 24517.1c42.5,17.7 117.5,29.8 121.5,54.1 15.6,90.6 -52.5,112.1 -126.4,98.8 -44.4,-7.3 -118.3,-27.6 -122.5,-51.7 -15.1,-90.8 52.1,-107.3 127.4,-101.2zm5655.6 -24143.1c-98.9,-62.6 -105.1,-153.4 -71.3,-245.8 23.4,-63.2 77.7,-73.5 96.9,-26.1 25.1,61.7 25.8,133.2 43.4,198.4 20,73.3 -0.9,96.2 -69,73.5zm-10633.5 24240.1c-51.9,90.4 -135.4,57 -204.1,52.8 -21.4,-1.1 -63.5,-73.9 -54.2,-94.7 39.9,-88.8 129,-54.9 197.8,-50 22.5,1.7 41.4,61.4 60.5,91.9zm19367 -24414.2c13.3,83 -15.9,134.2 -88.6,159.9 -21.2,-63.3 -55.5,-125.8 -58.8,-190 -2.2,-34.3 45.6,-96.8 78.3,-102.2 144.8,-23.6 35.5,97.6 69.1,132.3zm13708.6 174.1c-98.8,-62.6 -105.1,-153.4 -71.2,-245.8 22.9,-63.2 77.7,-73.5 96.8,-26.1 25.2,61.7 25.7,133.2 43.5,198.4 20,73.3 -0.7,96.2 -69.1,73.5zm12546.7 -23.6c-30.3,-18.9 -90,-37.6 -91.5,-60.6 -5.1,-68.8 -39,-157.8 49.4,-197.9 21,-9.3 93.8,33 94.9,54.3 4.6,69 37.6,152.1 -52.8,204.2zm16096.6 24144.4c-30.3,-18.9 -90.4,-37.4 -91.5,-60.6 -5.3,-68.8 -39,-157.8 49,-197.7 21.4,-9.4 94,33 95.3,54.3 4.5,68.6 37.6,152.1 -52.8,204zm-40246.5 -308.8c24.4,82.3 56.7,147.6 58.7,214.1 0.9,38.3 -47.1,78.2 -72.5,117 -26.1,-63.7 -65,-126.5 -72.2,-192.7 -3.8,-36 46.1,-77.7 86,-138.4zm11807 -23598.7c-2.2,3.8 -32.1,79 -43.4,76.2 -123.4,-29.4 -80.4,-134.8 -94.7,-218.5 -12.6,-73.9 7.2,-104.9 73.1,-69.7 63.2,34.3 105.5,94 65,212zm-22565.4 23794.6c-38,57.2 -63.9,96.4 -89.5,135.2 -25.8,-63.9 -64.8,-126.5 -72.5,-192.4 -3.4,-35.9 46.7,-78 72.5,-116.9 31.2,61 62.8,122.2 89.5,174.1zm-13787 -16.5c-17.4,42.3 -29.8,117.4 -54.3,121.6 -90.4,15.6 -111.6,-53 -98.5,-126.9 7.4,-44.3 27.4,-118 51.7,-122 90.6,-15.2 107.6,51.8 101.1,127.3zm51075 -315.1c6.3,75.1 -10.4,142.6 -100.8,127 -24.5,-3.8 -44.4,-77.9 -52.1,-122.1 -12.8,-73.4 8.4,-142.2 99.3,-126.4 24,4 36.3,78.8 53.6,121.5zm7075.4 -23202.9c14.3,63.2 47.3,129.8 39.2,192.1 -8.7,70.1 -64.1,131.1 -147.4,101.1 -15.5,-5.8 0.7,-90.4 -3.1,-138 -6,-74.4 14.9,-129.2 111.3,-155.2zm6680.3 204.3c-2.3,3.2 -32.3,78.9 -43.7,76 -123.1,-29.2 -80.1,-134.9 -94.4,-218 -12.5,-74.2 7.4,-105.7 73.3,-70.1 62.8,34.2 105.1,94.2 64.8,212.1zm-56031 22479c-52.2,90.6 -135.2,57 -204.4,53 -21.2,-1.4 -63.5,-73.9 -54.2,-95.3 40.1,-88.6 129,-54.3 197.8,-49.5 23.1,1.4 41.8,61.5 60.8,91.8zm7741.5 -22169.5c-1.7,3.2 -32,78.9 -43.6,76.2 -122.5,-29.2 -79.7,-134.7 -94.4,-218.4 -12.7,-74 7.4,-105.4 73.3,-69.7 63,34 105.3,93.7 64.7,211.9zm32838.3 -108c18.9,-28.4 44.8,-67.4 70.6,-106.8 25.4,64.3 64.6,126.7 71.9,193 4.2,35.9 -46.5,77.7 -71.9,116.9 -61.7,-49.7 -91.9,-112 -70.6,-203.1zm5564.8 22023.2c6.4,75.7 -10.3,142.8 -100.9,127.1 -24.3,-4 -44.3,-77.9 -51.9,-122.2 -12.9,-73.9 8.3,-142.3 98.9,-126.5 24.3,3.9 36.7,79.1 53.9,121.6zm-21203.9 0c6.5,75.7 -10.2,142.8 -100.8,127.1 -24.1,-4 -44.3,-77.9 -51.9,-122.2 -13.1,-73.9 8.3,-142.3 98.7,-126.5 24.4,3.9 36.4,79.1 54,121.6zm-30954.4 157.4c-145.4,11.2 -163.6,-88.1 -152,-192.1 8.7,-77.3 57.8,-134.7 152,-117.4l0 309.5zm46077.9 -15621.5c14.7,62.9 47.2,129.9 39.8,191.7 -9.3,70.2 -64.8,131.2 -148,101.1 -15.4,-5.3 0.8,-90.1 -3,-137.8 -5.9,-74.1 14.5,-129.3 111.2,-155zm-12181.5 14916c-62.6,98.6 -153.2,105.3 -245.7,71.2 -63.6,-23.2 -73.8,-77.5 -26,-96.8 61.7,-25 132.7,-26.1 197.9,-43.7 73.5,-20 96.4,0.9 73.8,69.3zm-38944.3 -49c3.5,2 78.6,32.3 76.1,43.4 -29.1,123.3 -134.3,80.1 -218.2,94.4 -73.9,12.7 -105.5,-7.1 -69.7,-73.2 33.7,-62.6 93.8,-105.4 211.8,-64.6zm59624.8 -306.4c90.2,51.9 57,135.4 52.8,204.2 -1.3,21.3 -74.2,63.6 -95.1,54.1 -88.6,-39.9 -54.3,-128.7 -49.6,-197.7 1.5,-22.8 61.4,-41.7 91.9,-60.6zm-19952.7 -15.2c15.1,66.2 48.1,133.2 39.9,194.6 -8.9,70.6 -64,131.9 -147.5,101.8 -15.5,-5.8 1.2,-90.6 -3.3,-138.3 -6.9,-74.8 17.6,-127.5 110.9,-158.1zm-3515 -164.7c6.2,75.2 -10.3,142.7 -100.9,127.1 -24.3,-4.2 -44.3,-77.7 -51.9,-122.2 -13.1,-73.7 8.1,-142.3 98.9,-126.5 24.1,4 36.7,79.3 53.9,121.6zm-3294.6 -141.6c14.7,62.8 47.4,130.2 39.7,191.5 -8.8,70.1 -64.6,131.3 -147.7,101.5 -15.4,-5.4 0.9,-90.4 -3.1,-138 -6.2,-73.8 14.7,-129.4 111.1,-155zm-4753.6 147c-17.8,42.5 -29.6,117.7 -54.1,121.7 -90.4,15.6 -111.6,-52.7 -98.6,-126.6 7.5,-44.2 27.5,-117.8 51.8,-122.3 90.6,-15.3 107.3,52.1 100.9,127.2zm-13787.1 -21.9c37.9,-57.2 63.9,-96.4 89.8,-135.4 25.8,64 64.7,126.5 72.1,192.7 4,35.6 -46.3,77.7 -72.1,116.6 -31.6,-61 -63.1,-121.8 -89.8,-173.9zm-10976.5 16.5c6.2,75.2 -10.4,142.7 -100.9,127.1 -24.4,-4.2 -44.3,-77.7 -52,-122.2 -12.9,-73.7 8.2,-142.3 99,-126.5 24.1,4 36.3,79.3 53.9,121.6zm-631.4 -16.5c38,-57.2 63.7,-96.4 89.3,-135.4 26.4,64 65,126.5 72.5,192.7 4,35.6 -46.1,77.7 -72.5,116.6 -31.2,-61 -62.8,-121.8 -89.3,-173.9zm21989.8 -14222.8c6.6,75.7 -10.1,142.8 -100.5,127.2 -24.4,-4 -44.5,-77.7 -52.3,-122 -12.7,-74 8.5,-142.5 98.9,-126.7 24.4,4.2 36.7,79.4 53.9,121.5zm38635.2 14064.8c-30.1,-19 -89.8,-37.7 -91.5,-60.8 -4.9,-68.4 -39.2,-157.7 49.8,-197.7 21,-9.2 93.6,33.1 94.9,54.3 4,69 37.6,152.5 -53.2,204.2zm-4896.4 -150.4c13,82.9 -15.8,134.3 -88.6,159.5 -21.6,-63.3 -55.8,-125.6 -58.8,-189.7 -2,-33.9 45.3,-96.9 78,-102 145.1,-23.8 36,97.7 69.4,132.2zm753.3 -20005.5c-51.9,90.4 -135.4,56.8 -204,52.8 -21.3,-1.3 -63.6,-73.7 -54.3,-94.8 39.9,-89.1 129.1,-54.4 197.9,-50.1 23,1.8 41.5,61.9 60.4,92.1zm-43006.6 20005.5c13.6,82.9 -15.8,134.3 -88.2,159.5 -21.5,-63.3 -55.6,-125.6 -59,-189.7 -2,-33.9 45.5,-96.9 78.2,-102 144.7,-23.8 35.6,97.7 69,132.2zm-13675.9 -114.4c90.6,52.1 57,135.6 52.9,204 -1.1,21.6 -73.9,63.9 -94.6,54.5 -89.2,-39.9 -54.8,-128.9 -49.9,-197.9 1.6,-22.8 61.3,-41.5 91.6,-60.6zm-6275.3 -19697.4c-26.7,51.3 -57.9,112.7 -89.7,173.5 -25.8,-39 -76.3,-80.6 -72.3,-116.5 7.3,-66.1 46.5,-128.8 72.3,-192.8 26.1,39.2 51.7,78.4 89.7,135.8zm39242.2 151.5c-30.7,-19 -90.4,-37.9 -92.1,-60.8 -4.5,-68.8 -38.8,-157.7 49.8,-197.8 20.9,-9.5 93.8,33 95.3,54.2 3.8,68.6 37.2,152.2 -53,204.4zm-14503.1 19194.8c37.9,-57.5 63.7,-96.4 89.8,-135.6 25.6,64.3 64.7,126.7 71.9,193 4.2,35.7 -46.3,77.7 -71.9,116.7 -31.5,-61.2 -63.3,-122.4 -89.8,-174.1zm42170.5 -10795.5c3.1,1.8 78.8,32.1 76.2,43.4 -29.2,123.1 -134.9,79.9 -218.5,94.4 -73.9,12.7 -105.5,-7.3 -69.9,-73.2 34.1,-62.8 93.8,-105.2 212.2,-64.6zm-4926.1 10661.4c-98.9,-62.7 -105.2,-153.3 -71.3,-246 23.1,-63.2 77.7,-73.7 96.9,-26.3 25.3,62 25.6,133.2 43.6,198.6 19.6,73.3 -0.9,96.2 -69.2,73.7zm-19607.2 -96.4c-2.2,3.2 -32.1,78.8 -43.7,76.2 -123.1,-29.2 -80.1,-134.7 -94.4,-218.4 -12.6,-73.9 7.2,-105.3 73.1,-70 63.2,34.4 105.5,94.4 65,212.2zm-3387.7 -78.1c12.9,83 -16.2,134.5 -89,159.9 -20.8,-63.1 -55.2,-125.8 -58.6,-190.2 -2,-33.8 45.6,-96.4 78.4,-101.7 144.9,-23.4 35.6,97.7 69.2,132zm-38735.6 -18853.7c14.5,63.6 47.2,130.4 39.4,191.9 -9.1,70.3 -64.2,131.1 -147.8,101.3 -15.4,-5.3 1,-90.2 -2.7,-137.8 -6.1,-73.9 14.2,-129.4 111.1,-155.4zm41832.9 18717.2c0,-50.5 1.6,-101.3 -0.8,-151.8 -2.9,-75.3 8.6,-146.3 103.7,-125 25.4,5.6 42.5,80.2 49.9,125.2 8.6,49.4 2.2,101.1 2.2,151.6l-155 0zm-3095.5 0c0,-50.5 1.8,-101.3 -0.4,-151.8 -3.1,-75.3 8.4,-146.3 103.1,-125 25.6,5.6 42.5,80.2 50.1,125.2 8.8,49.4 2,101.1 2,151.6l-154.8 0zm-13987.6 -287.2c90.6,51.9 57.4,135.6 53.2,204.1 -1.4,21.6 -74,63.7 -95.1,54.2 -88.4,-39.5 -54.6,-128.7 -49.5,-197.5 1.2,-23 61.1,-41.5 91.4,-60.8zm-9272.6 -12858c14.7,62.9 47.4,129.9 39.4,191.7 -8.7,70.2 -64.3,131.2 -147.6,101.1 -15.2,-5.3 0.6,-90.1 -3.2,-137.8 -5.7,-74.1 15,-129.3 111.4,-155zm31308.4 -5115.1c-17.3,42.2 -29.6,117.3 -54.1,121.5 -90.6,15.6 -111.8,-52.7 -98.8,-126.7 7.7,-44.3 27.8,-118.2 52,-122 90.7,-15.8 107.1,51.5 100.9,127.2zm-34516.4 9575.1c13.1,82.8 -15.6,134.2 -88.6,159.4 -21.2,-63 -55.5,-125.6 -59,-189.7 -1.6,-34.1 45.8,-96.6 78.4,-101.9 144.7,-23.7 35.6,97.5 69.2,132.2zm1240.4 172.5l0 -309.6c145.2,-11 163.6,88.8 151.8,192.7 -8.8,77.1 -57.8,134.6 -151.8,116.9zm466.9 -9595.6c42.7,17.8 117.6,29.8 121.6,53.9 15.8,90.6 -52.6,111.8 -126.9,98.9 -43.9,-7.6 -117.4,-27.7 -121.8,-52.1 -15.6,-90.6 51.8,-107.1 127.1,-100.7zm32047.6 9460.3c-38,57.2 -63.9,96.4 -89.7,135.3 -25.8,-63.8 -64.6,-126.4 -71.9,-192.3 -4.2,-35.9 46.1,-77.9 71.9,-116.9 31.6,60.8 63,122 89.7,173.9zm3545.5 8011c13,82.8 -15.8,134.2 -88.6,159.4 -21.4,-63.2 -55.8,-125.6 -59,-189.7 -1.8,-34 45.7,-96.6 78.2,-102 145.1,-23.6 35.8,97.6 69.4,132.3zm-47049 -17164.7c6.3,75.5 -10.4,142.9 -100.9,127.2 -24.4,-3.9 -44.5,-78 -52,-121.9 -12.9,-74.1 8.2,-142.4 99,-126.9 24.3,4.1 36.5,79.3 53.9,121.6zm8609.3 17005.3c-30.3,-18.9 -90.2,-37.6 -91.7,-60.6 -4.9,-68.6 -38.8,-157.8 49.6,-197.7 21,-9.4 93.8,33 94.9,54.3 4.4,69 37.4,152.1 -52.8,204zm3554.2 -12380.6c24.5,81.9 56.6,147.2 58.8,213.7 1.1,38.3 -46.6,78.2 -72.6,117 -26,-63.7 -65,-126.3 -72.1,-192.6 -3.8,-35.9 46.1,-77.5 85.9,-138.1zm11207.2 -4467.1c-145,10.9 -163.2,-88.3 -151.6,-192.1 8.2,-77.3 57.2,-135.1 151.6,-117.8l0 309.9zm-3714.3 16254.1c-17.8,42.1 -29.8,117.5 -54.1,121.5 -90.6,15.6 -111.8,-52.7 -99.1,-126.8 7.6,-44.4 27.8,-117.9 52.1,-122.1 90.6,-15.5 107.3,51.9 101.1,127.4zm-17025.3 -16254.1c145.2,-10.8 163.6,88.2 151.9,192.2 -8.8,77.2 -57.7,134.7 -151.9,117.6l0 -309.8zm14645.6 287.1c-30.3,-18.8 -90.4,-37.5 -91.9,-60.4 -4.7,-68.8 -39,-157.9 50,-197.9 20.8,-9.2 93.3,33.1 94.7,54.3 4,68.4 37.8,152.1 -52.8,204zm52016.8 15506.8c15.4,66.3 48.3,133.3 40.1,195 -9.3,70.2 -64.5,131.6 -147.6,101.7 -15.8,-5.7 0.9,-90.6 -3.3,-138.2 -6.7,-75 17.6,-127.6 110.8,-158.5zm-55995.6 167c26.9,-51.9 58.4,-112.9 90.2,-174.1 25.4,39.4 75.9,81 71.9,116.8 -7.3,66.2 -46.5,128.9 -71.9,192.6 -26.1,-38.7 -51.9,-78.1 -90.2,-135.3zm-12226.5 0c26.1,-51.9 57.7,-112.9 89.5,-174.1 25.4,39.4 75.7,81 71.9,116.8 -7.1,66.2 -46.5,128.9 -71.9,192.6 -25.6,-38.7 -51.8,-78.1 -89.5,-135.3zm64532.8 -269.2c-2,3.8 -31.9,79 -43.2,76.3 -123.1,-29.3 -79.9,-134.9 -94,-218.1 -13.1,-73.8 6.9,-105.6 72.8,-70 62.8,34.1 105.1,94 64.4,211.8zm-32494.9 -78.8c37.8,-57 63.8,-96.5 89.5,-135.4 25.8,63.7 64.8,126.5 72.3,192.6 3.4,36 -46.5,77.5 -72.3,116.7 -31.4,-60.9 -63,-122.1 -89.5,-173.9zm-12371.5 1.1c13.2,83 -16.2,134.2 -88.6,159.6 -21.6,-63.2 -55.7,-125.6 -59,-189.9 -2,-33.9 45.6,-96.4 78.1,-101.8 144.8,-23.6 35.7,97.6 69.5,132.1zm-5898.7 -15316.5c51.6,26.5 112.9,58.1 173.9,89.5 -39,25.8 -81.1,75.9 -117.1,72.1 -65.9,-7.1 -128.3,-46.3 -192.4,-72.1 39,-25.8 78.2,-51.8 135.6,-89.5zm23402.3 14851.3c-26.7,51.5 -58.4,112.9 -90,173.7 -25.6,-38.9 -75.9,-80.8 -71.9,-116.7 7.1,-65.9 46.3,-128.7 71.9,-193 25.9,39.4 52.1,78.4 90,136zm-37005.2 -14547.8c13.3,82.8 -15.6,134.2 -88.6,159.8 -21.2,-63.2 -55.7,-126 -58.8,-189.9 -2,-34 45.4,-97 78.1,-102.2 145,-23.4 35.7,97.6 69.3,132.3zm48078.5 14389.5c-30.4,-18.9 -90.4,-37.6 -91.7,-60.7 -4.9,-68.6 -38.9,-157.7 49.7,-197.3 20.9,-9.8 93.3,32.5 94.8,53.9 4.2,69 37.7,152.2 -52.8,204.1zm-43187.1 -14547.4c24.1,81.7 56.4,147 58.3,213.5 1.4,38.3 -46.7,78 -72.3,117.2 -26,-63.9 -65,-126.5 -72.2,-192.8 -4,-35.9 46.2,-77.5 86.2,-137.9zm27284 14474.8c-1.6,3.6 -32,78.9 -43.2,76.4 -123.5,-29.4 -79.9,-134.9 -94.8,-218.4 -12.7,-73.9 7.3,-105.3 73.2,-70.1 63.2,34.5 105.5,94.1 64.8,212.1zm-4471.1 -77.7c13.4,82.7 -15.6,134.1 -88.4,159.9 -21.5,-63.4 -55.8,-126 -59,-189.9 -2.2,-34.3 45.5,-96.9 78.2,-102.2 144.9,-23.6 35.8,97.5 69.2,132.2zm-11818.8 -114c90.7,51.7 57.3,135 53.2,203.8 -1.5,21.4 -74.1,63.7 -95.2,54.3 -88.7,-39.9 -54.6,-129.1 -49.9,-197.7 1.8,-22.9 61.6,-41.6 91.9,-60.4zm-2631.1 264.3c-30.4,-18.9 -90.3,-37.6 -91.9,-60.7 -4.7,-68.6 -38.5,-157.7 49.7,-197.3 21.3,-9.8 93.7,32.5 95.2,53.9 4,69 37.5,152.2 -53,204.1zm45039.2 -14503.9c90.4,52.1 57.2,135.6 52.6,204.3 -1.2,21.2 -73.8,63.7 -94.7,54.4 -89.1,-40.1 -54.5,-129.4 -50.1,-197.8 1.8,-23.1 61.9,-41.8 92.2,-60.9zm1697 -43.5c24.1,81.7 56.4,147.2 58.6,213.5 0.9,38.3 -46.7,78 -72.6,117.2 -25.8,-63.9 -65,-126.5 -71.9,-192.8 -4.2,-35.9 45.7,-77.5 85.9,-137.9zm5313.4 194.9c26.5,-51.5 58.3,-112.5 89.5,-173.5 26.1,39 76.2,80.6 72.4,116.5 -7.3,66.3 -46.3,128.9 -72.4,193 -25.6,-39 -51.6,-78.4 -89.5,-136zm-48120.8 -28893.2c-62.8,98.9 -153.3,105.2 -245.9,71.1 -63.4,-23.2 -73.4,-77.5 -26.2,-96.6 61.9,-25.6 133.1,-26.1 198.4,-43.9 73.2,-19.6 96.1,1.1 73.7,69.4zm27193.6 42656.2c15.5,66.3 48.2,133.6 40.2,195.2 -8.7,70.1 -64.5,131.2 -147.8,101.3 -15.2,-5.8 1.3,-90.4 -2.7,-138 -7.1,-74.8 17.6,-127.4 110.3,-158.5zm-18994.1 -13490.5c13.4,83 -15.7,134.2 -88.6,159.8 -21.3,-63.2 -55.6,-125.8 -58.8,-189.7 -2,-34.5 45.5,-97 78,-102.4 144.9,-23.6 35.8,97.6 69.4,132.3zm21515.6 13483.5l-309.5 0c-11.2,-145.3 88.1,-163.4 192.1,-151.6 77.3,8.1 135.2,57.2 117.4,151.6zm-14236.6 -154.9c42.7,17.6 117.8,29.6 121.6,53.7 15.6,90.8 -52.4,112.2 -126.5,99.2 -44.3,-7.5 -117.8,-27.6 -122.3,-52.1 -15.5,-90.4 52.1,-107.1 127.2,-100.8zm-30492.9 -9441.1c23.2,-117.1 -76.8,-296.2 154.8,-309.7 -23.4,117.5 76.6,296.5 -154.8,309.7zm2779 -3511.5c-18.7,28.3 -44.6,67.3 -70.8,106.7 -25.6,-63.9 -64.6,-127.1 -71.8,-193 -4,-35.9 46.2,-77.8 71.8,-116.9 62.1,50 92.1,112 70.8,203.2zm5675.6 -180.8c90.6,52.2 56.8,135.4 52.8,204.4 -1.4,21.2 -73.8,63.5 -94.9,54.3 -88.4,-40.2 -54.5,-129.3 -49.7,-197.9 1.4,-23.1 61.5,-41.8 91.8,-60.8zm39370.2 12975.8c6.4,75.6 -10.3,142.7 -100.9,127.3 -24.3,-3.8 -44.3,-77.9 -51.9,-122.4 -13.1,-73.3 8.3,-141.9 98.9,-126.3 24.3,4 36.5,78.8 53.9,121.4zm-41632.6 -12620.2c-63,98.7 -153.2,105.1 -245.8,71.1 -63.2,-22.8 -73.5,-77.5 -26,-96.7 61.8,-25.2 132.9,-26 198.3,-43.9 73.1,-19.6 96.2,1.2 73.5,69.5zm58515 12294.4c-26.6,51.7 -58,112.7 -89.6,173.9 -25.3,-39.2 -75.7,-81 -71.9,-116.7 7.2,-66.5 46.6,-128.5 71.9,-192.8 25.7,39.2 51.9,78 89.6,135.6zm-11620.1 21.8c-17.3,42.8 -29.5,117.6 -53.8,121.6 -90.6,15.8 -112,-52.6 -98.9,-126.5 7.6,-44.3 27.6,-118 51.9,-122.2 90.4,-15.6 107.3,51.9 100.8,127.1zm-6488 -22c-26.7,52.1 -58.4,112.9 -90,173.9 -25.8,-38.8 -76.1,-80.6 -71.9,-116.7 7.2,-66.1 46.1,-128.5 71.9,-192.6 25.9,39 51.9,78.2 90,135.4zm-7905.9 16.5c6.4,75.4 -10.1,143.1 -100.7,127.1 -24.3,-4 -44.3,-77.7 -52.5,-121.8 -12.5,-74.3 8.7,-142.7 99.3,-126.7 24.2,3.8 36.3,79 53.9,121.4zm-8364.9 -12021.2c-18.6,28.2 -44.5,67.6 -70.1,106.6 -25.6,-64.3 -64.8,-126.7 -71.9,-193 -4.2,-35.9 46.3,-77.3 71.9,-116.7 61.5,49.4 91.8,112.2 70.1,203.1zm15793.9 11711.5c6.6,75.6 -10.3,143.1 -100.9,127.5 -24.1,-4.4 -44.1,-78.1 -51.7,-122.4 -13.1,-73.7 8.3,-142.1 99.1,-126.5 23.9,4.2 36.3,79.3 53.5,121.4zm-26932.3 -15.2c13.4,82.9 -16,134.3 -88.5,159.9 -21.7,-63.3 -55.5,-126 -59.1,-189.9 -1.8,-34.1 45.7,-96.9 78.4,-102 144.7,-23.2 35.6,97.5 69.2,132zm-16251.3 0c13.1,82.9 -15.4,134.3 -88.6,159.9 -21.2,-63.3 -55.7,-126 -58.8,-189.9 -2.2,-34.1 45.6,-96.9 78.2,-102 144.9,-23.2 35.8,97.5 69.2,132zm54170.6 -464.4c13.1,82.8 -15.7,134.4 -88.5,159.8 -21.5,-63 -55.2,-125.6 -59,-189.7 -1.9,-34.3 45.9,-96.8 78.2,-102.2 145,-23.6 35.9,97.6 69.3,132.1zm-43953.5 15.3c6.2,75.7 -10.1,143 -100.9,127.2 -24.1,-3.8 -44.3,-77.7 -51.9,-121.8 -13.1,-73.9 8.3,-142.5 98.9,-126.9 24.4,4.2 36.3,79.2 53.9,121.5zm-10512.4 -287.4c-37.8,57.2 -63.8,96.6 -89.7,135.6 -25.6,-63.9 -64.6,-126.7 -72.1,-192.6 -3.8,-35.9 46.5,-78 72.1,-116.7 31.6,60.8 63.1,122.2 89.7,173.7zm-4347.7 -37.4c13.2,82.8 -16,134.4 -88.8,159.9 -21.1,-63.5 -55.5,-126.1 -58.6,-189.8 -2.2,-34 45.5,-97 78.2,-102.2 144.7,-23.3 35.2,97.4 69.2,132.1zm45524.3 -10029.6c-51.4,-27 -112.8,-58.1 -173.6,-90 38.7,-25.6 80.6,-75.9 116.4,-71.9 66.2,7.4 128.9,46.3 192.8,71.9 -39.1,26.1 -78.3,52.1 -135.6,90zm-2695.2 9435.8c15.4,66.3 48.1,133.3 40.3,195.4 -9.1,69.8 -64.7,131 -148,101.1 -15,-5.7 1.3,-90.6 -2.9,-138.2 -7.1,-74.9 17.8,-127.6 110.6,-158.3zm-37255.6 302.3l0 -309.2c145.8,-11.4 163.6,88.3 152,191.9 -8.6,77.5 -57.6,134.9 -152,117.3zm34624.3 -611.8c15.4,66.5 48.3,133.3 40.4,194.8 -9,70.4 -64.6,131.6 -147.9,101.3 -15.4,-5.3 1.5,-90.2 -2.9,-137.8 -6.7,-74.6 17.6,-127.6 110.4,-158.3zm-34692.2 303.7c-99.1,-63 -105.2,-153.2 -71.3,-245.8 23.1,-63.3 77.7,-73.5 96.9,-25.9 25.3,61.7 25.5,132.7 43.2,198 20,73.4 -0.7,96.2 -68.8,73.7zm21678.4 -597.8c90.4,51.6 56.8,135.5 53,203.9 -1.5,21.4 -74.1,63.7 -95,54.1 -88.6,-39.6 -54.6,-128.7 -49.5,-197.5 1.2,-23.1 61.1,-41.6 91.5,-60.5zm5785.7 -109.1c-62.8,98.6 -152.8,105.1 -245.8,71.2 -63,-23.2 -73.5,-77.5 -25.7,-96.8 61.3,-25 132.8,-25.9 198,-43.5 73.3,-20 96.4,0.9 73.5,69.1zm-5286 28.4c-51.7,90.7 -135.2,57 -203.8,53.1 -21.7,-1.2 -63.9,-73.8 -54.5,-94.9 39.7,-88.6 129.2,-54.6 197.7,-50.1 22.9,1.6 41.6,61.7 60.6,91.9zm5916.3 -8318.5c-26.5,51.3 -58.3,112.7 -89.9,173.5 -25.5,-38.8 -75.8,-80.8 -71.8,-116.7 7.2,-65.9 46.3,-128.5 71.8,-193 26,39.6 52,78.4 89.9,136.2zm-11775.2 8069.9c-17.3,42.2 -29.6,117.5 -53.9,121.5 -90.6,15.6 -111.9,-52.7 -99,-127.1 7.7,-44.1 27.8,-117.3 52.1,-121.8 90.6,-15.4 107.3,51.9 100.8,127.4zm33386.2 -459.8c15.2,66.1 48.3,132.9 40.3,194.6 -9.1,70.3 -64.7,131.3 -148,101.3 -15.2,-5.2 1.3,-90.2 -2.9,-137.8 -7.1,-74.9 17.6,-127.8 110.6,-158.1zm-22310.8 303.4c-98.8,-62.9 -105.1,-153.1 -71.2,-245.7 23.3,-63.3 77.6,-73.5 97,-26.5 25.2,62.3 25.8,133.3 43.5,198.6 20,73.2 -0.9,96.3 -69.3,73.6zm-35065.4 -1.3c0,-50.5 2.2,-101.3 -0.3,-151.8 -3.1,-75.1 8.5,-146.3 103.6,-124.9 25.3,5.5 42,80.3 49.6,125.3 8.7,49.2 2.2,100.9 2.2,151.4l-155.1 0zm-2534.1 -22.2c-30.3,-19.2 -90.3,-37.7 -92.1,-60.8 -4.5,-68.4 -38.6,-157.7 49.8,-197.7 21.4,-9.4 94,32.9 95.3,54.3 4,68.6 37.6,152.1 -53,204.2zm9963.5 -7094.6c-17.2,42.7 -29.8,117.7 -53.9,121.7 -90.6,15.6 -112,-52.7 -98.9,-126.6 7.8,-44.3 27.5,-118 51.9,-122.1 90.6,-15.3 107.3,51.7 100.9,127zm51326.8 129.8c-30.3,-18.9 -90.4,-37.7 -91.9,-60.6 -4.7,-68.8 -39,-157.8 49.8,-197.9 20.8,-9.4 93.6,33.1 95.1,54.3 3.8,68.6 37.4,152.1 -53,204.2zm-35597.8 44.7c90.2,52.1 56.8,135.2 53,204.2 -1.6,21.2 -74.4,63.5 -95.3,54.5 -88.8,-40.2 -54.3,-129.7 -49.6,-197.9 1.5,-23.2 61.6,-41.8 91.9,-60.8zm41072.8 5701.3c6.3,75.7 -10.4,143.1 -101.2,127.1 -24.1,-4 -44.2,-77.5 -51.7,-122.2 -13.1,-73.8 8.4,-142.1 98.9,-126.3 24.4,4.2 36.7,79 54,121.4zm-32809.3 -5414.1c42.6,17.6 117.4,29.4 121.6,53.9 15.8,90.4 -52.5,112 -126.7,98.9 -44.1,-7.2 -118,-27.8 -122,-51.9 -15.6,-90.8 51.6,-107.5 127.1,-100.9zm-27610.4 5549.4c-30.2,-19.1 -90.2,-37.8 -91.5,-60.8 -4.9,-68.7 -39.2,-157.8 49.5,-197.4 21.3,-9.6 93.7,32.7 95,54 3.8,68.9 37.7,152.3 -53,204.2zm6810 -38228.7c-30.4,-19.1 -90.3,-38.2 -91.5,-60.7 -5.1,-69.1 -38.9,-157.9 49.5,-197.8 21.1,-9.5 93.9,32.8 95,54.1 4.5,68.6 37.5,152.3 -53,204.4zm17238 3269.5c6.2,75.2 -10.3,142.5 -100.9,127.5 -24.3,-4.6 -44.3,-77.7 -52.1,-122.2 -13.1,-74.3 8.3,-142.3 99.1,-126.7 24.1,4 36.1,78.9 53.9,121.4zm5668.3 135.3c-30.1,-18.9 -90.2,-37.6 -91.5,-60.7 -4.9,-68.6 -38.8,-157.7 49.6,-197.8 21.1,-9.3 93.7,33.2 95.1,54.2 4.2,68.7 37.4,152.3 -53.2,204.3zm-35133.4 34094.8c90.8,52 57.2,135.1 53,204.1 -1.4,21.2 -73.9,63.7 -94.9,54.3 -88.6,-40 -54.5,-128.9 -49.6,-197.9 1.3,-22.5 61.4,-41.6 91.5,-60.5zm13059.2 287.1c-145.2,10.8 -163.6,-88.1 -151.9,-191.9 8.5,-77.4 57.1,-135.1 151.9,-117.8l0 309.7zm58443.3 -36.4c-16.1,7.7 -31.2,11.1 -39.3,7.7 -88.5,-40.1 -54.7,-129.1 -49.6,-197.7 1.3,-22.3 58.1,-40.7 88.9,-58.8l0 248.8zm-18512 -38195.3c6.4,75.7 -10.3,143.1 -100.9,127.1 -24.4,-3.8 -44.3,-77.7 -51.9,-122.2 -12.9,-73.7 8.3,-142.3 98.7,-126.3 24.5,4 36.7,79.1 54.1,121.4zm-5262.4 5.7c-17.1,42.6 -29.4,117.4 -53.7,121.4 -90.6,15.8 -112.1,-52.6 -99.2,-126.5 7.8,-44.3 27.8,-117.8 52.1,-122.2 90.6,-15.4 107.3,51.7 100.8,127.3zm-31396.6 3501.9c18,-32.5 36.3,-65.9 55.2,-99.7 17.2,17.4 51.2,38 48.6,50.7 -8.5,36.6 -31.4,69.7 -48.6,104.2 -17.1,-17.3 -34.3,-34.5 -55.2,-55.2zm-44.5 -9905.5c-20.5,20.5 -37.9,37.8 -55,55 -17.2,-34.5 -40.7,-67.5 -48.6,-103.8 -2.6,-12.7 31.4,-33.4 48.6,-51.2 18.7,34.1 37,67.9 55,100zm53883.5 13829.8c5.2,75.4 -9.8,144 -102.6,122.7 -25.4,-6 -35.6,-79.7 -52.5,-122.7l155.1 0zm-70244.9 12945.9c17.9,-32.6 36.6,-66 55,-99.6 17.4,17.2 51.5,37.9 48.6,50.6 -8.1,36.5 -31.2,69.7 -48.6,103.9 -17.1,-16.9 -34.3,-34.2 -55,-54.9zm17644.1 -44.6c20.9,-20.7 38,-37.8 55.2,-55 17.1,34.3 40.1,67.2 48.1,103.8 3.1,12.7 -31,33.8 -48.1,51 -18.5,-33.9 -37.2,-67.3 -55.2,-99.8zm4676.1 -32.9c32.1,18 66.2,36.7 99.5,55 -17.1,17.1 -38,51.4 -50.5,48.7 -36.5,-8.4 -69.7,-31.6 -103.8,-48.7 16.7,-16.8 34.1,-34.1 54.8,-55zm-5494.3 -16837.4c-17.9,32.7 -36.6,65.9 -55.1,99.9 -17.3,-17.3 -51.6,-38.5 -48.5,-50.9 8,-36.8 31.2,-69.7 48.5,-104 17.2,17.3 34.3,34.3 55.1,55zm22309.4 -10975c-30.5,24.1 -69,73.3 -90.3,66.6 -59.9,-18.7 -69.8,-65.5 -28.6,-91.1 35,-22.2 78.9,-30 118.9,-44.3l0 68.8zm20994.1 16160.1c-32.5,-18.3 -65.9,-36.8 -99.9,-55.5 17.5,-16.9 38.3,-50.9 50.9,-48.3 36.8,8.1 69.7,31.4 103.8,48.3 -17.1,17.6 -34.1,34.8 -54.8,55.5zm-37886.7 -5140.4c-20.5,20.7 -38,37.9 -54.9,55.2 -17.4,-34.5 -40.4,-67.6 -48.2,-104.2 -3.3,-12.7 30.8,-33.6 48.2,-50.7 18.6,33.8 37.3,67.2 54.9,99.7zm2366.2 41744.1c20.7,-20.7 38,-38 55,-55.2 17.5,34.5 40.5,67.3 48.3,103.8 3.1,13.1 -30.8,33.6 -48.3,50.8 -18.7,-33.5 -37,-67.1 -55,-99.4zm14813.7 -35862.9c-20.8,20.9 -38.1,38.2 -54.8,55.2 -17.4,-34.3 -40.5,-67.5 -48.5,-104.2 -3,-12.5 31.1,-33.4 48.5,-50.4 18.5,33.7 36.9,66.8 54.8,99.4zm-6533.3 -17611.4c-32.3,-17.6 -66.1,-36.2 -99.5,-54.9 17.3,-17.2 38.3,-51.1 50.9,-48.6 36.1,8.3 69.7,31.4 103.4,48.6 -16.9,17.3 -33.7,34.4 -54.8,54.9zm-8976.7 0c-32.9,-17.6 -65.9,-36.2 -100,-54.9 17.4,-17.2 38.4,-51.1 51,-48.6 36.6,8.3 69.5,31.4 103.8,48.6 -16.9,17.3 -34.3,34.4 -54.8,54.9zm-11243.4 -1215.7c75.2,-5.3 144,9.8 122.6,102.5 -5.7,25.4 -79.9,35.2 -122.6,52.3l0 -154.8zm23812.6 19866c-18,32.4 -36.3,65.9 -54.8,99.9 -17.4,-17.4 -51.4,-38.5 -48.3,-51 8,-36.5 30.9,-69.6 48.3,-103.9 17.1,17.3 34.3,34.3 54.8,55zm-6013.6 18672.6c5.3,75.1 -10.1,143.7 -102.7,122.5 -25.3,-5.8 -35.2,-80.1 -52.1,-122.5l154.8 0zm2011.8 68.9c-30.2,24 -68.8,73.2 -89.7,66.5 -60.1,-18.7 -70.5,-65.6 -29.4,-90.8 35.2,-22.5 79.3,-30.5 119.1,-44.6l0 68.9zm30280.7 -46.8c20.5,20.9 37.7,38.1 54.8,55.2 -34.3,17.2 -67.3,40.1 -103.8,48.5 -12.7,2.7 -33.8,-31.3 -50.7,-48.5 33.6,-18.7 67,-37.4 99.7,-55.2zm-26101.7 15059.7c-30.7,24.1 -69,73.3 -90.4,66.6 -59.4,-18.5 -69.4,-65.2 -29.1,-90.8 35.6,-22.5 79.4,-30.3 119.5,-44.8l0 69zm-30412.7 -69c16.7,34.5 40.1,67.3 48.1,103.8 2.7,12.9 -31.4,33.8 -48.1,51.2 -17.4,-34.7 -40.3,-67.7 -48.3,-104.2 -3.1,-12.3 30.9,-33.4 48.3,-50.8zm-452 -32644.5c17.8,18 51,43.2 47.7,48.9 -18,33.7 -38.6,75.5 -69.9,90.6 -64.4,31.7 -96.7,0 -65.1,-65 15.4,-31.6 57.5,-50.1 87.3,-74.5zm15365.2 86.8c-20.7,20.9 -38,38.1 -55.4,55.7 -17.1,-34.8 -39.9,-67.8 -47.9,-104.2 -3.1,-12.8 30.8,-33.5 48.1,-50.8 18.5,33.6 37.4,67.2 55.2,99.3zm11166 -30.3c-30.7,23.6 -69.4,73.3 -90.4,66.6 -59.9,-18.7 -69.7,-65.3 -29.1,-91.3 35.4,-21.8 79.4,-30.1 119.5,-44.5l0 69.2zm-3305.4 -10925.7c-32.8,-17.9 -66,-36.1 -99.8,-54.8 17.2,-17.2 38.1,-51.4 50.8,-48.3 36.7,7.8 69.7,31.1 103.9,48.3 -16.9,17.3 -34.2,34.3 -54.9,54.8zm36117.2 42585.2c-107.5,3.6 -158.7,-47.8 -155,-154.7 107.3,-3.8 159,47.6 155,154.7zm-33288.9 -21733c-18,18 -43.2,50.8 -48.8,47.9 -33.6,-18.3 -75.2,-39 -90.6,-70.4 -31.8,-64.6 0,-96.4 65,-65.2 31.6,15.5 50.3,57.6 74.4,87.7zm14806.3 -9208.9c17.9,17.8 50.6,43.2 47.5,48.8 -17.9,33.8 -38.6,75.2 -70,90.6 -65,31.6 -96.6,-0.4 -65.2,-65.3 15.2,-31.3 57.5,-50 87.7,-74.1zm18117.9 119.6c-32.7,-17.6 -66.3,-36.3 -99.8,-55 17.2,-17.2 38.1,-51.4 51.1,-48.3 36.5,8 69.4,31.1 103.9,48.3 -17.6,16.9 -34.5,34.5 -55.2,55zm-32976.1 17834c18,17.8 50.6,43.1 47.4,48.9 -18.4,33.6 -38.7,75.3 -69.9,90.6 -64.6,31.5 -96.6,0 -65.4,-65.4 15.5,-31.2 57.8,-49.9 87.9,-74.1zm-29961.4 -16728.3c-4.2,-107.1 47.5,-158.8 154.6,-154.8 4.2,107.4 -47.5,158.8 -154.6,154.8zm67768.2 -55c-20.8,20.7 -37.5,38.1 -55,54.8 -17.4,-34.1 -40.3,-67.1 -48.3,-103.4 -3,-13.1 30.9,-34.2 48.3,-51 18.5,33.9 37.2,67.3 55,99.6zm1083.4 28588.3c-17.8,32.5 -36.5,65.9 -54.8,99.9 -17.4,-17.3 -51.7,-38 -48.7,-51.2 8.2,-36.3 31.3,-69.2 48.7,-103.5 17.1,16.9 34.1,34.3 54.8,54.8zm-24122.3 14.2c-30.5,24 -68.9,73.3 -90.2,66.6 -59.7,-18.5 -70.1,-65.5 -29,-91.3 35,-22 79.3,-29.9 119.2,-44.5l0 69.2zm-42321.9 85.7c-24.1,-30.5 -73.3,-69.4 -66.6,-90.2 18.5,-60.1 65.4,-69.9 91.2,-29.1 21.9,35 29.9,79.3 44.2,119.3l-68.8 0zm3783.5 -19897c-30.7,24.2 -69.1,73.6 -90.2,66.7 -59.5,-18.6 -70.1,-65.6 -29,-90.8 35,-22.5 79.1,-30.3 119.2,-44.7l0 68.8zm46728.8 21.3c-18,17.4 -43,51 -49,47.5 -33.6,-17.9 -75.2,-38.6 -90.6,-69.9 -31.4,-64.6 0.2,-96.5 65.3,-65.3 31.6,15.6 50,57.7 74.3,87.7zm-30532.7 19079.3c-32.5,-17.6 -66.1,-36.3 -99.7,-54.8 17.1,-17.5 38.1,-51.4 50.7,-48.5 36.8,8.2 69.7,31 103.8,48.5 -17.2,17.2 -34.1,34.1 -54.8,54.8zm-20375.1 22.5c-3.8,-106.9 47.7,-159 154.8,-154.7 4,107.1 -47.5,158.5 -154.8,154.7zm61887 -19092.2c-20.5,20.7 -37.8,37.8 -55,55.2 -17.3,-34.5 -40.1,-67.6 -48.3,-104.2 -2.9,-12.5 31,-33.8 48.3,-50.5 18.3,33.6 36.8,67.4 55,99.5zm-46874 -7769.4c-30.3,24 -69.2,73.2 -90.2,66.6 -60.1,-18.6 -69.9,-65.5 -29.1,-91.3 35.4,-21.7 79.2,-29.9 119.3,-44.4l0 69.1zm1393.1 0c-30.7,24 -69.2,73.2 -90.2,66.6 -59.9,-19 -69.9,-65.5 -28.9,-91.3 34.9,-21.7 79,-29.9 119.1,-44.4l0 69.1zm10292.3 -69.1c17.2,34.5 40.5,67.3 48.3,104 3,12.9 -31.1,33.7 -48.3,51 -17.3,-34.3 -40.1,-67.9 -48.3,-104 -2.9,-12.7 31,-33.4 48.3,-51zm5030.2 69.1c-30.5,24 -69,73.2 -90.2,66.6 -60.1,-19 -69.9,-65.5 -29.1,-91.3 35.1,-21.7 79,-29.9 119.3,-44.4l0 69.1zm27240.1 0c-30.7,24 -69.4,73.2 -90.4,66.6 -59.7,-18.6 -69.7,-65.5 -28.9,-91.3 35.1,-21.7 79,-29.9 119.3,-44.4l0 69.1zm-27339.7 16823.5c32.6,17.9 65.7,36.6 99.4,55.1 -17,17.1 -37.9,51.6 -50.4,48.5 -36.7,-8.3 -69.9,-31.4 -104.6,-48.5 17.4,-17 34.7,-33.9 55.6,-55.1zm8589.8 77.7c-20.5,20.5 -37.9,37.9 -55.1,54.8 -17.5,-34.3 -40.5,-67.4 -48.3,-103.9 -3.1,-12.7 30.8,-33.7 48.3,-51 18.5,34 37.2,67.4 55.1,100.1zm27317.4 23558c-20.6,-20.8 -37.9,-37.9 -55,-54.8 34.4,-17.4 67.4,-40.5 104.1,-48.6 12.7,-3 33.5,31.2 50.4,48.6 -33.6,18.5 -66.8,37.2 -99.5,54.8zm-19224.5 -53319.2c20.5,-20.9 38.1,-38 55,-55 17.2,34.1 40.3,67.3 48.1,103.4 3.1,13.3 -30.9,33.8 -48.1,51.2 -18.7,-33.6 -37.4,-67.3 -55,-99.6zm-39047.6 13974.1c-20.9,20.7 -38,37.9 -55.2,55 -16.9,-34.3 -40.1,-67.5 -48.3,-104 -2.3,-12.6 31.4,-33.4 48.7,-50.5 18.3,33.6 37,67 54.8,99.5zm16218.6 32.8c-32.5,-17.9 -66.1,-36.4 -100.1,-55 17.5,-17.2 38.5,-51.3 51,-48.4 36.5,8.1 69.6,31.2 103.9,48.4 -17.1,17.1 -34.3,34.3 -54.8,55zm15013 0c-32.9,-17.9 -65.9,-36.4 -100.2,-55 17.4,-17.2 38.5,-51.3 51.2,-48.4 36.6,8.1 69.5,31.2 104,48.4 -17.1,17.1 -34.5,34.3 -55,55zm21194.1 -120c17.8,18 50.9,43.1 47.6,49.1 -18.3,33.9 -38.7,75.3 -69.9,90.7 -64.4,31.4 -96.6,-0.3 -65.3,-65.3 15.4,-31.8 57.7,-49.9 87.6,-74.5zm-12759.1 24651.5c20.7,-20.5 38,-38 54.8,-54.8 17.3,34.3 40.7,67.1 48.7,103.4 2.7,13.1 -31.4,33.6 -48.7,51 -18.1,-33.7 -36.8,-67.3 -54.8,-99.6zm-11033.6 44.6c-20.6,20.7 -38,37.6 -55.2,55 -16.9,-34.3 -40,-67.3 -48.1,-103.8 -3.3,-12.5 31.2,-33.6 48.1,-51 18.7,33.9 37.2,67.3 55.2,99.8zm-29561.5 -44.8c-18,32.7 -36.4,65.9 -55.1,100 -17.2,-17.4 -51.3,-38.3 -48.1,-50.8 7.8,-36.9 30.9,-69.7 48.1,-104 16.9,17.2 34.4,34.3 55.1,54.8zm-4311.6 22.5c-33.9,17.1 -67,40.1 -103.8,48.3 -12.4,2.9 -33.6,-31.2 -50.7,-48.3 34.3,-17.2 67.5,-39.9 103.9,-48.5 12.5,-2.7 33.4,31.3 50.6,48.5zm-5007.5 55.2c-32.5,-18.2 -66.1,-36.3 -99.9,-55.4 17.6,-17 38.1,-50.8 50.8,-48.3 36.5,8.6 69.6,31.3 104.2,48.3 -17.2,17.5 -34.6,34.7 -55.1,55.4zm24130.6 -23812.9c-24,-30.5 -73.4,-69.2 -66.6,-90.3 18.6,-59.9 65.7,-69.9 91.3,-28.8 21.9,35.2 29.9,79.3 44.6,119.1l-69.3 0zm8404.3 -99.5c-17.9,32.1 -36.5,65.9 -54.8,99.5 -17.2,-16.9 -51.5,-38.2 -48.6,-50.7 8.1,-36.5 31.4,-69.5 48.6,-103.6 16.9,16.8 34,34.1 54.8,54.8zm1570.1 13.8c-30.7,23.9 -68.8,73.3 -90.4,66.4 -59.7,-18.5 -69.7,-65.5 -28.7,-91.1 34.9,-22 78.8,-30 119.1,-44.1l0 68.8zm1328.3 -56.5c18.1,18 50.6,43.4 47.7,48.9 -18,33.9 -38.8,75.1 -69.9,90.7 -65.1,31.6 -96.6,0 -65.5,-65 15.6,-31.6 57.7,-50.3 87.7,-74.6zm3779.3 56.5c-30.7,23.9 -69,73.3 -90.4,66.4 -59.6,-18.5 -69.7,-65.5 -28.9,-91.1 35.4,-22 79,-30 119.3,-44.1l0 68.8zm-20275.1 15872.7c-4.2,-107.4 47.6,-158.8 154.3,-155 4,107.3 -47.6,158.8 -154.3,155zm-8357.9 -30576.1c-30.7,23.8 -69.5,73.4 -90.2,66.7 -59.9,-18.5 -70.1,-65.7 -29.1,-91.2 35.1,-22.1 78.8,-30.1 119.3,-44.4l0 68.9zm5042.6 21611.9c18,18 51,43.2 47.9,48.9 -18.3,33.5 -38.8,75.1 -70.4,90.5 -64.3,31.6 -96.4,-0.3 -64.8,-65 15.4,-31.5 57.3,-50.2 87.3,-74.4zm20904.1 9.6c20.8,20.7 38.1,38 55,54.9 -34.2,17.4 -67.6,40.6 -103.9,48.4 -12.7,2.9 -33.5,-31 -51,-48.4 33.8,-18.6 67.4,-36.9 99.9,-54.9zm27449.7 15833.6c-30.5,23.8 -68.8,73 -90,66.6 -59.7,-18.5 -69.7,-65.5 -29.1,-91.1 35.2,-22.2 79.4,-30.3 119.1,-44.5l0 69zm-12746.2 -46.7c20.5,20.4 37.9,38 55,55 -34.5,17.3 -67.4,40.3 -104,48.1 -12.7,3.3 -33.4,-30.8 -50.7,-48.1 33.8,-18.7 67.4,-37.4 99.7,-55zm-12691.3 110c-32.6,-17.9 -66,-36.6 -100,-54.8 17.3,-17.4 38.5,-51.2 51,-48.8 36.7,8.2 69.6,31.4 103.9,48.8 -17.1,16.9 -34.3,34 -54.9,54.8zm-4897.7 -3692c-107.4,3.9 -159,-47.7 -155,-154.8 107.5,-4.2 159,47.4 155,154.8zm-7351.6 2785.7c17.2,34.3 40.1,67.3 48.3,104 2.7,12.7 -31.1,33.6 -48.3,50.8 -17.3,-34.1 -40.5,-67.5 -48.7,-103.8 -2.9,-12.7 31.4,-33.6 48.7,-51zm-20452.5 132.3c-20.5,-20.3 -37.9,-37.8 -55.3,-55.2 34.8,-16.9 67.5,-39.8 104.2,-47.9 12.7,-2.7 33.4,31 50.8,47.9 -33.8,19.1 -67.4,37.4 -99.7,55.2zm-2896.1 0c-32.7,-17.8 -65.9,-36.1 -99.9,-54.8 17.3,-17.3 38.3,-51 51.2,-48.3 36.5,8.1 69.4,31 103.7,48.3 -17.1,17 -34.3,34.5 -55,54.8zm65623.6 -1193.2c20.9,20.7 37.8,37.9 55,54.8 -34.1,17.4 -67.1,40.5 -103.6,48.5 -12.9,3.1 -33.8,-31.1 -51,-48.5 33.7,-18.5 67.5,-36.8 99.6,-54.8zm-28710.3 15864.2c18,-32.3 36.7,-65.9 55,-99.7 17.3,17.1 51.4,38 48.7,50.5 -8.4,37 -31.4,69.7 -48.7,104 -17,-16.9 -34.3,-34.3 -55,-54.8zm-7206.8 -87.3c18,18 51.2,43.2 47.6,49 -17.8,33.8 -38.5,75.3 -69.7,90.8 -65,31.4 -96.6,-0.4 -65,-65.4 15.2,-31.6 57.2,-49.9 87.1,-74.4zm21655.8 -16882.8c17.3,34.1 40.1,67.3 48.3,103.8 2.9,13.1 -31,34 -48.3,51 -16.9,-34.5 -40.3,-67.5 -48.3,-103.8 -3,-12.7 31.4,-33.8 48.3,-51zm-24079.8 -33650.3c-17.9,17.8 -43.2,50.6 -49,47.5 -33.6,-17.9 -75.3,-38.8 -90.4,-70 -31.8,-64.5 0.2,-96.8 65.2,-64.8 31.4,15.2 49.9,57.1 74.2,87.3zm18530.2 49459.5c20.7,20.7 38,37.9 55.2,55.2 -34.1,17.2 -67.5,39.9 -103.8,48.3 -12.5,2.7 -33.6,-31.1 -50.9,-48.3 33.6,-18.5 67.2,-37.2 99.5,-55.2zm-14571 -22.3c17.5,34.7 40.3,67.1 48.5,103.8 2.9,12.9 -31,33.8 -48.5,51 -17.2,-34.3 -40.3,-67.7 -48.1,-104 -3.1,-12.5 31.1,-33.4 48.1,-50.8zm-28920.3 -34491.9c20.7,20.5 38.1,37.9 55.4,55 -34.7,17.1 -67.6,40.1 -104.2,48.6 -12.7,2.4 -33.2,-31.5 -50.7,-48.6 33.6,-18.7 67.4,-37 99.5,-55zm58335.7 33873c-23.8,-30.8 -73.2,-69.5 -66.4,-90.2 18.7,-60.1 65.1,-70.1 90.7,-29 22,34.8 30.5,78.8 44.7,119.2l-69 0zm-28951 -154.8c17.4,34.3 40.3,67 48.3,103.8 3.1,12.6 -30.9,33.8 -48.3,50.7 -17.3,-34.3 -40.1,-67.4 -48.5,-103.9 -2.7,-12.7 31.2,-33.5 48.5,-50.6zm-4897.7 -32557.7c-20.5,20.7 -38,38.1 -55,55.4 -17.1,-34.7 -40.1,-67.7 -48.3,-104 -2.9,-12.9 31.2,-34 48.3,-50.9 18.7,33.6 36.8,67.2 55,99.5zm5417.1 -44.5c-18,32.4 -36.4,66.1 -54.9,99.7 -17.4,-17.1 -51.3,-38.3 -48.8,-51 8.5,-36.3 31.4,-69 48.8,-103.8 16.9,17.2 34.2,34.8 54.9,55.1zm-26972.7 7696.2c17.9,17.7 50.8,43.3 47.4,49.1 -18.4,33.4 -38.5,75.1 -69.9,90.5 -65,31.6 -96.4,-0.3 -65.4,-65.3 16,-31.6 58.1,-49.9 87.9,-74.3zm3646.8 87.2c17.8,-32.3 36.1,-66.1 54.8,-99.9 17.2,17.3 51.2,38.2 48.3,50.9 -8,36.3 -31.1,69.9 -48.3,103.8 -16.9,-17.2 -34.3,-33.9 -54.8,-54.8zm15231 54.8c-23.6,-30.3 -73.2,-69.2 -66.6,-90 18.7,-60.1 65.5,-69.9 91.1,-29.1 22.2,35.1 30,79.4 44.5,119.1l-69 0zm21822.8 0c-23.4,-30.3 -73.1,-69.2 -66.6,-90 19.1,-60.1 65.7,-69.9 91.5,-29.1 21.9,35.1 29.8,79.4 44.5,119.1l-69.4 0zm-43422 22596.9c5.5,75.5 -9.9,143.9 -102.5,122.9 -25.3,-5.7 -35.2,-80.1 -52.3,-122.9l154.8 0zm27794.5 -14690.7c18,18 50.5,43.4 47.6,49.1 -17.8,33.5 -38.7,75.1 -70.1,90.5 -64.6,31.5 -96.6,-0.3 -65.2,-65.3 15.3,-31.6 57.8,-49.9 87.7,-74.3zm-14084.5 -34823.9c18,18 51,43.2 47.8,48.9 -18.2,33.7 -38.7,75.3 -70.1,90.5 -64.8,31.6 -96.6,-0.3 -65.2,-65.1 15.1,-31.8 57.6,-50.1 87.5,-74.3zm-4578.4 56.5c-30.7,23.9 -69.1,73.1 -90.2,66.6 -59.9,-19.1 -69.7,-65.5 -29,-91.3 35.3,-22 79.1,-30 119.2,-44.7l0 69.4zm-6410.2 -56.5c17.4,18 50.8,43.2 47.4,48.9 -18,33.7 -38.5,75.3 -69.9,90.5 -65,31.6 -96.4,-0.3 -65.4,-65.1 16,-31.8 57.7,-50.1 87.9,-74.3zm-7309.4 119.7c-20.9,-20.6 -37.9,-37.4 -55.4,-55.2 34.5,-16.9 67.8,-40.3 104.2,-48.3 12.7,-2.6 33.4,31.4 50.7,48.3 -33.6,19 -67.2,37.4 -99.5,55.2zm-3525 -119.7c18,18 51,43.2 47.8,48.9 -18.2,33.7 -38.7,75.3 -69.9,90.5 -64.6,31.6 -96.8,-0.3 -65,-65.1 14.7,-31.8 57.2,-50.1 87.1,-74.3zm64902.1 48830.9c-18,18 -43.2,50.5 -49,47.8 -33.6,-18.6 -75.4,-38.7 -90.4,-70.3 -31.8,-64.8 0.3,-96.6 65,-65 31.5,15.5 50.2,57.6 74.4,87.5zm-32854.3 -43603.5c-32.9,-17.8 -65.9,-36.7 -99.7,-55 16.9,-17.4 38,-51.4 50.7,-48.6 36.6,8.3 69.5,31.2 104,48.6 -17.1,17.1 -34.5,34.3 -55,55zm14229.3 43526.2c18,17.6 51.2,42.8 47.8,49 -18,33.6 -38.7,75.3 -69.7,90.4 -64.8,31.8 -96.8,-0.2 -65.6,-65 15.3,-31.9 57.6,-50.6 87.5,-74.4zm-8779.6 42.3c-17.9,32.8 -36.6,65.9 -55.1,99.6 -17.1,-17 -51.1,-38.3 -48.3,-50.6 8,-36.7 31.2,-69.7 48.3,-104.4 17.2,17.4 34.3,34.7 55.1,55.4zm2950.5 -43611c-18,17.8 -43.4,50.5 -49,47.6 -33.8,-18 -75.4,-38.5 -90.6,-69.9 -31.6,-64.8 0.3,-96.6 65.5,-65.2 31.4,15.3 49.8,57.4 74.1,87.5zm-10202.3 43710.8l-154.8 0c-5.7,-75.3 9.6,-143.9 102.4,-123.1 25.4,6 35.2,80.3 52.4,123.1zm-13488 -55c-20.5,20.5 -37.9,37.6 -54.8,54.8 -17.4,-34.3 -40.3,-67.1 -48.4,-103.6 -2.8,-12.9 31,-34 48.4,-51.2 18.5,33.9 36.9,67.2 54.8,100zm-5107.3 0c-20.7,20.5 -37.8,37.8 -55.2,54.8 -16.9,-34.3 -40.1,-67.1 -48.3,-103.6 -2.7,-12.9 31.4,-34 48.3,-51 18.7,33.7 37.2,67 55.2,99.8zm45315.9 -43613.3c-32.4,-18.1 -65.9,-36.3 -99.7,-55 17.1,-17.4 38.3,-51.7 50.6,-48.6 36.5,8.3 69.7,31.2 104.1,48.6 -17.1,17.1 -34.4,34.3 -55,55zm309.6 0c-32.6,-18.1 -66.2,-36.3 -99.6,-55 17.2,-17.4 37.9,-51.4 50.6,-48.6 36.3,7.9 69.6,31.2 103.9,48.6 -16.9,17.1 -34.3,34.3 -54.9,55zm2818.3 -77.5c-17.8,32.5 -36.1,65.9 -54.8,99.7 -17.2,-17.5 -51.4,-38.2 -48.6,-51.1 8.3,-36.3 31.4,-69.3 48.6,-103.6 17.1,17.1 34.5,34.3 54.8,55zm-61289.9 14748.2c-20.7,20.5 -38.1,38.1 -55.2,54.8 -17.1,-34.3 -40.1,-67.2 -48.3,-103.8 -2.7,-12.8 31.2,-33.6 48.7,-50.7 18.5,33.6 37.2,67.2 54.8,99.7zm39157.6 0c-20.7,20.5 -37.6,38.1 -55,55.2 -17.2,-34.7 -40.7,-67.6 -48.7,-104.2 -2.9,-12.8 31.5,-33.6 48.7,-50.7 18.7,33.6 37,67.2 55,99.7zm10469.5 -20684.8c17.2,34.3 40.5,67.7 48.3,103.8 3,13.3 -31.1,34.1 -48.3,51.2 -17.1,-34.5 -40.5,-67.5 -48.3,-103.8 -3.1,-12.7 30.8,-33.8 48.3,-51.2zm-13133.5 132.5c-32.1,-17.6 -66.2,-36.3 -100,-54.8 17.4,-17.5 38.5,-51.4 51,-48.3 36.9,7.8 69.5,30.8 104.2,48.3 -17.2,17.2 -34.7,34.3 -55.2,54.8zm-12326.7 28578c-34.3,17.4 -67.3,40.4 -104,48.2 -12.5,3.1 -33.8,-30.8 -50.7,-48.2 34.5,-16.9 67.4,-40.2 103.9,-48.5 12.9,-2.6 33.4,31.2 50.8,48.5zm31651.1 -77.2c17.4,34.1 40.5,67.4 48.3,103.8 2.9,12.6 -30.9,33.6 -48.3,50.9 -17.2,-34.5 -40.5,-67.6 -48.3,-103.9 -2.7,-12.9 31.1,-33.9 48.3,-50.8zm14626.2 154.7c-4.2,-107.3 47.7,-158.9 154.3,-154.7 4.2,106.9 -47.4,158.8 -154.3,154.7zm-47383 -21723.2c-20.7,20.5 -37.9,37.8 -55.4,55 -16.8,-34.5 -40.1,-67.5 -48.3,-104 -2.7,-12.7 31.5,-33.8 48.3,-51 18.7,33.8 37.4,67.7 55.4,100zm13418.6 55c-24.1,-30.5 -73.1,-69.3 -66.6,-90.2 18.7,-59.9 65.7,-70.1 91.1,-29 22,35.4 30.2,78.9 44.7,119.2l-69.2 0zm17790.5 -155c17.2,34.3 40.3,67.7 48.3,104 3.2,12.9 -31.3,34 -48.3,51 -17.1,-34.5 -40.1,-67.5 -48.7,-103.8 -2.5,-12.9 31.6,-33.8 48.7,-51.2zm2608.8 22.5c32.3,18 65.9,36.7 99.8,55 -17.6,17.3 -38.1,51.2 -50.8,48.5 -36.9,-7.8 -69.7,-31.2 -104,-48.5 17,-17.1 34.3,-34.1 55,-55zm2211.4 110.2c-32.7,-18 -65.9,-36.7 -99.9,-55.2 17.3,-17.1 38.3,-51.5 51.2,-48.3 36.5,7.8 69.4,31.2 103.9,48.3 -17.3,17.3 -34.5,34.5 -55.2,55.2zm309.7 -110.2c20.5,20.9 37.6,37.9 55,55 -34.5,17.3 -67.4,40.7 -103.9,48.5 -12.7,2.7 -33.9,-31.2 -51,-48.5 34,-18.3 67.4,-37 99.9,-55zm618.8 0c20.9,20.9 38.3,37.9 55,55 -34.1,17.3 -67.1,40.7 -103.8,48.5 -12.5,2.7 -33.6,-31.2 -50.5,-48.5 33.4,-18.3 67,-37 99.3,-55zm-32137.4 -8001.5c-30.7,24.1 -69.2,73.5 -90.4,66.6 -59.6,-18.5 -69.9,-65.6 -29.1,-91.1 35.4,-22.2 79.4,-30.5 119.5,-44.7l0 69.2zm-9960.6 49590.7c-32.7,-17.6 -65.9,-36.4 -99.7,-54.8 17.1,-17.4 37.9,-51.2 50.8,-48.3 36.5,7.8 69.5,30.9 103.9,48.3 -17.1,17.1 -34.4,34.3 -55,54.8zm-6158.3 -44806.7c-18.2,32.4 -36.3,65.9 -55,99.5 -17.3,-17.2 -51.2,-37.9 -48.3,-50.6 8.2,-36.7 31,-69.4 48.3,-104.2 17,17.4 34.3,34.8 55,55.3zm3362.7 3981.6c17.6,17.9 50.8,43.2 47.5,49 -17.9,33.6 -38.6,75.3 -70,90.6 -64.5,31.6 -96.4,-0.4 -65.2,-65 15.4,-31.6 57.7,-50.3 87.7,-74.6zm16405.9 0c18,17.9 50.8,43.2 47.9,49 -18.3,33.6 -39.2,75.3 -70.4,90.6 -64.5,31.6 -96.4,-0.4 -65.4,-65 16,-31.6 57.9,-50.3 87.9,-74.6zm429.3 120c-20.5,-20.7 -37.8,-38 -54.8,-55 34.3,-17.5 67.1,-40.5 103.8,-48.3 12.7,-3.3 33.8,30.8 50.5,48.3 -33.4,18.3 -67.2,36.8 -99.5,55zm5030.2 -32.5c-20.7,20.3 -37.7,37.7 -55.1,54.8 -17.3,-34.5 -40.2,-67.5 -48.2,-104 -2.9,-12.7 30.9,-33.8 48.2,-51 18.5,33.7 37.4,67.3 55.1,100.2zm19888.3 32.5c-20.7,-20.7 -38,-38 -55,-55 34.3,-17.5 67.1,-40.5 104,-48.3 12.7,-3.3 33.6,30.8 50.8,48.3 -33.9,18.3 -67.2,36.8 -99.8,55zm7915.7 -132.6c17.2,34.4 40.3,67.4 48.2,103.9 3.1,12.7 -31,33.7 -48.2,51.2 -16.9,-34.9 -40.3,-67.9 -48.3,-104.4 -2.9,-12.7 31.4,-33.4 48.3,-50.7zm-6478.2 -10657.1c20.5,20.7 37.8,37.9 55.4,55.2 -34.9,17 -67.5,40.4 -104.2,48.4 -12.7,3.1 -33.8,-31.4 -50.7,-48.4 33.6,-18.6 67.4,-37.3 99.5,-55.2z">
   <metadata id="CorelCorpID_2">
    <xodm:odm xodm:name="FillColor" xodm:value="B" xodm:type="0"/>
   </metadata>
  </path>
 </g>
</svg>
